{
    "1001": {
        "name": "",
        "clearRewardId": 1
    },
    "1002": {
        "name": "",
        "clearRewardId": 1,
        "sPlusRewardId": 1,
        "scoreRewardGroup": 2717,
        "bRankTime": 807000,
        "aRankTime": 604500,
        "sRankTime": 402000,
        "sPlusRankTime": 240000,
        "rankPointReward": 27,
        "characterExpReward": 112,
        "manaReward": 80,
        "poolExpReward": 112
    },
    "1003": {
        "name": "",
        "clearRewardId": 1
    },
    "1004": {
        "name": "",
        "clearRewardId": 1,
        "sPlusRewardId": 1,
        "scoreRewardGroup": 2718,
        "bRankTime": 921000,
        "aRankTime": 688500,
        "sRankTime": 456000,
        "sPlusRankTime": 270000,
        "rankPointReward": 250,
        "characterExpReward": 400,
        "manaReward": 200,
        "poolExpReward": 400
    },
    "1005": {
        "name": "",
        "clearRewardId": 31,
        "sPlusRewardId": 1,
        "scoreRewardGroup": 2719,
        "bRankTime": 1210000,
        "aRankTime": 885000,
        "sRankTime": 560000,
        "sPlusRankTime": 300000,
        "rankPointReward": 509,
        "characterExpReward": 1400,
        "manaReward": 280,
        "poolExpReward": 1400
    },
    "2001": {
        "name": "",
        "clearRewardId": 1
    },
    "2002": {
        "name": "",
        "clearRewardId": 1,
        "sPlusRewardId": 1,
        "scoreRewardGroup": 2817,
        "bRankTime": 807000,
        "aRankTime": 604500,
        "sRankTime": 402000,
        "sPlusRankTime": 240000,
        "rankPointReward": 27,
        "characterExpReward": 112,
        "manaReward": 80,
        "poolExpReward": 112
    },
    "2003": {
        "name": "",
        "clearRewardId": 1
    },
    "2004": {
        "name": "",
        "clearRewardId": 1,
        "sPlusRewardId": 1,
        "scoreRewardGroup": 2818,
        "bRankTime": 921000,
        "aRankTime": 688500,
        "sRankTime": 456000,
        "sPlusRankTime": 270000,
        "rankPointReward": 250,
        "characterExpReward": 400,
        "manaReward": 200,
        "poolExpReward": 400
    },
    "2005": {
        "name": "",
        "clearRewardId": 31,
        "sPlusRewardId": 1,
        "scoreRewardGroup": 2819,
        "bRankTime": 1219000,
        "aRankTime": 901500,
        "sRankTime": 584000,
        "sPlusRankTime": 330000,
        "rankPointReward": 509,
        "characterExpReward": 1400,
        "manaReward": 280,
        "poolExpReward": 1400
    },
    "3001": {
        "name": "",
        "clearRewardId": 1
    },
    "3002": {
        "name": "",
        "clearRewardId": 1,
        "sPlusRewardId": 1,
        "scoreRewardGroup": 2917,
        "bRankTime": 807000,
        "aRankTime": 604500,
        "sRankTime": 402000,
        "sPlusRankTime": 240000,
        "rankPointReward": 27,
        "characterExpReward": 112,
        "manaReward": 240,
        "poolExpReward": 112
    },
    "3003": {
        "name": "",
        "clearRewardId": 1
    },
    "3004": {
        "name": "",
        "clearRewardId": 1,
        "sPlusRewardId": 1,
        "scoreRewardGroup": 2918,
        "bRankTime": 930000,
        "aRankTime": 705000,
        "sRankTime": 480000,
        "sPlusRankTime": 300000,
        "rankPointReward": 250,
        "characterExpReward": 400,
        "manaReward": 600,
        "poolExpReward": 400
    },
    "3005": {
        "name": "",
        "clearRewardId": 31,
        "sPlusRewardId": 1,
        "scoreRewardGroup": 2919,
        "bRankTime": 1228000,
        "aRankTime": 918000,
        "sRankTime": 608000,
        "sPlusRankTime": 360000,
        "rankPointReward": 509,
        "characterExpReward": 1400,
        "manaReward": 840,
        "poolExpReward": 1400
    },
    "4001": {
        "name": "",
        "clearRewardId": 1
    },
    "4002": {
        "name": "",
        "clearRewardId": 1,
        "sPlusRewardId": 1,
        "scoreRewardGroup": 2921,
        "bRankTime": 798000,
        "aRankTime": 588000,
        "sRankTime": 378000,
        "sPlusRankTime": 210000,
        "rankPointReward": 27,
        "characterExpReward": 112,
        "manaReward": 240,
        "poolExpReward": 112
    },
    "4003": {
        "name": "",
        "clearRewardId": 1
    },
    "4004": {
        "name": "",
        "clearRewardId": 1,
        "sPlusRewardId": 1,
        "scoreRewardGroup": 2922,
        "bRankTime": 912000,
        "aRankTime": 672000,
        "sRankTime": 432000,
        "sPlusRankTime": 240000,
        "rankPointReward": 250,
        "characterExpReward": 400,
        "manaReward": 600,
        "poolExpReward": 400
    },
    "4005": {
        "name": "",
        "clearRewardId": 31,
        "sPlusRewardId": 1,
        "scoreRewardGroup": 2923,
        "bRankTime": 1201000,
        "aRankTime": 868500,
        "sRankTime": 536000,
        "sPlusRankTime": 270000,
        "rankPointReward": 509,
        "characterExpReward": 1400,
        "manaReward": 840,
        "poolExpReward": 1400
    },
    "5001": {
        "name": "",
        "clearRewardId": 1
    },
    "5002": {
        "name": "",
        "clearRewardId": 1,
        "sPlusRewardId": 1,
        "scoreRewardGroup": 2925,
        "bRankTime": 807000,
        "aRankTime": 604500,
        "sRankTime": 402000,
        "sPlusRankTime": 240000,
        "rankPointReward": 27,
        "characterExpReward": 112,
        "manaReward": 240,
        "poolExpReward": 112
    },
    "5003": {
        "name": "",
        "clearRewardId": 1,
        "sPlusRewardId": 1,
        "scoreRewardGroup": 2926,
        "bRankTime": 921000,
        "aRankTime": 688500,
        "sRankTime": 456000,
        "sPlusRankTime": 270000,
        "rankPointReward": 250,
        "characterExpReward": 400,
        "manaReward": 600,
        "poolExpReward": 400
    },
    "5004": {
        "name": "",
        "clearRewardId": 31,
        "sPlusRewardId": 1,
        "scoreRewardGroup": 2927,
        "bRankTime": 1219000,
        "aRankTime": 901500,
        "sRankTime": 584000,
        "sPlusRankTime": 330000,
        "rankPointReward": 509,
        "characterExpReward": 1400,
        "manaReward": 840,
        "poolExpReward": 1400
    },
    "6001": {
        "name": "",
        "clearRewardId": 1
    },
    "6002": {
        "name": "",
        "clearRewardId": 1,
        "sPlusRewardId": 1,
        "scoreRewardGroup": 2821,
        "bRankTime": 807000,
        "aRankTime": 604500,
        "sRankTime": 402000,
        "sPlusRankTime": 240000,
        "rankPointReward": 47,
        "characterExpReward": 117,
        "manaReward": 390,
        "poolExpReward": 117
    },
    "6003": {
        "name": "",
        "clearRewardId": 1,
        "sPlusRewardId": 1,
        "scoreRewardGroup": 2822,
        "bRankTime": 921000,
        "aRankTime": 688500,
        "sRankTime": 456000,
        "sPlusRankTime": 270000,
        "rankPointReward": 290,
        "characterExpReward": 410,
        "manaReward": 900,
        "poolExpReward": 410
    },
    "6004": {
        "name": "",
        "clearRewardId": 31,
        "sPlusRewardId": 1,
        "scoreRewardGroup": 2823,
        "bRankTime": 1219000,
        "aRankTime": 901500,
        "sRankTime": 584000,
        "sPlusRankTime": 330000,
        "rankPointReward": 569,
        "characterExpReward": 1415,
        "manaReward": 1290,
        "poolExpReward": 1415
    },
    "6005": {
        "name": "",
        "clearRewardId": 31,
        "sPlusRewardId": 1,
        "scoreRewardGroup": 2824,
        "bRankTime": 1368000,
        "aRankTime": 1008000,
        "sRankTime": 648000,
        "sPlusRankTime": 360000,
        "rankPointReward": 1013,
        "characterExpReward": 2435,
        "manaReward": 2490,
        "poolExpReward": 2435
    },
    "7001": {
        "name": "",
        "clearRewardId": 1
    },
    "7002": {
        "name": "",
        "clearRewardId": 1,
        "sPlusRewardId": 1,
        "scoreRewardGroup": 2825,
        "bRankTime": 807000,
        "aRankTime": 604500,
        "sRankTime": 402000,
        "sPlusRankTime": 240000,
        "rankPointReward": 47,
        "characterExpReward": 117,
        "manaReward": 390,
        "poolExpReward": 117
    },
    "7003": {
        "name": "",
        "clearRewardId": 1,
        "sPlusRewardId": 1,
        "scoreRewardGroup": 2826,
        "bRankTime": 930000,
        "aRankTime": 705000,
        "sRankTime": 480000,
        "sPlusRankTime": 300000,
        "rankPointReward": 290,
        "characterExpReward": 410,
        "manaReward": 900,
        "poolExpReward": 410
    },
    "7004": {
        "name": "",
        "clearRewardId": 31,
        "sPlusRewardId": 1,
        "scoreRewardGroup": 2827,
        "bRankTime": 1228000,
        "aRankTime": 918000,
        "sRankTime": 608000,
        "sPlusRankTime": 360000,
        "rankPointReward": 569,
        "characterExpReward": 1415,
        "manaReward": 1290,
        "poolExpReward": 1415
    },
    "7005": {
        "name": "",
        "clearRewardId": 31,
        "sPlusRewardId": 1,
        "scoreRewardGroup": 2828,
        "bRankTime": 1316000,
        "aRankTime": 996000,
        "sRankTime": 676000,
        "sPlusRankTime": 420000,
        "rankPointReward": 1013,
        "characterExpReward": 2435,
        "manaReward": 2490,
        "poolExpReward": 2435
    },
    "9001": {
        "name": "",
        "clearRewardId": 1
    },
    "9002": {
        "name": "",
        "clearRewardId": 1
    },
    "9003": {
        "name": "",
        "clearRewardId": 1,
        "sPlusRewardId": 1,
        "scoreRewardGroup": 2829,
        "bRankTime": 816000,
        "aRankTime": 621000,
        "sRankTime": 426000,
        "sPlusRankTime": 270000,
        "rankPointReward": 47,
        "characterExpReward": 117,
        "manaReward": 390,
        "poolExpReward": 117
    },
    "9004": {
        "name": "",
        "clearRewardId": 1
    },
    "9005": {
        "name": "",
        "clearRewardId": 1,
        "sPlusRewardId": 1,
        "scoreRewardGroup": 2830,
        "bRankTime": 930000,
        "aRankTime": 705000,
        "sRankTime": 480000,
        "sPlusRankTime": 300000,
        "rankPointReward": 290,
        "characterExpReward": 410,
        "manaReward": 900,
        "poolExpReward": 410
    },
    "9006": {
        "name": "",
        "clearRewardId": 1
    },
    "9007": {
        "name": "",
        "clearRewardId": 31,
        "sPlusRewardId": 1,
        "scoreRewardGroup": 2831,
        "bRankTime": 1149000,
        "aRankTime": 856500,
        "sRankTime": 564000,
        "sPlusRankTime": 330000,
        "rankPointReward": 569,
        "characterExpReward": 1415,
        "manaReward": 1290,
        "poolExpReward": 1415
    },
    "9008": {
        "name": "",
        "clearRewardId": 31,
        "sPlusRewardId": 1,
        "scoreRewardGroup": 2832,
        "bRankTime": 1228000,
        "aRankTime": 918000,
        "sRankTime": 608000,
        "sPlusRankTime": 360000,
        "rankPointReward": 1013,
        "characterExpReward": 2435,
        "manaReward": 2490,
        "poolExpReward": 2435
    },
    "10001": {
        "name": "",
        "clearRewardId": 1
    },
    "10002": {
        "name": "",
        "clearRewardId": 1,
        "sPlusRewardId": 1,
        "scoreRewardGroup": 2833,
        "bRankTime": 807000,
        "aRankTime": 604500,
        "sRankTime": 402000,
        "sPlusRankTime": 240000,
        "rankPointReward": 47,
        "characterExpReward": 117,
        "manaReward": 390,
        "poolExpReward": 117
    },
    "10003": {
        "name": "",
        "clearRewardId": 1,
        "sPlusRewardId": 1,
        "scoreRewardGroup": 2834,
        "bRankTime": 921000,
        "aRankTime": 688500,
        "sRankTime": 456000,
        "sPlusRankTime": 270000,
        "rankPointReward": 290,
        "characterExpReward": 410,
        "manaReward": 900,
        "poolExpReward": 410
    },
    "10004": {
        "name": "",
        "clearRewardId": 31,
        "sPlusRewardId": 1,
        "scoreRewardGroup": 2835,
        "bRankTime": 1210000,
        "aRankTime": 885000,
        "sRankTime": 560000,
        "sPlusRankTime": 300000,
        "rankPointReward": 569,
        "characterExpReward": 1415,
        "manaReward": 1290,
        "poolExpReward": 1415
    },
    "10005": {
        "name": "",
        "clearRewardId": 31,
        "sPlusRewardId": 1,
        "scoreRewardGroup": 2836,
        "bRankTime": 1359000,
        "aRankTime": 991500,
        "sRankTime": 624000,
        "sPlusRankTime": 330000,
        "rankPointReward": 1013,
        "characterExpReward": 2435,
        "manaReward": 2490,
        "poolExpReward": 2435
    },
    "11001": {
        "name": "",
        "clearRewardId": 1,
        "sPlusRewardId": 1,
        "scoreRewardGroup": 2837,
        "bRankTime": 807000,
        "aRankTime": 604500,
        "sRankTime": 402000,
        "sPlusRankTime": 240000,
        "rankPointReward": 47,
        "characterExpReward": 117,
        "manaReward": 390,
        "poolExpReward": 117
    },
    "11002": {
        "name": "",
        "clearRewardId": 1,
        "sPlusRewardId": 1,
        "scoreRewardGroup": 2838,
        "bRankTime": 921000,
        "aRankTime": 688500,
        "sRankTime": 456000,
        "sPlusRankTime": 270000,
        "rankPointReward": 290,
        "characterExpReward": 410,
        "manaReward": 900,
        "poolExpReward": 410
    },
    "11003": {
        "name": "",
        "clearRewardId": 31,
        "sPlusRewardId": 1,
        "scoreRewardGroup": 2839,
        "bRankTime": 1210000,
        "aRankTime": 885000,
        "sRankTime": 560000,
        "sPlusRankTime": 300000,
        "rankPointReward": 569,
        "characterExpReward": 1415,
        "manaReward": 1290,
        "poolExpReward": 1415
    },
    "11004": {
        "name": "",
        "clearRewardId": 31,
        "sPlusRewardId": 1,
        "scoreRewardGroup": 2840,
        "bRankTime": 1289000,
        "aRankTime": 946500,
        "sRankTime": 604000,
        "sPlusRankTime": 330000,
        "rankPointReward": 1013,
        "characterExpReward": 2435,
        "manaReward": 2490,
        "poolExpReward": 2435
    },
    "12001": {
        "name": "",
        "clearRewardId": 1
    },
    "12002": {
        "name": "",
        "clearRewardId": 1,
        "sPlusRewardId": 1,
        "scoreRewardGroup": 2841,
        "bRankTime": 807000,
        "aRankTime": 604500,
        "sRankTime": 402000,
        "sPlusRankTime": 240000,
        "rankPointReward": 47,
        "characterExpReward": 117,
        "manaReward": 390,
        "poolExpReward": 117
    },
    "12003": {
        "name": "",
        "clearRewardId": 1,
        "sPlusRewardId": 1,
        "scoreRewardGroup": 2842,
        "bRankTime": 921000,
        "aRankTime": 688500,
        "sRankTime": 456000,
        "sPlusRankTime": 270000,
        "rankPointReward": 290,
        "characterExpReward": 410,
        "manaReward": 900,
        "poolExpReward": 410
    },
    "12004": {
        "name": "",
        "clearRewardId": 31,
        "sPlusRewardId": 1,
        "scoreRewardGroup": 2843,
        "bRankTime": 1219000,
        "aRankTime": 901500,
        "sRankTime": 584000,
        "sPlusRankTime": 330000,
        "rankPointReward": 569,
        "characterExpReward": 1415,
        "manaReward": 1290,
        "poolExpReward": 1415
    },
    "12005": {
        "name": "",
        "clearRewardId": 31,
        "sPlusRewardId": 1,
        "scoreRewardGroup": 2844,
        "bRankTime": 1368000,
        "aRankTime": 1008000,
        "sRankTime": 648000,
        "sPlusRankTime": 360000,
        "rankPointReward": 1013,
        "characterExpReward": 2435,
        "manaReward": 2490,
        "poolExpReward": 2435
    },
    "13001": {
        "name": "",
        "clearRewardId": 1
    },
    "13002": {
        "name": "",
        "clearRewardId": 1,
        "sPlusRewardId": 1,
        "scoreRewardGroup": 2845,
        "bRankTime": 807000,
        "aRankTime": 604500,
        "sRankTime": 402000,
        "sPlusRankTime": 240000,
        "rankPointReward": 47,
        "characterExpReward": 117,
        "manaReward": 390,
        "poolExpReward": 117
    },
    "13003": {
        "name": "",
        "clearRewardId": 1,
        "sPlusRewardId": 1,
        "scoreRewardGroup": 2846,
        "bRankTime": 921000,
        "aRankTime": 688500,
        "sRankTime": 456000,
        "sPlusRankTime": 270000,
        "rankPointReward": 290,
        "characterExpReward": 410,
        "manaReward": 900,
        "poolExpReward": 410
    },
    "13004": {
        "name": "",
        "clearRewardId": 31,
        "sPlusRewardId": 1,
        "scoreRewardGroup": 2847,
        "bRankTime": 1158000,
        "aRankTime": 873000,
        "sRankTime": 588000,
        "sPlusRankTime": 360000,
        "rankPointReward": 569,
        "characterExpReward": 1415,
        "manaReward": 1290,
        "poolExpReward": 1415
    },
    "13005": {
        "name": "",
        "clearRewardId": 31,
        "sPlusRewardId": 1,
        "scoreRewardGroup": 2848,
        "bRankTime": 1386000,
        "aRankTime": 1041000,
        "sRankTime": 696000,
        "sPlusRankTime": 420000,
        "rankPointReward": 1013,
        "characterExpReward": 2435,
        "manaReward": 2490,
        "poolExpReward": 2435
    },
    "14001": {
        "name": "",
        "clearRewardId": 1,
        "sPlusRewardId": 1,
        "scoreRewardGroup": 2853,
        "bRankTime": 807000,
        "aRankTime": 604500,
        "sRankTime": 402000,
        "sPlusRankTime": 240000,
        "rankPointReward": 47,
        "characterExpReward": 117,
        "manaReward": 390,
        "poolExpReward": 117
    },
    "14002": {
        "name": "",
        "clearRewardId": 1,
        "sPlusRewardId": 1,
        "scoreRewardGroup": 2854,
        "bRankTime": 921000,
        "aRankTime": 688500,
        "sRankTime": 456000,
        "sPlusRankTime": 270000,
        "rankPointReward": 290,
        "characterExpReward": 410,
        "manaReward": 900,
        "poolExpReward": 410
    },
    "14003": {
        "name": "",
        "clearRewardId": 31,
        "sPlusRewardId": 1,
        "scoreRewardGroup": 2855,
        "bRankTime": 1210000,
        "aRankTime": 885000,
        "sRankTime": 560000,
        "sPlusRankTime": 300000,
        "rankPointReward": 569,
        "characterExpReward": 1415,
        "manaReward": 1290,
        "poolExpReward": 1415
    },
    "14004": {
        "name": "",
        "clearRewardId": 31,
        "sPlusRewardId": 1,
        "scoreRewardGroup": 2856,
        "bRankTime": 1359000,
        "aRankTime": 991500,
        "sRankTime": 624000,
        "sPlusRankTime": 330000,
        "rankPointReward": 1013,
        "characterExpReward": 2435,
        "manaReward": 2490,
        "poolExpReward": 2435
    },
    "15001": {
        "name": "",
        "clearRewardId": 1,
        "sPlusRewardId": 1,
        "scoreRewardGroup": 2861,
        "bRankTime": 825000,
        "aRankTime": 637500,
        "sRankTime": 450000,
        "sPlusRankTime": 300000,
        "rankPointReward": 47,
        "characterExpReward": 117,
        "manaReward": 390,
        "poolExpReward": 117
    },
    "15002": {
        "name": "",
        "clearRewardId": 1,
        "sPlusRewardId": 1,
        "scoreRewardGroup": 2862,
        "bRankTime": 930000,
        "aRankTime": 705000,
        "sRankTime": 480000,
        "sPlusRankTime": 300000,
        "rankPointReward": 290,
        "characterExpReward": 410,
        "manaReward": 900,
        "poolExpReward": 410
    },
    "15003": {
        "name": "",
        "clearRewardId": 31,
        "sPlusRewardId": 1,
        "scoreRewardGroup": 2863,
        "bRankTime": 1210000,
        "aRankTime": 885000,
        "sRankTime": 560000,
        "sPlusRankTime": 300000,
        "rankPointReward": 569,
        "characterExpReward": 1415,
        "manaReward": 1290,
        "poolExpReward": 1415
    },
    "15004": {
        "name": "",
        "clearRewardId": 31,
        "sPlusRewardId": 1,
        "scoreRewardGroup": 2864,
        "bRankTime": 1341000,
        "aRankTime": 958500,
        "sRankTime": 576000,
        "sPlusRankTime": 270000,
        "rankPointReward": 1013,
        "characterExpReward": 2435,
        "manaReward": 2490,
        "poolExpReward": 2435
    },
    "16001": {
        "name": "",
        "clearRewardId": 1
    },
    "16002": {
        "name": "",
        "clearRewardId": 1
    },
    "16003": {
        "name": "",
        "clearRewardId": 1,
        "sPlusRewardId": 1,
        "scoreRewardGroup": 2865,
        "bRankTime": 816000,
        "aRankTime": 621000,
        "sRankTime": 426000,
        "sPlusRankTime": 270000,
        "rankPointReward": 47,
        "characterExpReward": 117,
        "manaReward": 390,
        "poolExpReward": 117
    },
    "16004": {
        "name": "",
        "clearRewardId": 1
    },
    "16005": {
        "name": "",
        "clearRewardId": 1,
        "sPlusRewardId": 1,
        "scoreRewardGroup": 2866,
        "bRankTime": 930000,
        "aRankTime": 705000,
        "sRankTime": 480000,
        "sPlusRankTime": 300000,
        "rankPointReward": 290,
        "characterExpReward": 410,
        "manaReward": 900,
        "poolExpReward": 410
    },
    "16006": {
        "name": "",
        "clearRewardId": 1
    },
    "16007": {
        "name": "",
        "clearRewardId": 31,
        "sPlusRewardId": 1,
        "scoreRewardGroup": 2867,
        "bRankTime": 1149000,
        "aRankTime": 856500,
        "sRankTime": 564000,
        "sPlusRankTime": 330000,
        "rankPointReward": 569,
        "characterExpReward": 1415,
        "manaReward": 1290,
        "poolExpReward": 1415
    },
    "16008": {
        "name": "",
        "clearRewardId": 31,
        "sPlusRewardId": 1,
        "scoreRewardGroup": 2868,
        "bRankTime": 1228000,
        "aRankTime": 918000,
        "sRankTime": 608000,
        "sPlusRankTime": 360000,
        "rankPointReward": 1013,
        "characterExpReward": 2435,
        "manaReward": 2490,
        "poolExpReward": 2435
    },
    "17001": {
        "name": "",
        "clearRewardId": 1,
        "sPlusRewardId": 1,
        "scoreRewardGroup": 2869,
        "bRankTime": 807000,
        "aRankTime": 604500,
        "sRankTime": 402000,
        "sPlusRankTime": 240000,
        "rankPointReward": 47,
        "characterExpReward": 117,
        "manaReward": 390,
        "poolExpReward": 117
    },
    "17002": {
        "name": "",
        "clearRewardId": 1,
        "sPlusRewardId": 1,
        "scoreRewardGroup": 2870,
        "bRankTime": 921000,
        "aRankTime": 688500,
        "sRankTime": 456000,
        "sPlusRankTime": 270000,
        "rankPointReward": 290,
        "characterExpReward": 410,
        "manaReward": 900,
        "poolExpReward": 410
    },
    "17003": {
        "name": "",
        "clearRewardId": 31,
        "sPlusRewardId": 1,
        "scoreRewardGroup": 2871,
        "bRankTime": 1210000,
        "aRankTime": 885000,
        "sRankTime": 560000,
        "sPlusRankTime": 300000,
        "rankPointReward": 569,
        "characterExpReward": 1415,
        "manaReward": 1290,
        "poolExpReward": 1415
    },
    "17004": {
        "name": "",
        "clearRewardId": 31,
        "sPlusRewardId": 1,
        "scoreRewardGroup": 2872,
        "bRankTime": 1289000,
        "aRankTime": 946500,
        "sRankTime": 604000,
        "sPlusRankTime": 330000,
        "rankPointReward": 1013,
        "characterExpReward": 2435,
        "manaReward": 2490,
        "poolExpReward": 2435
    },
    "19001": {
        "name": "",
        "clearRewardId": 1,
        "sPlusRewardId": 1,
        "scoreRewardGroup": 2873,
        "bRankTime": 702000,
        "aRankTime": 537000,
        "sRankTime": 372000,
        "sPlusRankTime": 240000,
        "rankPointReward": 47,
        "characterExpReward": 117,
        "manaReward": 390,
        "poolExpReward": 117
    },
    "19002": {
        "name": "",
        "clearRewardId": 1,
        "sPlusRewardId": 1,
        "scoreRewardGroup": 2874,
        "bRankTime": 702000,
        "aRankTime": 537000,
        "sRankTime": 372000,
        "sPlusRankTime": 240000,
        "rankPointReward": 290,
        "characterExpReward": 410,
        "manaReward": 900,
        "poolExpReward": 410
    },
    "19003": {
        "name": "",
        "clearRewardId": 31,
        "sPlusRewardId": 1,
        "scoreRewardGroup": 2875,
        "bRankTime": 702000,
        "aRankTime": 537000,
        "sRankTime": 372000,
        "sPlusRankTime": 240000,
        "rankPointReward": 569,
        "characterExpReward": 1415,
        "manaReward": 1290,
        "poolExpReward": 1415
    },
    "19004": {
        "name": "",
        "clearRewardId": 31,
        "sPlusRewardId": 1,
        "scoreRewardGroup": 2876,
        "bRankTime": 702000,
        "aRankTime": 537000,
        "sRankTime": 372000,
        "sPlusRankTime": 240000,
        "rankPointReward": 1013,
        "characterExpReward": 2435,
        "manaReward": 2490,
        "poolExpReward": 2435
    },
    "20001": {
        "name": "",
        "clearRewardId": 1,
        "sPlusRewardId": 1,
        "scoreRewardGroup": 2877,
        "bRankTime": 702000,
        "aRankTime": 537000,
        "sRankTime": 372000,
        "sPlusRankTime": 240000,
        "rankPointReward": 47,
        "characterExpReward": 117,
        "manaReward": 390,
        "poolExpReward": 117
    },
    "20002": {
        "name": "",
        "clearRewardId": 1,
        "sPlusRewardId": 1,
        "scoreRewardGroup": 2878,
        "bRankTime": 702000,
        "aRankTime": 537000,
        "sRankTime": 372000,
        "sPlusRankTime": 240000,
        "rankPointReward": 290,
        "characterExpReward": 410,
        "manaReward": 900,
        "poolExpReward": 410
    },
    "20003": {
        "name": "",
        "clearRewardId": 31,
        "sPlusRewardId": 1,
        "scoreRewardGroup": 2879,
        "bRankTime": 702000,
        "aRankTime": 537000,
        "sRankTime": 372000,
        "sPlusRankTime": 240000,
        "rankPointReward": 569,
        "characterExpReward": 1415,
        "manaReward": 1290,
        "poolExpReward": 1415
    },
    "20004": {
        "name": "",
        "clearRewardId": 31,
        "sPlusRewardId": 1,
        "scoreRewardGroup": 2880,
        "bRankTime": 702000,
        "aRankTime": 537000,
        "sRankTime": 372000,
        "sPlusRankTime": 240000,
        "rankPointReward": 1013,
        "characterExpReward": 2435,
        "manaReward": 2490,
        "poolExpReward": 2435
    },
    "21001": {
        "name": "",
        "clearRewardId": 1,
        "sPlusRewardId": 1,
        "scoreRewardGroup": 2929,
        "bRankTime": 807000,
        "aRankTime": 604500,
        "sRankTime": 402000,
        "sPlusRankTime": 240000,
        "rankPointReward": 47,
        "characterExpReward": 117,
        "manaReward": 390,
        "poolExpReward": 117
    },
    "21002": {
        "name": "",
        "clearRewardId": 1,
        "sPlusRewardId": 1,
        "scoreRewardGroup": 2930,
        "bRankTime": 921000,
        "aRankTime": 688500,
        "sRankTime": 456000,
        "sPlusRankTime": 270000,
        "rankPointReward": 290,
        "characterExpReward": 410,
        "manaReward": 900,
        "poolExpReward": 410
    },
    "21003": {
        "name": "",
        "clearRewardId": 31,
        "sPlusRewardId": 1,
        "scoreRewardGroup": 2931,
        "bRankTime": 1210000,
        "aRankTime": 885000,
        "sRankTime": 560000,
        "sPlusRankTime": 300000,
        "rankPointReward": 569,
        "characterExpReward": 1415,
        "manaReward": 1290,
        "poolExpReward": 1415
    },
    "21004": {
        "name": "",
        "clearRewardId": 31,
        "sPlusRewardId": 1,
        "scoreRewardGroup": 2932,
        "bRankTime": 1359000,
        "aRankTime": 991500,
        "sRankTime": 624000,
        "sPlusRankTime": 330000,
        "rankPointReward": 1013,
        "characterExpReward": 2435,
        "manaReward": 2490,
        "poolExpReward": 2435
    },
    "22001": {
        "name": "",
        "clearRewardId": 1,
        "sPlusRewardId": 1,
        "scoreRewardGroup": 2881,
        "bRankTime": 720000,
        "aRankTime": 570000,
        "sRankTime": 420000,
        "sPlusRankTime": 300000,
        "rankPointReward": 47,
        "characterExpReward": 117,
        "manaReward": 390,
        "poolExpReward": 117
    },
    "22002": {
        "name": "",
        "clearRewardId": 1,
        "sPlusRewardId": 1,
        "scoreRewardGroup": 2882,
        "bRankTime": 720000,
        "aRankTime": 570000,
        "sRankTime": 420000,
        "sPlusRankTime": 300000,
        "rankPointReward": 290,
        "characterExpReward": 410,
        "manaReward": 900,
        "poolExpReward": 410
    },
    "22003": {
        "name": "",
        "clearRewardId": 31,
        "sPlusRewardId": 1,
        "scoreRewardGroup": 2883,
        "bRankTime": 720000,
        "aRankTime": 570000,
        "sRankTime": 420000,
        "sPlusRankTime": 300000,
        "rankPointReward": 569,
        "characterExpReward": 1415,
        "manaReward": 1290,
        "poolExpReward": 1415
    },
    "22004": {
        "name": "",
        "clearRewardId": 31,
        "sPlusRewardId": 1,
        "scoreRewardGroup": 2884,
        "bRankTime": 711000,
        "aRankTime": 553500,
        "sRankTime": 396000,
        "sPlusRankTime": 270000,
        "rankPointReward": 1013,
        "characterExpReward": 2435,
        "manaReward": 2490,
        "poolExpReward": 2435
    },
    "23001": {
        "name": "",
        "clearRewardId": 1,
        "sPlusRewardId": 1,
        "scoreRewardGroup": 2885,
        "bRankTime": 702000,
        "aRankTime": 537000,
        "sRankTime": 372000,
        "sPlusRankTime": 240000,
        "rankPointReward": 47,
        "characterExpReward": 117,
        "manaReward": 390,
        "poolExpReward": 117
    },
    "23002": {
        "name": "",
        "clearRewardId": 1,
        "sPlusRewardId": 1,
        "scoreRewardGroup": 2886,
        "bRankTime": 702000,
        "aRankTime": 537000,
        "sRankTime": 372000,
        "sPlusRankTime": 240000,
        "rankPointReward": 290,
        "characterExpReward": 410,
        "manaReward": 900,
        "poolExpReward": 410
    },
    "23003": {
        "name": "",
        "clearRewardId": 31,
        "sPlusRewardId": 1,
        "scoreRewardGroup": 2887,
        "bRankTime": 702000,
        "aRankTime": 537000,
        "sRankTime": 372000,
        "sPlusRankTime": 240000,
        "rankPointReward": 569,
        "characterExpReward": 1415,
        "manaReward": 1290,
        "poolExpReward": 1415
    },
    "23004": {
        "name": "",
        "clearRewardId": 31,
        "sPlusRewardId": 1,
        "scoreRewardGroup": 2888,
        "bRankTime": 702000,
        "aRankTime": 537000,
        "sRankTime": 372000,
        "sPlusRankTime": 240000,
        "rankPointReward": 1013,
        "characterExpReward": 2435,
        "manaReward": 2490,
        "poolExpReward": 2435
    },
    "100001001": {
        "name": "",
        "clearRewardId": 100001
    },
    "100001002": {
        "name": "",
        "clearRewardId": 1
    },
    "100001003": {
        "name": "",
        "clearRewardId": 1
    },
    "100001004": {
        "name": "",
        "clearRewardId": 1,
        "sPlusRewardId": 1,
        "scoreRewardGroup": 11000,
        "bRankTime": 816000,
        "aRankTime": 621000,
        "sRankTime": 426000,
        "sPlusRankTime": 270000,
        "rankPointReward": 47,
        "characterExpReward": 117,
        "manaReward": 390,
        "poolExpReward": 117
    },
    "100001005": {
        "name": "",
        "clearRewardId": 1
    },
    "100001006": {
        "name": "",
        "clearRewardId": 1,
        "sPlusRewardId": 1,
        "scoreRewardGroup": 11001,
        "bRankTime": 930000,
        "aRankTime": 705000,
        "sRankTime": 480000,
        "sPlusRankTime": 300000,
        "rankPointReward": 290,
        "characterExpReward": 410,
        "manaReward": 900,
        "poolExpReward": 410
    },
    "100001007": {
        "name": "",
        "clearRewardId": 31,
        "sPlusRewardId": 1,
        "scoreRewardGroup": 11002,
        "bRankTime": 1065000,
        "aRankTime": 802500,
        "sRankTime": 540000,
        "sPlusRankTime": 330000,
        "rankPointReward": 569,
        "characterExpReward": 1415,
        "manaReward": 1290,
        "poolExpReward": 1415
    },
    "100001008": {
        "name": "",
        "clearRewardId": 31,
        "sPlusRewardId": 1,
        "scoreRewardGroup": 11003,
        "bRankTime": 1158000,
        "aRankTime": 873000,
        "sRankTime": 588000,
        "sPlusRankTime": 360000,
        "rankPointReward": 722,
        "characterExpReward": 1635,
        "manaReward": 2010,
        "poolExpReward": 1635
    },
    "100002001": {
        "name": "",
        "clearRewardId": 100101
    },
    "100002002": {
        "name": "",
        "clearRewardId": 1
    },
    "100002003": {
        "name": "",
        "clearRewardId": 1,
        "sPlusRewardId": 1,
        "scoreRewardGroup": 12000,
        "bRankTime": 807000,
        "aRankTime": 604500,
        "sRankTime": 402000,
        "sPlusRankTime": 240000,
        "rankPointReward": 47,
        "characterExpReward": 117,
        "manaReward": 390,
        "poolExpReward": 117
    },
    "100002004": {
        "name": "",
        "clearRewardId": 1
    },
    "100002005": {
        "name": "",
        "clearRewardId": 1,
        "sPlusRewardId": 1,
        "scoreRewardGroup": 12001,
        "bRankTime": 921000,
        "aRankTime": 688500,
        "sRankTime": 456000,
        "sPlusRankTime": 270000,
        "rankPointReward": 290,
        "characterExpReward": 410,
        "manaReward": 900,
        "poolExpReward": 410
    },
    "100002006": {
        "name": "",
        "clearRewardId": 31,
        "sPlusRewardId": 1,
        "scoreRewardGroup": 12002,
        "bRankTime": 1140000,
        "aRankTime": 840000,
        "sRankTime": 540000,
        "sPlusRankTime": 300000,
        "rankPointReward": 569,
        "characterExpReward": 1415,
        "manaReward": 1290,
        "poolExpReward": 1415
    },
    "100002007": {
        "name": "",
        "clearRewardId": 31,
        "sPlusRewardId": 1,
        "scoreRewardGroup": 12003,
        "bRankTime": 1359000,
        "aRankTime": 991500,
        "sRankTime": 624000,
        "sPlusRankTime": 330000,
        "rankPointReward": 1013,
        "characterExpReward": 2435,
        "manaReward": 2490,
        "poolExpReward": 2435
    },
    "100003001": {
        "name": "",
        "clearRewardId": 100001
    },
    "100003002": {
        "name": "",
        "clearRewardId": 1
    },
    "100003003": {
        "name": "",
        "clearRewardId": 1
    },
    "100003004": {
        "name": "",
        "clearRewardId": 1,
        "sPlusRewardId": 1,
        "scoreRewardGroup": 11100,
        "bRankTime": 816000,
        "aRankTime": 621000,
        "sRankTime": 426000,
        "sPlusRankTime": 270000,
        "rankPointReward": 47,
        "characterExpReward": 117,
        "manaReward": 390,
        "poolExpReward": 117
    },
    "100003005": {
        "name": "",
        "clearRewardId": 1
    },
    "100003006": {
        "name": "",
        "clearRewardId": 1,
        "sPlusRewardId": 1,
        "scoreRewardGroup": 11101,
        "bRankTime": 930000,
        "aRankTime": 705000,
        "sRankTime": 480000,
        "sPlusRankTime": 300000,
        "rankPointReward": 290,
        "characterExpReward": 410,
        "manaReward": 900,
        "poolExpReward": 410
    },
    "100003007": {
        "name": "",
        "clearRewardId": 31,
        "sPlusRewardId": 1,
        "scoreRewardGroup": 11102,
        "bRankTime": 1065000,
        "aRankTime": 802500,
        "sRankTime": 540000,
        "sPlusRankTime": 330000,
        "rankPointReward": 569,
        "characterExpReward": 1415,
        "manaReward": 1290,
        "poolExpReward": 1415
    },
    "100003008": {
        "name": "",
        "clearRewardId": 31,
        "sPlusRewardId": 1,
        "scoreRewardGroup": 11103,
        "bRankTime": 1158000,
        "aRankTime": 873000,
        "sRankTime": 588000,
        "sPlusRankTime": 360000,
        "rankPointReward": 722,
        "characterExpReward": 1635,
        "manaReward": 2010,
        "poolExpReward": 1635
    },
    "100004001": {
        "name": "",
        "clearRewardId": 1
    },
    "100004002": {
        "name": "",
        "clearRewardId": 1,
        "sPlusRewardId": 1,
        "scoreRewardGroup": 2849,
        "bRankTime": 762000,
        "aRankTime": 522000,
        "sRankTime": 282000,
        "sPlusRankTime": 90000,
        "rankPointReward": 47,
        "characterExpReward": 117,
        "manaReward": 390,
        "poolExpReward": 117
    },
    "100004003": {
        "name": "",
        "clearRewardId": 1
    },
    "100004004": {
        "name": "",
        "clearRewardId": 1,
        "sPlusRewardId": 1,
        "scoreRewardGroup": 2850,
        "bRankTime": 876000,
        "aRankTime": 606000,
        "sRankTime": 336000,
        "sPlusRankTime": 120000,
        "rankPointReward": 290,
        "characterExpReward": 410,
        "manaReward": 900,
        "poolExpReward": 410
    },
    "100004005": {
        "name": "",
        "clearRewardId": 1
    },
    "100004006": {
        "name": "",
        "clearRewardId": 31,
        "sPlusRewardId": 1,
        "scoreRewardGroup": 2851,
        "bRankTime": 1095000,
        "aRankTime": 757500,
        "sRankTime": 420000,
        "sPlusRankTime": 150000,
        "rankPointReward": 569,
        "characterExpReward": 1415,
        "manaReward": 1290,
        "poolExpReward": 1415
    },
    "100004007": {
        "name": "",
        "clearRewardId": 31,
        "sPlusRewardId": 1,
        "scoreRewardGroup": 2852,
        "bRankTime": 1323000,
        "aRankTime": 925500,
        "sRankTime": 528000,
        "sPlusRankTime": 210000,
        "rankPointReward": 1013,
        "characterExpReward": 2435,
        "manaReward": 2490,
        "poolExpReward": 2435
    },
    "100006001": {
        "name": "",
        "clearRewardId": 100101
    },
    "100006002": {
        "name": "",
        "clearRewardId": 1
    },
    "100006003": {
        "name": "",
        "clearRewardId": 1,
        "sPlusRewardId": 1,
        "scoreRewardGroup": 13000,
        "bRankTime": 807000,
        "aRankTime": 604500,
        "sRankTime": 402000,
        "sPlusRankTime": 240000,
        "rankPointReward": 47,
        "characterExpReward": 117,
        "manaReward": 390,
        "poolExpReward": 117
    },
    "100006004": {
        "name": "",
        "clearRewardId": 1
    },
    "100006005": {
        "name": "",
        "clearRewardId": 1,
        "sPlusRewardId": 1,
        "scoreRewardGroup": 13001,
        "bRankTime": 921000,
        "aRankTime": 688500,
        "sRankTime": 456000,
        "sPlusRankTime": 270000,
        "rankPointReward": 290,
        "characterExpReward": 410,
        "manaReward": 900,
        "poolExpReward": 410
    },
    "100006006": {
        "name": "",
        "clearRewardId": 31,
        "sPlusRewardId": 1,
        "scoreRewardGroup": 13002,
        "bRankTime": 1140000,
        "aRankTime": 840000,
        "sRankTime": 540000,
        "sPlusRankTime": 300000,
        "rankPointReward": 569,
        "characterExpReward": 1415,
        "manaReward": 1290,
        "poolExpReward": 1415
    },
    "100006007": {
        "name": "",
        "clearRewardId": 31,
        "sPlusRewardId": 1,
        "scoreRewardGroup": 13003,
        "bRankTime": 1359000,
        "aRankTime": 991500,
        "sRankTime": 624000,
        "sPlusRankTime": 330000,
        "rankPointReward": 1013,
        "characterExpReward": 2435,
        "manaReward": 2490,
        "poolExpReward": 2435
    },
    "100007001": {
        "name": "",
        "clearRewardId": 100301
    },
    "100007002": {
        "name": "",
        "clearRewardId": 1
    },
    "100007003": {
        "name": "",
        "clearRewardId": 1,
        "sPlusRewardId": 1,
        "scoreRewardGroup": 14000,
        "bRankTime": 702000,
        "aRankTime": 537000,
        "sRankTime": 372000,
        "sPlusRankTime": 240000,
        "rankPointReward": 47,
        "characterExpReward": 117,
        "manaReward": 390,
        "poolExpReward": 117
    },
    "100007004": {
        "name": "",
        "clearRewardId": 1
    },
    "100007005": {
        "name": "",
        "clearRewardId": 1,
        "sPlusRewardId": 1,
        "scoreRewardGroup": 14001,
        "bRankTime": 711000,
        "aRankTime": 553500,
        "sRankTime": 396000,
        "sPlusRankTime": 270000,
        "rankPointReward": 290,
        "characterExpReward": 410,
        "manaReward": 900,
        "poolExpReward": 410
    },
    "100007006": {
        "name": "",
        "clearRewardId": 31,
        "sPlusRewardId": 1,
        "scoreRewardGroup": 14002,
        "bRankTime": 720000,
        "aRankTime": 570000,
        "sRankTime": 420000,
        "sPlusRankTime": 300000,
        "rankPointReward": 569,
        "characterExpReward": 1415,
        "manaReward": 1290,
        "poolExpReward": 1415
    },
    "100007007": {
        "name": "",
        "clearRewardId": 31,
        "sPlusRewardId": 1,
        "scoreRewardGroup": 14003,
        "bRankTime": 729000,
        "aRankTime": 586500,
        "sRankTime": 444000,
        "sPlusRankTime": 330000,
        "rankPointReward": 1013,
        "characterExpReward": 2435,
        "manaReward": 2490,
        "poolExpReward": 2435
    },
    "200002001": {
        "name": "",
        "clearRewardId": 1,
        "sPlusRewardId": 1,
        "scoreRewardGroup": 11000027,
        "bRankTime": 720000,
        "aRankTime": 570000,
        "sRankTime": 420000,
        "sPlusRankTime": 300000,
        "rankPointReward": 47,
        "characterExpReward": 117,
        "manaReward": 390,
        "poolExpReward": 117
    },
    "200002002": {
        "name": "",
        "clearRewardId": 1,
        "sPlusRewardId": 1,
        "scoreRewardGroup": 11000028,
        "bRankTime": 720000,
        "aRankTime": 570000,
        "sRankTime": 420000,
        "sPlusRankTime": 300000,
        "rankPointReward": 290,
        "characterExpReward": 410,
        "manaReward": 900,
        "poolExpReward": 410
    },
    "200002003": {
        "name": "",
        "clearRewardId": 31,
        "sPlusRewardId": 1,
        "scoreRewardGroup": 11000029,
        "bRankTime": 720000,
        "aRankTime": 570000,
        "sRankTime": 420000,
        "sPlusRankTime": 300000,
        "rankPointReward": 569,
        "characterExpReward": 1415,
        "manaReward": 1290,
        "poolExpReward": 1415
    },
    "200002004": {
        "name": "",
        "clearRewardId": 31,
        "sPlusRewardId": 1,
        "scoreRewardGroup": 11000030,
        "bRankTime": 711000,
        "aRankTime": 553500,
        "sRankTime": 396000,
        "sPlusRankTime": 270000,
        "rankPointReward": 1013,
        "characterExpReward": 2435,
        "manaReward": 2490,
        "poolExpReward": 2435
    },
    "200004001": {
        "name": "",
        "clearRewardId": 1,
        "sPlusRewardId": 1,
        "scoreRewardGroup": 11000049,
        "bRankTime": 825000,
        "aRankTime": 637500,
        "sRankTime": 450000,
        "sPlusRankTime": 300000,
        "rankPointReward": 47,
        "characterExpReward": 117,
        "manaReward": 390,
        "poolExpReward": 117
    },
    "200004002": {
        "name": "",
        "clearRewardId": 1,
        "sPlusRewardId": 1,
        "scoreRewardGroup": 11000050,
        "bRankTime": 930000,
        "aRankTime": 705000,
        "sRankTime": 480000,
        "sPlusRankTime": 300000,
        "rankPointReward": 290,
        "characterExpReward": 410,
        "manaReward": 900,
        "poolExpReward": 410
    },
    "200004003": {
        "name": "",
        "clearRewardId": 31,
        "sPlusRewardId": 1,
        "scoreRewardGroup": 11000051,
        "bRankTime": 1210000,
        "aRankTime": 885000,
        "sRankTime": 560000,
        "sPlusRankTime": 300000,
        "rankPointReward": 569,
        "characterExpReward": 1415,
        "manaReward": 1290,
        "poolExpReward": 1415
    },
    "200004004": {
        "name": "",
        "clearRewardId": 31,
        "sPlusRewardId": 1,
        "scoreRewardGroup": 11000052,
        "bRankTime": 1341000,
        "aRankTime": 958500,
        "sRankTime": 576000,
        "sPlusRankTime": 270000,
        "rankPointReward": 1013,
        "characterExpReward": 2435,
        "manaReward": 2490,
        "poolExpReward": 2435
    },
    "200005001": {
        "name": "",
        "clearRewardId": 1,
        "sPlusRewardId": 1,
        "scoreRewardGroup": 11000053,
        "bRankTime": 702000,
        "aRankTime": 537000,
        "sRankTime": 372000,
        "sPlusRankTime": 240000,
        "rankPointReward": 47,
        "characterExpReward": 117,
        "manaReward": 390,
        "poolExpReward": 117
    },
    "200005002": {
        "name": "",
        "clearRewardId": 1,
        "sPlusRewardId": 1,
        "scoreRewardGroup": 11000054,
        "bRankTime": 702000,
        "aRankTime": 537000,
        "sRankTime": 372000,
        "sPlusRankTime": 240000,
        "rankPointReward": 290,
        "characterExpReward": 410,
        "manaReward": 900,
        "poolExpReward": 410
    },
    "200005003": {
        "name": "",
        "clearRewardId": 31,
        "sPlusRewardId": 1,
        "scoreRewardGroup": 11000055,
        "bRankTime": 702000,
        "aRankTime": 537000,
        "sRankTime": 372000,
        "sPlusRankTime": 240000,
        "rankPointReward": 569,
        "characterExpReward": 1415,
        "manaReward": 1290,
        "poolExpReward": 1415
    },
    "200005004": {
        "name": "",
        "clearRewardId": 31,
        "sPlusRewardId": 1,
        "scoreRewardGroup": 11000056,
        "bRankTime": 702000,
        "aRankTime": 537000,
        "sRankTime": 372000,
        "sPlusRankTime": 240000,
        "rankPointReward": 1013,
        "characterExpReward": 2435,
        "manaReward": 2490,
        "poolExpReward": 2435
    },
    "200009001": {
        "name": "",
        "clearRewardId": 1,
        "sPlusRewardId": 1,
        "scoreRewardGroup": 11000093,
        "bRankTime": 807000,
        "aRankTime": 604500,
        "sRankTime": 402000,
        "sPlusRankTime": 240000,
        "rankPointReward": 47,
        "characterExpReward": 117,
        "manaReward": 390,
        "poolExpReward": 117
    },
    "200009002": {
        "name": "",
        "clearRewardId": 1,
        "sPlusRewardId": 1,
        "scoreRewardGroup": 11000094,
        "bRankTime": 921000,
        "aRankTime": 688500,
        "sRankTime": 456000,
        "sPlusRankTime": 270000,
        "rankPointReward": 290,
        "characterExpReward": 410,
        "manaReward": 900,
        "poolExpReward": 410
    },
    "200009003": {
        "name": "",
        "clearRewardId": 31,
        "sPlusRewardId": 1,
        "scoreRewardGroup": 11000095,
        "bRankTime": 1210000,
        "aRankTime": 885000,
        "sRankTime": 560000,
        "sPlusRankTime": 300000,
        "rankPointReward": 569,
        "characterExpReward": 1415,
        "manaReward": 1290,
        "poolExpReward": 1415
    },
    "200009004": {
        "name": "",
        "clearRewardId": 31,
        "sPlusRewardId": 1,
        "scoreRewardGroup": 11000096,
        "bRankTime": 1359000,
        "aRankTime": 991500,
        "sRankTime": 624000,
        "sPlusRankTime": 330000,
        "rankPointReward": 1013,
        "characterExpReward": 2435,
        "manaReward": 2490,
        "poolExpReward": 2435
    },
    "200010001": {
        "name": "",
        "clearRewardId": 1
    },
    "200010002": {
        "name": "",
        "clearRewardId": 1
    },
    "200010003": {
        "name": "",
        "clearRewardId": 1,
        "sPlusRewardId": 1,
        "scoreRewardGroup": 11000097,
        "bRankTime": 816000,
        "aRankTime": 621000,
        "sRankTime": 426000,
        "sPlusRankTime": 270000,
        "rankPointReward": 47,
        "characterExpReward": 117,
        "manaReward": 390,
        "poolExpReward": 117
    },
    "200010004": {
        "name": "",
        "clearRewardId": 1
    },
    "200010005": {
        "name": "",
        "clearRewardId": 1,
        "sPlusRewardId": 1,
        "scoreRewardGroup": 11000098,
        "bRankTime": 930000,
        "aRankTime": 705000,
        "sRankTime": 480000,
        "sPlusRankTime": 300000,
        "rankPointReward": 290,
        "characterExpReward": 410,
        "manaReward": 900,
        "poolExpReward": 410
    },
    "200010006": {
        "name": "",
        "clearRewardId": 1
    },
    "200010007": {
        "name": "",
        "clearRewardId": 31,
        "sPlusRewardId": 1,
        "scoreRewardGroup": 11000099,
        "bRankTime": 1149000,
        "aRankTime": 856500,
        "sRankTime": 564000,
        "sPlusRankTime": 330000,
        "rankPointReward": 569,
        "characterExpReward": 1415,
        "manaReward": 1290,
        "poolExpReward": 1415
    },
    "200010008": {
        "name": "",
        "clearRewardId": 10042500,
        "sPlusRewardId": 1,
        "scoreRewardGroup": 11000100,
        "bRankTime": 1228000,
        "aRankTime": 918000,
        "sRankTime": 608000,
        "sPlusRankTime": 360000,
        "rankPointReward": 1013,
        "characterExpReward": 2435,
        "manaReward": 2490,
        "poolExpReward": 2435
    },
    "200011001": {
        "name": "",
        "clearRewardId": 1,
        "sPlusRewardId": 1,
        "scoreRewardGroup": 11000101,
        "bRankTime": 702000,
        "aRankTime": 537000,
        "sRankTime": 372000,
        "sPlusRankTime": 240000,
        "rankPointReward": 47,
        "characterExpReward": 117,
        "manaReward": 390,
        "poolExpReward": 117
    },
    "200011002": {
        "name": "",
        "clearRewardId": 1,
        "sPlusRewardId": 1,
        "scoreRewardGroup": 11000102,
        "bRankTime": 702000,
        "aRankTime": 537000,
        "sRankTime": 372000,
        "sPlusRankTime": 240000,
        "rankPointReward": 290,
        "characterExpReward": 410,
        "manaReward": 900,
        "poolExpReward": 410
    },
    "200011003": {
        "name": "",
        "clearRewardId": 31,
        "sPlusRewardId": 1,
        "scoreRewardGroup": 11000103,
        "bRankTime": 702000,
        "aRankTime": 537000,
        "sRankTime": 372000,
        "sPlusRankTime": 240000,
        "rankPointReward": 569,
        "characterExpReward": 1415,
        "manaReward": 1290,
        "poolExpReward": 1415
    },
    "200011004": {
        "name": "",
        "clearRewardId": 31,
        "sPlusRewardId": 1,
        "scoreRewardGroup": 11000104,
        "bRankTime": 702000,
        "aRankTime": 537000,
        "sRankTime": 372000,
        "sPlusRankTime": 240000,
        "rankPointReward": 1013,
        "characterExpReward": 2435,
        "manaReward": 2490,
        "poolExpReward": 2435
    },
    "200011005": {
        "name": "",
        "clearRewardId": 34,
        "sPlusRewardId": 1,
        "scoreRewardGroup": 11000105,
        "bRankTime": 702000,
        "aRankTime": 537000,
        "sRankTime": 372000,
        "sPlusRankTime": 240000,
        "rankPointReward": 1190,
        "characterExpReward": 2600,
        "manaReward": 2590,
        "poolExpReward": 2600
    },
    "200012001": {
        "name": "",
        "clearRewardId": 1,
        "sPlusRewardId": 1,
        "scoreRewardGroup": 11000113,
        "bRankTime": 825000,
        "aRankTime": 637500,
        "sRankTime": 450000,
        "sPlusRankTime": 300000,
        "rankPointReward": 47,
        "characterExpReward": 117,
        "manaReward": 390,
        "poolExpReward": 117
    },
    "200012002": {
        "name": "",
        "clearRewardId": 1,
        "sPlusRewardId": 1,
        "scoreRewardGroup": 11000114,
        "bRankTime": 930000,
        "aRankTime": 705000,
        "sRankTime": 480000,
        "sPlusRankTime": 300000,
        "rankPointReward": 290,
        "characterExpReward": 410,
        "manaReward": 900,
        "poolExpReward": 410
    },
    "200012003": {
        "name": "",
        "clearRewardId": 31,
        "sPlusRewardId": 1,
        "scoreRewardGroup": 11000115,
        "bRankTime": 1210000,
        "aRankTime": 885000,
        "sRankTime": 560000,
        "sPlusRankTime": 300000,
        "rankPointReward": 569,
        "characterExpReward": 1415,
        "manaReward": 1290,
        "poolExpReward": 1415
    },
    "200012004": {
        "name": "",
        "clearRewardId": 31,
        "sPlusRewardId": 1,
        "scoreRewardGroup": 11000116,
        "bRankTime": 1341000,
        "aRankTime": 958500,
        "sRankTime": 576000,
        "sPlusRankTime": 270000,
        "rankPointReward": 1013,
        "characterExpReward": 2435,
        "manaReward": 2490,
        "poolExpReward": 2435
    },
    "200012005": {
        "name": "",
        "clearRewardId": 34,
        "sPlusRewardId": 1,
        "scoreRewardGroup": 11000117,
        "bRankTime": 1341000,
        "aRankTime": 958500,
        "sRankTime": 576000,
        "sPlusRankTime": 270000,
        "rankPointReward": 1190,
        "characterExpReward": 2600,
        "manaReward": 2590,
        "poolExpReward": 2600
    },
    "200013001": {
        "name": "",
        "clearRewardId": 1
    },
    "200013002": {
        "name": "",
        "clearRewardId": 1,
        "sPlusRewardId": 1,
        "scoreRewardGroup": 11000109,
        "bRankTime": 246000,
        "aRankTime": 201000,
        "sRankTime": 156000,
        "sPlusRankTime": 120000,
        "rankPointReward": 1013,
        "characterExpReward": 2435,
        "manaReward": 2490,
        "poolExpReward": 2435
    },
    "200013003": {
        "name": "",
        "clearRewardId": 1
    },
    "200013004": {
        "name": "",
        "clearRewardId": 1
    },
    "200013005": {
        "name": "",
        "clearRewardId": 71,
        "sPlusRewardId": 1,
        "scoreRewardGroup": 11000110,
        "bRankTime": 684000,
        "aRankTime": 504000,
        "sRankTime": 324000,
        "sPlusRankTime": 180000,
        "rankPointReward": 1013,
        "characterExpReward": 2435,
        "manaReward": 2490,
        "poolExpReward": 2435
    },
    "200013006": {
        "name": "",
        "clearRewardId": 71,
        "sPlusRewardId": 1,
        "scoreRewardGroup": 11000111,
        "bRankTime": 711000,
        "aRankTime": 553500,
        "sRankTime": 396000,
        "sPlusRankTime": 270000,
        "rankPointReward": 1013,
        "characterExpReward": 2435,
        "manaReward": 2490,
        "poolExpReward": 2435
    },
    "200013007": {
        "name": "",
        "clearRewardId": 1
    },
    "200013008": {
        "name": "",
        "clearRewardId": 1
    },
    "200013009": {
        "name": "",
        "clearRewardId": 34,
        "sPlusRewardId": 1,
        "scoreRewardGroup": 11000112,
        "bRankTime": 774000,
        "aRankTime": 669000,
        "sRankTime": 564000,
        "sPlusRankTime": 480000,
        "rankPointReward": 1013,
        "characterExpReward": 2435,
        "manaReward": 2490,
        "poolExpReward": 2435
    },
    "200014001": {
        "name": "",
        "clearRewardId": 1,
        "sPlusRewardId": 1,
        "scoreRewardGroup": 11000134,
        "bRankTime": 702000,
        "aRankTime": 537000,
        "sRankTime": 372000,
        "sPlusRankTime": 240000,
        "rankPointReward": 47,
        "characterExpReward": 117,
        "manaReward": 390,
        "poolExpReward": 117
    },
    "200014002": {
        "name": "",
        "clearRewardId": 1,
        "sPlusRewardId": 1,
        "scoreRewardGroup": 11000135,
        "bRankTime": 702000,
        "aRankTime": 537000,
        "sRankTime": 372000,
        "sPlusRankTime": 240000,
        "rankPointReward": 290,
        "characterExpReward": 410,
        "manaReward": 900,
        "poolExpReward": 410
    },
    "200014003": {
        "name": "",
        "clearRewardId": 31,
        "sPlusRewardId": 1,
        "scoreRewardGroup": 11000136,
        "bRankTime": 702000,
        "aRankTime": 537000,
        "sRankTime": 372000,
        "sPlusRankTime": 240000,
        "rankPointReward": 569,
        "characterExpReward": 1415,
        "manaReward": 1290,
        "poolExpReward": 1415
    },
    "200014004": {
        "name": "",
        "clearRewardId": 31,
        "sPlusRewardId": 1,
        "scoreRewardGroup": 11000137,
        "bRankTime": 702000,
        "aRankTime": 537000,
        "sRankTime": 372000,
        "sPlusRankTime": 240000,
        "rankPointReward": 1013,
        "characterExpReward": 2435,
        "manaReward": 2490,
        "poolExpReward": 2435
    },
    "200015001": {
        "name": "",
        "clearRewardId": 1,
        "sPlusRewardId": 1,
        "scoreRewardGroup": 11000121,
        "bRankTime": 693000,
        "aRankTime": 520500,
        "sRankTime": 348000,
        "sPlusRankTime": 210000,
        "rankPointReward": 47,
        "characterExpReward": 117,
        "manaReward": 390,
        "poolExpReward": 117
    },
    "200015002": {
        "name": "",
        "clearRewardId": 1,
        "sPlusRewardId": 1,
        "scoreRewardGroup": 11000122,
        "bRankTime": 693000,
        "aRankTime": 520500,
        "sRankTime": 348000,
        "sPlusRankTime": 210000,
        "rankPointReward": 290,
        "characterExpReward": 410,
        "manaReward": 900,
        "poolExpReward": 410
    },
    "200015003": {
        "name": "",
        "clearRewardId": 1,
        "sPlusRewardId": 1,
        "scoreRewardGroup": 11000123,
        "bRankTime": 693000,
        "aRankTime": 520500,
        "sRankTime": 348000,
        "sPlusRankTime": 210000,
        "rankPointReward": 569,
        "characterExpReward": 1415,
        "manaReward": 1290,
        "poolExpReward": 1415
    },
    "200015004": {
        "name": "",
        "clearRewardId": 31,
        "sPlusRewardId": 1,
        "scoreRewardGroup": 11000124,
        "bRankTime": 693000,
        "aRankTime": 520500,
        "sRankTime": 348000,
        "sPlusRankTime": 210000,
        "rankPointReward": 1013,
        "characterExpReward": 2435,
        "manaReward": 2490,
        "poolExpReward": 2435
    },
    "200015005": {
        "name": "",
        "clearRewardId": 11000000,
        "sPlusRewardId": 1,
        "scoreRewardGroup": 11000133,
        "bRankTime": 693000,
        "aRankTime": 520500,
        "sRankTime": 348000,
        "sPlusRankTime": 210000,
        "rankPointReward": 1190,
        "characterExpReward": 2600,
        "manaReward": 2590,
        "poolExpReward": 2600
    },
    "200016001": {
        "name": "",
        "clearRewardId": 1,
        "sPlusRewardId": 1,
        "scoreRewardGroup": 11000125,
        "bRankTime": 702000,
        "aRankTime": 537000,
        "sRankTime": 372000,
        "sPlusRankTime": 240000,
        "rankPointReward": 47,
        "characterExpReward": 117,
        "manaReward": 390,
        "poolExpReward": 117
    },
    "200016002": {
        "name": "",
        "clearRewardId": 1,
        "sPlusRewardId": 1,
        "scoreRewardGroup": 11000126,
        "bRankTime": 702000,
        "aRankTime": 537000,
        "sRankTime": 372000,
        "sPlusRankTime": 240000,
        "rankPointReward": 290,
        "characterExpReward": 410,
        "manaReward": 900,
        "poolExpReward": 410
    },
    "200016003": {
        "name": "",
        "clearRewardId": 31,
        "sPlusRewardId": 1,
        "scoreRewardGroup": 11000127,
        "bRankTime": 702000,
        "aRankTime": 537000,
        "sRankTime": 372000,
        "sPlusRankTime": 240000,
        "rankPointReward": 569,
        "characterExpReward": 1415,
        "manaReward": 1290,
        "poolExpReward": 1415
    },
    "200016004": {
        "name": "",
        "clearRewardId": 31,
        "sPlusRewardId": 1,
        "scoreRewardGroup": 11000128,
        "bRankTime": 702000,
        "aRankTime": 537000,
        "sRankTime": 372000,
        "sPlusRankTime": 240000,
        "rankPointReward": 1013,
        "characterExpReward": 2435,
        "manaReward": 2490,
        "poolExpReward": 2435
    },
    "200016005": {
        "name": "",
        "clearRewardId": 34,
        "sPlusRewardId": 1,
        "scoreRewardGroup": 11000129,
        "bRankTime": 702000,
        "aRankTime": 537000,
        "sRankTime": 372000,
        "sPlusRankTime": 240000,
        "rankPointReward": 1190,
        "characterExpReward": 2600,
        "manaReward": 2590,
        "poolExpReward": 2600
    },
    "200017001": {
        "name": "",
        "clearRewardId": 1,
        "sPlusRewardId": 1,
        "scoreRewardGroup": 11000143,
        "bRankTime": 738000,
        "aRankTime": 603000,
        "sRankTime": 468000,
        "sPlusRankTime": 360000,
        "rankPointReward": 47,
        "characterExpReward": 117,
        "manaReward": 390,
        "poolExpReward": 117
    },
    "200017002": {
        "name": "",
        "clearRewardId": 1,
        "sPlusRewardId": 1,
        "scoreRewardGroup": 11000144,
        "bRankTime": 738000,
        "aRankTime": 603000,
        "sRankTime": 468000,
        "sPlusRankTime": 360000,
        "rankPointReward": 290,
        "characterExpReward": 410,
        "manaReward": 900,
        "poolExpReward": 410
    },
    "200017003": {
        "name": "",
        "clearRewardId": 31,
        "sPlusRewardId": 1,
        "scoreRewardGroup": 11000145,
        "bRankTime": 738000,
        "aRankTime": 603000,
        "sRankTime": 468000,
        "sPlusRankTime": 360000,
        "rankPointReward": 569,
        "characterExpReward": 1415,
        "manaReward": 1290,
        "poolExpReward": 1415
    },
    "200017004": {
        "name": "",
        "clearRewardId": 31,
        "sPlusRewardId": 1,
        "scoreRewardGroup": 11000146,
        "bRankTime": 738000,
        "aRankTime": 603000,
        "sRankTime": 468000,
        "sPlusRankTime": 360000,
        "rankPointReward": 1013,
        "characterExpReward": 2435,
        "manaReward": 2490,
        "poolExpReward": 2435
    },
    "200018001": {
        "name": "",
        "clearRewardId": 1,
        "sPlusRewardId": 1,
        "scoreRewardGroup": 11000203,
        "bRankTime": 702000,
        "aRankTime": 537000,
        "sRankTime": 372000,
        "sPlusRankTime": 240000,
        "rankPointReward": 47,
        "characterExpReward": 117,
        "manaReward": 390,
        "poolExpReward": 117
    },
    "200018002": {
        "name": "",
        "clearRewardId": 1,
        "sPlusRewardId": 1,
        "scoreRewardGroup": 11000204,
        "bRankTime": 702000,
        "aRankTime": 537000,
        "sRankTime": 372000,
        "sPlusRankTime": 240000,
        "rankPointReward": 290,
        "characterExpReward": 410,
        "manaReward": 900,
        "poolExpReward": 410
    },
    "200018003": {
        "name": "",
        "clearRewardId": 31,
        "sPlusRewardId": 1,
        "scoreRewardGroup": 11000205,
        "bRankTime": 702000,
        "aRankTime": 537000,
        "sRankTime": 372000,
        "sPlusRankTime": 240000,
        "rankPointReward": 569,
        "characterExpReward": 1415,
        "manaReward": 1290,
        "poolExpReward": 1415
    },
    "200018004": {
        "name": "",
        "clearRewardId": 31,
        "sPlusRewardId": 1,
        "scoreRewardGroup": 11000206,
        "bRankTime": 702000,
        "aRankTime": 537000,
        "sRankTime": 372000,
        "sPlusRankTime": 240000,
        "rankPointReward": 1013,
        "characterExpReward": 2435,
        "manaReward": 2490,
        "poolExpReward": 2435
    },
    "200019001": {
        "name": "",
        "clearRewardId": 1,
        "sPlusRewardId": 1,
        "scoreRewardGroup": 11000193,
        "bRankTime": 702000,
        "aRankTime": 537000,
        "sRankTime": 372000,
        "sPlusRankTime": 240000,
        "rankPointReward": 47,
        "characterExpReward": 117,
        "manaReward": 390,
        "poolExpReward": 117
    },
    "200019002": {
        "name": "",
        "clearRewardId": 1,
        "sPlusRewardId": 1,
        "scoreRewardGroup": 11000194,
        "bRankTime": 702000,
        "aRankTime": 537000,
        "sRankTime": 372000,
        "sPlusRankTime": 240000,
        "rankPointReward": 290,
        "characterExpReward": 410,
        "manaReward": 900,
        "poolExpReward": 410
    },
    "200019003": {
        "name": "",
        "clearRewardId": 31,
        "sPlusRewardId": 1,
        "scoreRewardGroup": 11000195,
        "bRankTime": 702000,
        "aRankTime": 537000,
        "sRankTime": 372000,
        "sPlusRankTime": 240000,
        "rankPointReward": 569,
        "characterExpReward": 1415,
        "manaReward": 1290,
        "poolExpReward": 1415
    },
    "200019004": {
        "name": "",
        "clearRewardId": 31,
        "sPlusRewardId": 1,
        "scoreRewardGroup": 11000196,
        "bRankTime": 702000,
        "aRankTime": 537000,
        "sRankTime": 372000,
        "sPlusRankTime": 240000,
        "rankPointReward": 1013,
        "characterExpReward": 2435,
        "manaReward": 2490,
        "poolExpReward": 2435
    },
    "200019005": {
        "name": "",
        "clearRewardId": 34,
        "sPlusRewardId": 1,
        "scoreRewardGroup": 11000197,
        "bRankTime": 729000,
        "aRankTime": 586500,
        "sRankTime": 444000,
        "sPlusRankTime": 330000,
        "rankPointReward": 1190,
        "characterExpReward": 2600,
        "manaReward": 2590,
        "poolExpReward": 2600
    },
    "200020001": {
        "name": "",
        "clearRewardId": 1,
        "sPlusRewardId": 1,
        "scoreRewardGroup": 11000157,
        "bRankTime": 702000,
        "aRankTime": 537000,
        "sRankTime": 372000,
        "sPlusRankTime": 240000,
        "rankPointReward": 47,
        "characterExpReward": 117,
        "manaReward": 390,
        "poolExpReward": 117
    },
    "200020002": {
        "name": "",
        "clearRewardId": 1,
        "sPlusRewardId": 1,
        "scoreRewardGroup": 11000158,
        "bRankTime": 702000,
        "aRankTime": 537000,
        "sRankTime": 372000,
        "sPlusRankTime": 240000,
        "rankPointReward": 290,
        "characterExpReward": 410,
        "manaReward": 900,
        "poolExpReward": 410
    },
    "200020003": {
        "name": "",
        "clearRewardId": 31,
        "sPlusRewardId": 1,
        "scoreRewardGroup": 11000159,
        "bRankTime": 702000,
        "aRankTime": 537000,
        "sRankTime": 372000,
        "sPlusRankTime": 240000,
        "rankPointReward": 569,
        "characterExpReward": 1415,
        "manaReward": 1290,
        "poolExpReward": 1415
    },
    "200020004": {
        "name": "",
        "clearRewardId": 31,
        "sPlusRewardId": 1,
        "scoreRewardGroup": 11000160,
        "bRankTime": 702000,
        "aRankTime": 537000,
        "sRankTime": 372000,
        "sPlusRankTime": 240000,
        "rankPointReward": 1013,
        "characterExpReward": 2435,
        "manaReward": 2490,
        "poolExpReward": 2435
    },
    "200020005": {
        "name": "",
        "clearRewardId": 34,
        "sPlusRewardId": 1,
        "scoreRewardGroup": 11000161,
        "bRankTime": 702000,
        "aRankTime": 537000,
        "sRankTime": 372000,
        "sPlusRankTime": 240000,
        "rankPointReward": 1190,
        "characterExpReward": 2600,
        "manaReward": 2590,
        "poolExpReward": 2600
    },
    "200021001": {
        "name": "",
        "clearRewardId": 1
    },
    "200021002": {
        "name": "",
        "clearRewardId": 1,
        "sPlusRewardId": 1,
        "scoreRewardGroup": 11000169,
        "bRankTime": 246000,
        "aRankTime": 201000,
        "sRankTime": 156000,
        "sPlusRankTime": 120000,
        "rankPointReward": 1013,
        "characterExpReward": 2435,
        "manaReward": 2490,
        "poolExpReward": 2435
    },
    "200021003": {
        "name": "",
        "clearRewardId": 1
    },
    "200021004": {
        "name": "",
        "clearRewardId": 1
    },
    "200021005": {
        "name": "",
        "clearRewardId": 71,
        "sPlusRewardId": 1,
        "scoreRewardGroup": 11000170,
        "bRankTime": 684000,
        "aRankTime": 504000,
        "sRankTime": 324000,
        "sPlusRankTime": 180000,
        "rankPointReward": 1013,
        "characterExpReward": 2435,
        "manaReward": 2490,
        "poolExpReward": 2435
    },
    "200021006": {
        "name": "",
        "clearRewardId": 71,
        "sPlusRewardId": 1,
        "scoreRewardGroup": 11000171,
        "bRankTime": 711000,
        "aRankTime": 553500,
        "sRankTime": 396000,
        "sPlusRankTime": 270000,
        "rankPointReward": 1013,
        "characterExpReward": 2435,
        "manaReward": 2490,
        "poolExpReward": 2435
    },
    "200021007": {
        "name": "",
        "clearRewardId": 1
    },
    "200021008": {
        "name": "",
        "clearRewardId": 1
    },
    "200021009": {
        "name": "",
        "clearRewardId": 34,
        "sPlusRewardId": 1,
        "scoreRewardGroup": 11000172,
        "bRankTime": 774000,
        "aRankTime": 669000,
        "sRankTime": 564000,
        "sPlusRankTime": 480000,
        "rankPointReward": 1013,
        "characterExpReward": 2435,
        "manaReward": 2490,
        "poolExpReward": 2435
    },
    "200025001": {
        "name": "",
        "clearRewardId": 1,
        "sPlusRewardId": 1,
        "scoreRewardGroup": 11000185,
        "bRankTime": 807000,
        "aRankTime": 604500,
        "sRankTime": 402000,
        "sPlusRankTime": 240000,
        "rankPointReward": 47,
        "characterExpReward": 117,
        "manaReward": 390,
        "poolExpReward": 117
    },
    "200025002": {
        "name": "",
        "clearRewardId": 1,
        "sPlusRewardId": 1,
        "scoreRewardGroup": 11000186,
        "bRankTime": 921000,
        "aRankTime": 688500,
        "sRankTime": 456000,
        "sPlusRankTime": 270000,
        "rankPointReward": 290,
        "characterExpReward": 410,
        "manaReward": 900,
        "poolExpReward": 410
    },
    "200025003": {
        "name": "",
        "clearRewardId": 31,
        "sPlusRewardId": 1,
        "scoreRewardGroup": 11000187,
        "bRankTime": 1210000,
        "aRankTime": 885000,
        "sRankTime": 560000,
        "sPlusRankTime": 300000,
        "rankPointReward": 569,
        "characterExpReward": 1415,
        "manaReward": 1290,
        "poolExpReward": 1415
    },
    "200025004": {
        "name": "",
        "clearRewardId": 31,
        "sPlusRewardId": 1,
        "scoreRewardGroup": 11000188,
        "bRankTime": 1359000,
        "aRankTime": 991500,
        "sRankTime": 624000,
        "sPlusRankTime": 330000,
        "rankPointReward": 1013,
        "characterExpReward": 2435,
        "manaReward": 2490,
        "poolExpReward": 2435
    },
    "200025005": {
        "name": "",
        "clearRewardId": 34,
        "sPlusRewardId": 1,
        "scoreRewardGroup": 11000189,
        "bRankTime": 1359000,
        "aRankTime": 991500,
        "sRankTime": 624000,
        "sPlusRankTime": 330000,
        "rankPointReward": 1190,
        "characterExpReward": 2600,
        "manaReward": 2590,
        "poolExpReward": 2600
    },
    "200028001": {
        "name": "",
        "clearRewardId": 1,
        "sPlusRewardId": 1,
        "scoreRewardGroup": 11000198,
        "bRankTime": 693000,
        "aRankTime": 520500,
        "sRankTime": 348000,
        "sPlusRankTime": 210000,
        "rankPointReward": 47,
        "characterExpReward": 117,
        "manaReward": 390,
        "poolExpReward": 117
    },
    "200028002": {
        "name": "",
        "clearRewardId": 1,
        "sPlusRewardId": 1,
        "scoreRewardGroup": 11000199,
        "bRankTime": 693000,
        "aRankTime": 520500,
        "sRankTime": 348000,
        "sPlusRankTime": 210000,
        "rankPointReward": 290,
        "characterExpReward": 410,
        "manaReward": 900,
        "poolExpReward": 410
    },
    "200028003": {
        "name": "",
        "clearRewardId": 1,
        "sPlusRewardId": 1,
        "scoreRewardGroup": 11000200,
        "bRankTime": 693000,
        "aRankTime": 520500,
        "sRankTime": 348000,
        "sPlusRankTime": 210000,
        "rankPointReward": 569,
        "characterExpReward": 1415,
        "manaReward": 1290,
        "poolExpReward": 1415
    },
    "200028004": {
        "name": "",
        "clearRewardId": 11500000,
        "sPlusRewardId": 1,
        "scoreRewardGroup": 11000201,
        "bRankTime": 693000,
        "aRankTime": 520500,
        "sRankTime": 348000,
        "sPlusRankTime": 210000,
        "rankPointReward": 1013,
        "characterExpReward": 2435,
        "manaReward": 2490,
        "poolExpReward": 2435
    },
    "200028005": {
        "name": "",
        "clearRewardId": 11500001,
        "sPlusRewardId": 1,
        "scoreRewardGroup": 11000202,
        "bRankTime": 693000,
        "aRankTime": 520500,
        "sRankTime": 348000,
        "sPlusRankTime": 210000,
        "rankPointReward": 1190,
        "characterExpReward": 2600,
        "manaReward": 2590,
        "poolExpReward": 2600
    },
    "200037001": {
        "name": "",
        "clearRewardId": 1,
        "sPlusRewardId": 1,
        "scoreRewardGroup": 11000248,
        "bRankTime": 693000,
        "aRankTime": 520500,
        "sRankTime": 348000,
        "sPlusRankTime": 210000,
        "rankPointReward": 47,
        "characterExpReward": 117,
        "manaReward": 390,
        "poolExpReward": 117
    },
    "200037002": {
        "name": "",
        "clearRewardId": 1,
        "sPlusRewardId": 1,
        "scoreRewardGroup": 11000249,
        "bRankTime": 693000,
        "aRankTime": 520500,
        "sRankTime": 348000,
        "sPlusRankTime": 210000,
        "rankPointReward": 290,
        "characterExpReward": 410,
        "manaReward": 900,
        "poolExpReward": 410
    },
    "200037003": {
        "name": "",
        "clearRewardId": 1,
        "sPlusRewardId": 1,
        "scoreRewardGroup": 11000250,
        "bRankTime": 693000,
        "aRankTime": 520500,
        "sRankTime": 348000,
        "sPlusRankTime": 210000,
        "rankPointReward": 569,
        "characterExpReward": 1415,
        "manaReward": 1290,
        "poolExpReward": 1415
    },
    "200037004": {
        "name": "",
        "clearRewardId": 11500000,
        "sPlusRewardId": 1,
        "scoreRewardGroup": 11000251,
        "bRankTime": 693000,
        "aRankTime": 520500,
        "sRankTime": 348000,
        "sPlusRankTime": 210000,
        "rankPointReward": 1013,
        "characterExpReward": 2435,
        "manaReward": 2490,
        "poolExpReward": 2435
    },
    "200037005": {
        "name": "",
        "clearRewardId": 11500001,
        "sPlusRewardId": 1,
        "scoreRewardGroup": 11000252,
        "bRankTime": 693000,
        "aRankTime": 520500,
        "sRankTime": 348000,
        "sPlusRankTime": 210000,
        "rankPointReward": 1190,
        "characterExpReward": 2600,
        "manaReward": 2590,
        "poolExpReward": 2600
    },
    "200038001": {
        "name": "",
        "clearRewardId": 1,
        "sPlusRewardId": 1,
        "scoreRewardGroup": 11000253,
        "bRankTime": 702000,
        "aRankTime": 537000,
        "sRankTime": 372000,
        "sPlusRankTime": 240000,
        "rankPointReward": 47,
        "characterExpReward": 117,
        "manaReward": 390,
        "poolExpReward": 117
    },
    "200038002": {
        "name": "",
        "clearRewardId": 1,
        "sPlusRewardId": 1,
        "scoreRewardGroup": 11000254,
        "bRankTime": 702000,
        "aRankTime": 537000,
        "sRankTime": 372000,
        "sPlusRankTime": 240000,
        "rankPointReward": 290,
        "characterExpReward": 410,
        "manaReward": 900,
        "poolExpReward": 410
    },
    "200038003": {
        "name": "",
        "clearRewardId": 31,
        "sPlusRewardId": 1,
        "scoreRewardGroup": 11000255,
        "bRankTime": 702000,
        "aRankTime": 537000,
        "sRankTime": 372000,
        "sPlusRankTime": 240000,
        "rankPointReward": 569,
        "characterExpReward": 1415,
        "manaReward": 1290,
        "poolExpReward": 1415
    },
    "200038004": {
        "name": "",
        "clearRewardId": 31,
        "sPlusRewardId": 1,
        "scoreRewardGroup": 11000256,
        "bRankTime": 702000,
        "aRankTime": 537000,
        "sRankTime": 372000,
        "sPlusRankTime": 240000,
        "rankPointReward": 1013,
        "characterExpReward": 2435,
        "manaReward": 2490,
        "poolExpReward": 2435
    },
    "200038005": {
        "name": "",
        "clearRewardId": 34,
        "sPlusRewardId": 1,
        "scoreRewardGroup": 11000257,
        "bRankTime": 702000,
        "aRankTime": 537000,
        "sRankTime": 372000,
        "sPlusRankTime": 240000,
        "rankPointReward": 1190,
        "characterExpReward": 2600,
        "manaReward": 2590,
        "poolExpReward": 2600
    },
    "200050001": {
        "name": "",
        "clearRewardId": 1
    },
    "200050002": {
        "name": "",
        "clearRewardId": 1,
        "sPlusRewardId": 1,
        "scoreRewardGroup": 11000324,
        "bRankTime": 246000,
        "aRankTime": 201000,
        "sRankTime": 156000,
        "sPlusRankTime": 120000,
        "rankPointReward": 1013,
        "characterExpReward": 2435,
        "manaReward": 2490,
        "poolExpReward": 2435
    },
    "200050003": {
        "name": "",
        "clearRewardId": 1
    },
    "200050004": {
        "name": "",
        "clearRewardId": 1
    },
    "200050005": {
        "name": "",
        "clearRewardId": 71,
        "sPlusRewardId": 1,
        "scoreRewardGroup": 11000325,
        "bRankTime": 684000,
        "aRankTime": 504000,
        "sRankTime": 324000,
        "sPlusRankTime": 180000,
        "rankPointReward": 1013,
        "characterExpReward": 2435,
        "manaReward": 2490,
        "poolExpReward": 2435
    },
    "200050006": {
        "name": "",
        "clearRewardId": 71,
        "sPlusRewardId": 1,
        "scoreRewardGroup": 11000326,
        "bRankTime": 711000,
        "aRankTime": 553500,
        "sRankTime": 396000,
        "sPlusRankTime": 270000,
        "rankPointReward": 1013,
        "characterExpReward": 2435,
        "manaReward": 2490,
        "poolExpReward": 2435
    },
    "200050007": {
        "name": "",
        "clearRewardId": 1
    },
    "200050008": {
        "name": "",
        "clearRewardId": 1
    },
    "200050009": {
        "name": "",
        "clearRewardId": 34,
        "sPlusRewardId": 1,
        "scoreRewardGroup": 11000327,
        "bRankTime": 774000,
        "aRankTime": 669000,
        "sRankTime": 564000,
        "sPlusRankTime": 480000,
        "rankPointReward": 1013,
        "characterExpReward": 2435,
        "manaReward": 2490,
        "poolExpReward": 2435
    },
    "200051001": {
        "name": "",
        "clearRewardId": 1,
        "sPlusRewardId": 1,
        "scoreRewardGroup": 11000328,
        "bRankTime": 702000,
        "aRankTime": 537000,
        "sRankTime": 372000,
        "sPlusRankTime": 240000,
        "rankPointReward": 47,
        "characterExpReward": 117,
        "manaReward": 390,
        "poolExpReward": 117
    },
    "200051002": {
        "name": "",
        "clearRewardId": 1,
        "sPlusRewardId": 1,
        "scoreRewardGroup": 11000329,
        "bRankTime": 702000,
        "aRankTime": 537000,
        "sRankTime": 372000,
        "sPlusRankTime": 240000,
        "rankPointReward": 290,
        "characterExpReward": 410,
        "manaReward": 900,
        "poolExpReward": 410
    },
    "200051003": {
        "name": "",
        "clearRewardId": 31,
        "sPlusRewardId": 1,
        "scoreRewardGroup": 11000330,
        "bRankTime": 702000,
        "aRankTime": 537000,
        "sRankTime": 372000,
        "sPlusRankTime": 240000,
        "rankPointReward": 569,
        "characterExpReward": 1415,
        "manaReward": 1290,
        "poolExpReward": 1415
    },
    "200051004": {
        "name": "",
        "clearRewardId": 31,
        "sPlusRewardId": 1,
        "scoreRewardGroup": 11000331,
        "bRankTime": 702000,
        "aRankTime": 537000,
        "sRankTime": 372000,
        "sPlusRankTime": 240000,
        "rankPointReward": 1013,
        "characterExpReward": 2435,
        "manaReward": 2490,
        "poolExpReward": 2435
    },
    "200051005": {
        "name": "",
        "clearRewardId": 34,
        "sPlusRewardId": 1,
        "scoreRewardGroup": 11000332,
        "bRankTime": 729000,
        "aRankTime": 586500,
        "sRankTime": 444000,
        "sPlusRankTime": 330000,
        "rankPointReward": 1190,
        "characterExpReward": 2600,
        "manaReward": 2590,
        "poolExpReward": 2600
    },
    "200052001": {
        "name": "",
        "clearRewardId": 1,
        "sPlusRewardId": 1,
        "scoreRewardGroup": 11000333,
        "bRankTime": 720000,
        "aRankTime": 570000,
        "sRankTime": 420000,
        "sPlusRankTime": 300000,
        "rankPointReward": 47,
        "characterExpReward": 117,
        "manaReward": 390,
        "poolExpReward": 117
    },
    "200052002": {
        "name": "",
        "clearRewardId": 1,
        "sPlusRewardId": 1,
        "scoreRewardGroup": 11000334,
        "bRankTime": 720000,
        "aRankTime": 570000,
        "sRankTime": 420000,
        "sPlusRankTime": 300000,
        "rankPointReward": 290,
        "characterExpReward": 410,
        "manaReward": 900,
        "poolExpReward": 410
    },
    "200052003": {
        "name": "",
        "clearRewardId": 31,
        "sPlusRewardId": 1,
        "scoreRewardGroup": 11000335,
        "bRankTime": 720000,
        "aRankTime": 570000,
        "sRankTime": 420000,
        "sPlusRankTime": 300000,
        "rankPointReward": 569,
        "characterExpReward": 1415,
        "manaReward": 1290,
        "poolExpReward": 1415
    },
    "200052004": {
        "name": "",
        "clearRewardId": 31,
        "sPlusRewardId": 1,
        "scoreRewardGroup": 11000336,
        "bRankTime": 711000,
        "aRankTime": 553500,
        "sRankTime": 396000,
        "sPlusRankTime": 270000,
        "rankPointReward": 1013,
        "characterExpReward": 2435,
        "manaReward": 2490,
        "poolExpReward": 2435
    },
    "200052005": {
        "name": "",
        "clearRewardId": 34,
        "sPlusRewardId": 1,
        "scoreRewardGroup": 11000337,
        "bRankTime": 702000,
        "aRankTime": 537000,
        "sRankTime": 372000,
        "sPlusRankTime": 240000,
        "rankPointReward": 1190,
        "characterExpReward": 2600,
        "manaReward": 2590,
        "poolExpReward": 2600
    },
    "200053001": {
        "name": "",
        "clearRewardId": 1,
        "sPlusRewardId": 1,
        "scoreRewardGroup": 11000338,
        "bRankTime": 738000,
        "aRankTime": 603000,
        "sRankTime": 468000,
        "sPlusRankTime": 360000,
        "rankPointReward": 47,
        "characterExpReward": 117,
        "manaReward": 390,
        "poolExpReward": 117
    },
    "200053002": {
        "name": "",
        "clearRewardId": 1,
        "sPlusRewardId": 1,
        "scoreRewardGroup": 11000339,
        "bRankTime": 738000,
        "aRankTime": 603000,
        "sRankTime": 468000,
        "sPlusRankTime": 360000,
        "rankPointReward": 290,
        "characterExpReward": 410,
        "manaReward": 900,
        "poolExpReward": 410
    },
    "200053003": {
        "name": "",
        "clearRewardId": 31,
        "sPlusRewardId": 1,
        "scoreRewardGroup": 11000340,
        "bRankTime": 738000,
        "aRankTime": 603000,
        "sRankTime": 468000,
        "sPlusRankTime": 360000,
        "rankPointReward": 569,
        "characterExpReward": 1415,
        "manaReward": 1290,
        "poolExpReward": 1415
    },
    "200053004": {
        "name": "",
        "clearRewardId": 31,
        "sPlusRewardId": 1,
        "scoreRewardGroup": 11000341,
        "bRankTime": 738000,
        "aRankTime": 603000,
        "sRankTime": 468000,
        "sPlusRankTime": 360000,
        "rankPointReward": 1013,
        "characterExpReward": 2435,
        "manaReward": 2490,
        "poolExpReward": 2435
    },
    "200056001": {
        "name": "",
        "clearRewardId": 1,
        "sPlusRewardId": 1,
        "scoreRewardGroup": 11000351,
        "bRankTime": 702000,
        "aRankTime": 537000,
        "sRankTime": 372000,
        "sPlusRankTime": 240000,
        "rankPointReward": 47,
        "characterExpReward": 117,
        "manaReward": 390,
        "poolExpReward": 117
    },
    "200056002": {
        "name": "",
        "clearRewardId": 1,
        "sPlusRewardId": 1,
        "scoreRewardGroup": 11000352,
        "bRankTime": 702000,
        "aRankTime": 537000,
        "sRankTime": 372000,
        "sPlusRankTime": 240000,
        "rankPointReward": 290,
        "characterExpReward": 410,
        "manaReward": 900,
        "poolExpReward": 410
    },
    "200056003": {
        "name": "",
        "clearRewardId": 31,
        "sPlusRewardId": 1,
        "scoreRewardGroup": 11000353,
        "bRankTime": 702000,
        "aRankTime": 537000,
        "sRankTime": 372000,
        "sPlusRankTime": 240000,
        "rankPointReward": 569,
        "characterExpReward": 1415,
        "manaReward": 1290,
        "poolExpReward": 1415
    },
    "200056004": {
        "name": "",
        "clearRewardId": 31,
        "sPlusRewardId": 1,
        "scoreRewardGroup": 11000354,
        "bRankTime": 702000,
        "aRankTime": 537000,
        "sRankTime": 372000,
        "sPlusRankTime": 240000,
        "rankPointReward": 1013,
        "characterExpReward": 2435,
        "manaReward": 2490,
        "poolExpReward": 2435
    },
    "200056005": {
        "name": "",
        "clearRewardId": 34,
        "sPlusRewardId": 1,
        "scoreRewardGroup": 11000355,
        "bRankTime": 702000,
        "aRankTime": 537000,
        "sRankTime": 372000,
        "sPlusRankTime": 240000,
        "rankPointReward": 1190,
        "characterExpReward": 2600,
        "manaReward": 2590,
        "poolExpReward": 2600
    }
}