{
    "1001001": {
        "name": "",
        "clearRewardId": 1,
        "sPlusRewardId": 1,
        "scoreRewardGroup": 200000,
        "bRankTime": 474000,
        "aRankTime": 369000,
        "sRankTime": 264000,
        "sPlusRankTime": 180000,
        "rankPointReward": 14,
        "characterExpReward": 26,
        "manaReward": 135,
        "poolExpReward": 26
    },
    "1002001": {
        "name": "",
        "clearRewardId": 1,
        "sPlusRewardId": 1,
        "scoreRewardGroup": 200004,
        "bRankTime": 474000,
        "aRankTime": 369000,
        "sRankTime": 264000,
        "sPlusRankTime": 180000,
        "rankPointReward": 36,
        "characterExpReward": 103,
        "manaReward": 360,
        "poolExpReward": 103
    },
    "1002002": {
        "name": "",
        "clearRewardId": 1,
        "sPlusRewardId": 1,
        "scoreRewardGroup": 200005,
        "bRankTime": 483000,
        "aRankTime": 385500,
        "sRankTime": 288000,
        "sPlusRankTime": 210000,
        "rankPointReward": 186,
        "characterExpReward": 360,
        "manaReward": 840,
        "poolExpReward": 360
    },
    "1002003": {
        "name": "",
        "clearRewardId": 1,
        "sPlusRewardId": 1,
        "scoreRewardGroup": 200006,
        "bRankTime": 702000,
        "aRankTime": 537000,
        "sRankTime": 372000,
        "sPlusRankTime": 240000,
        "rankPointReward": 357,
        "characterExpReward": 1240,
        "manaReward": 1200,
        "poolExpReward": 1240
    },
    "1002004": {
        "name": "",
        "clearRewardId": 1,
        "sPlusRewardId": 1,
        "scoreRewardGroup": 200007,
        "bRankTime": 765000,
        "aRankTime": 652500,
        "sRankTime": 540000,
        "sPlusRankTime": 450000,
        "rankPointReward": 419,
        "characterExpReward": 1420,
        "manaReward": 1440,
        "poolExpReward": 1420
    },
    "1003001": {
        "name": "",
        "clearRewardId": 1,
        "sPlusRewardId": 1,
        "scoreRewardGroup": 200008,
        "bRankTime": 474000,
        "aRankTime": 369000,
        "sRankTime": 264000,
        "sPlusRankTime": 180000,
        "rankPointReward": 38,
        "characterExpReward": 117,
        "manaReward": 390,
        "poolExpReward": 117
    },
    "1003002": {
        "name": "",
        "clearRewardId": 1,
        "sPlusRewardId": 1,
        "scoreRewardGroup": 200009,
        "bRankTime": 483000,
        "aRankTime": 385500,
        "sRankTime": 288000,
        "sPlusRankTime": 210000,
        "rankPointReward": 207,
        "characterExpReward": 410,
        "manaReward": 900,
        "poolExpReward": 410
    },
    "1003003": {
        "name": "",
        "clearRewardId": 1,
        "sPlusRewardId": 1,
        "scoreRewardGroup": 200010,
        "bRankTime": 912000,
        "aRankTime": 672000,
        "sRankTime": 432000,
        "sPlusRankTime": 240000,
        "rankPointReward": 399,
        "characterExpReward": 1415,
        "manaReward": 1290,
        "poolExpReward": 1415
    },
    "1003004": {
        "name": "",
        "clearRewardId": 1,
        "sPlusRewardId": 1,
        "scoreRewardGroup": 200011,
        "bRankTime": 1255000,
        "aRankTime": 967500,
        "sRankTime": 680000,
        "sPlusRankTime": 450000,
        "rankPointReward": 468,
        "characterExpReward": 1620,
        "manaReward": 1560,
        "poolExpReward": 1620
    },
    "1005001": {
        "name": "",
        "clearRewardId": 1,
        "sPlusRewardId": 1,
        "scoreRewardGroup": 200016,
        "bRankTime": 474000,
        "aRankTime": 369000,
        "sRankTime": 264000,
        "sPlusRankTime": 180000,
        "rankPointReward": 36,
        "characterExpReward": 103,
        "manaReward": 360,
        "poolExpReward": 103
    },
    "1005002": {
        "name": "",
        "clearRewardId": 1,
        "sPlusRewardId": 1,
        "scoreRewardGroup": 200017,
        "bRankTime": 483000,
        "aRankTime": 385500,
        "sRankTime": 288000,
        "sPlusRankTime": 210000,
        "rankPointReward": 200,
        "characterExpReward": 395,
        "manaReward": 870,
        "poolExpReward": 395
    },
    "1005003": {
        "name": "",
        "clearRewardId": 1,
        "sPlusRewardId": 1,
        "scoreRewardGroup": 200018,
        "bRankTime": 702000,
        "aRankTime": 537000,
        "sRankTime": 372000,
        "sPlusRankTime": 240000,
        "rankPointReward": 357,
        "characterExpReward": 1240,
        "manaReward": 1200,
        "poolExpReward": 1240
    },
    "1005004": {
        "name": "",
        "clearRewardId": 1,
        "sPlusRewardId": 1,
        "scoreRewardGroup": 200019,
        "bRankTime": 765000,
        "aRankTime": 652500,
        "sRankTime": 540000,
        "sPlusRankTime": 450000,
        "rankPointReward": 419,
        "characterExpReward": 1420,
        "manaReward": 1440,
        "poolExpReward": 1420
    },
    "1006001": {
        "name": "",
        "clearRewardId": 1,
        "sPlusRewardId": 1,
        "scoreRewardGroup": 200020,
        "bRankTime": 474000,
        "aRankTime": 369000,
        "sRankTime": 264000,
        "sPlusRankTime": 180000,
        "rankPointReward": 38,
        "characterExpReward": 117,
        "manaReward": 390,
        "poolExpReward": 117
    },
    "1006002": {
        "name": "",
        "clearRewardId": 1,
        "sPlusRewardId": 1,
        "scoreRewardGroup": 200021,
        "bRankTime": 483000,
        "aRankTime": 385500,
        "sRankTime": 288000,
        "sPlusRankTime": 210000,
        "rankPointReward": 223,
        "characterExpReward": 450,
        "manaReward": 960,
        "poolExpReward": 450
    },
    "1006003": {
        "name": "",
        "clearRewardId": 1,
        "sPlusRewardId": 1,
        "scoreRewardGroup": 200022,
        "bRankTime": 1273000,
        "aRankTime": 1000500,
        "sRankTime": 728000,
        "sPlusRankTime": 510000,
        "rankPointReward": 468,
        "characterExpReward": 1620,
        "manaReward": 1560,
        "poolExpReward": 1620
    },
    "1006004": {
        "name": "",
        "clearRewardId": 1,
        "sPlusRewardId": 1,
        "scoreRewardGroup": 200023,
        "bRankTime": 921000,
        "aRankTime": 688500,
        "sRankTime": 456000,
        "sPlusRankTime": 270000,
        "rankPointReward": 399,
        "characterExpReward": 1415,
        "manaReward": 1290,
        "poolExpReward": 1415
    },
    "1009001": {
        "name": "",
        "clearRewardId": 1,
        "sPlusRewardId": 1,
        "scoreRewardGroup": 200032,
        "bRankTime": 474000,
        "aRankTime": 369000,
        "sRankTime": 264000,
        "sPlusRankTime": 180000,
        "rankPointReward": 36,
        "characterExpReward": 103,
        "manaReward": 360,
        "poolExpReward": 103
    },
    "1009002": {
        "name": "",
        "clearRewardId": 1,
        "sPlusRewardId": 1,
        "scoreRewardGroup": 200033,
        "bRankTime": 483000,
        "aRankTime": 385500,
        "sRankTime": 288000,
        "sPlusRankTime": 210000,
        "rankPointReward": 200,
        "characterExpReward": 395,
        "manaReward": 870,
        "poolExpReward": 395
    },
    "1009003": {
        "name": "",
        "clearRewardId": 1,
        "sPlusRewardId": 1,
        "scoreRewardGroup": 200034,
        "bRankTime": 702000,
        "aRankTime": 537000,
        "sRankTime": 372000,
        "sPlusRankTime": 240000,
        "rankPointReward": 357,
        "characterExpReward": 1240,
        "manaReward": 1200,
        "poolExpReward": 1240
    },
    "1009004": {
        "name": "",
        "clearRewardId": 1,
        "sPlusRewardId": 1,
        "scoreRewardGroup": 200035,
        "bRankTime": 765000,
        "aRankTime": 652500,
        "sRankTime": 540000,
        "sPlusRankTime": 450000,
        "rankPointReward": 419,
        "characterExpReward": 1420,
        "manaReward": 1440,
        "poolExpReward": 1420
    },
    "1010001": {
        "name": "",
        "clearRewardId": 1,
        "sPlusRewardId": 1,
        "scoreRewardGroup": 200036,
        "bRankTime": 474000,
        "aRankTime": 369000,
        "sRankTime": 264000,
        "sPlusRankTime": 180000,
        "rankPointReward": 36,
        "characterExpReward": 103,
        "manaReward": 360,
        "poolExpReward": 103
    },
    "1010002": {
        "name": "",
        "clearRewardId": 1,
        "sPlusRewardId": 1,
        "scoreRewardGroup": 200037,
        "bRankTime": 483000,
        "aRankTime": 385500,
        "sRankTime": 288000,
        "sPlusRankTime": 210000,
        "rankPointReward": 200,
        "characterExpReward": 395,
        "manaReward": 870,
        "poolExpReward": 395
    },
    "1010003": {
        "name": "",
        "clearRewardId": 1,
        "sPlusRewardId": 1,
        "scoreRewardGroup": 200038,
        "bRankTime": 921000,
        "aRankTime": 688500,
        "sRankTime": 456000,
        "sPlusRankTime": 270000,
        "rankPointReward": 357,
        "characterExpReward": 1240,
        "manaReward": 1200,
        "poolExpReward": 1240
    },
    "1010004": {
        "name": "",
        "clearRewardId": 1,
        "sPlusRewardId": 1,
        "scoreRewardGroup": 200039,
        "bRankTime": 2736000,
        "aRankTime": 2016000,
        "sRankTime": 1296000,
        "sPlusRankTime": 720000,
        "rankPointReward": 419,
        "characterExpReward": 1420,
        "manaReward": 1440,
        "poolExpReward": 1420
    },
    "1012001": {
        "name": "",
        "clearRewardId": 1,
        "sPlusRewardId": 1,
        "scoreRewardGroup": 200044,
        "bRankTime": 474000,
        "aRankTime": 369000,
        "sRankTime": 264000,
        "sPlusRankTime": 180000,
        "rankPointReward": 42,
        "characterExpReward": 145,
        "manaReward": 450,
        "poolExpReward": 145
    },
    "1012002": {
        "name": "",
        "clearRewardId": 1,
        "sPlusRewardId": 1,
        "scoreRewardGroup": 200045,
        "bRankTime": 492000,
        "aRankTime": 402000,
        "sRankTime": 312000,
        "sPlusRankTime": 240000,
        "rankPointReward": 240,
        "characterExpReward": 850,
        "manaReward": 1020,
        "poolExpReward": 850
    },
    "1012003": {
        "name": "",
        "clearRewardId": 1,
        "sPlusRewardId": 1,
        "scoreRewardGroup": 200046,
        "bRankTime": 930000,
        "aRankTime": 705000,
        "sRankTime": 480000,
        "sPlusRankTime": 300000,
        "rankPointReward": 399,
        "characterExpReward": 1415,
        "manaReward": 1290,
        "poolExpReward": 1415
    },
    "1012004": {
        "name": "",
        "clearRewardId": 1,
        "sPlusRewardId": 1,
        "scoreRewardGroup": 200047,
        "bRankTime": 1264000,
        "aRankTime": 984000,
        "sRankTime": 704000,
        "sPlusRankTime": 480000,
        "rankPointReward": 468,
        "characterExpReward": 1620,
        "manaReward": 1560,
        "poolExpReward": 1620
    },
    "1013001": {
        "name": "",
        "clearRewardId": 1,
        "sPlusRewardId": 1,
        "scoreRewardGroup": 200048,
        "bRankTime": 474000,
        "aRankTime": 369000,
        "sRankTime": 264000,
        "sPlusRankTime": 180000,
        "rankPointReward": 39,
        "characterExpReward": 128,
        "manaReward": 420,
        "poolExpReward": 128
    },
    "1013002": {
        "name": "",
        "clearRewardId": 1,
        "sPlusRewardId": 1,
        "scoreRewardGroup": 200049,
        "bRankTime": 483000,
        "aRankTime": 385500,
        "sRankTime": 288000,
        "sPlusRankTime": 210000,
        "rankPointReward": 215,
        "characterExpReward": 745,
        "manaReward": 930,
        "poolExpReward": 745
    },
    "1013003": {
        "name": "",
        "clearRewardId": 1,
        "sPlusRewardId": 1,
        "scoreRewardGroup": 200100,
        "bRankTime": 894000,
        "aRankTime": 639000,
        "sRankTime": 384000,
        "sPlusRankTime": 180000,
        "rankPointReward": 357,
        "characterExpReward": 1240,
        "manaReward": 1200,
        "poolExpReward": 1240
    },
    "1013004": {
        "name": "",
        "clearRewardId": 1,
        "sPlusRewardId": 1,
        "scoreRewardGroup": 200101,
        "bRankTime": 1201000,
        "aRankTime": 868500,
        "sRankTime": 536000,
        "sPlusRankTime": 270000,
        "rankPointReward": 419,
        "characterExpReward": 1420,
        "manaReward": 1440,
        "poolExpReward": 1420
    },
    "1014001": {
        "name": "",
        "clearRewardId": 1,
        "sPlusRewardId": 1,
        "scoreRewardGroup": 200051,
        "bRankTime": 474000,
        "aRankTime": 369000,
        "sRankTime": 264000,
        "sPlusRankTime": 180000,
        "rankPointReward": 42,
        "characterExpReward": 145,
        "manaReward": 450,
        "poolExpReward": 145
    },
    "1014002": {
        "name": "",
        "clearRewardId": 1,
        "sPlusRewardId": 1,
        "scoreRewardGroup": 200052,
        "bRankTime": 483000,
        "aRankTime": 385500,
        "sRankTime": 288000,
        "sPlusRankTime": 210000,
        "rankPointReward": 240,
        "characterExpReward": 850,
        "manaReward": 1020,
        "poolExpReward": 850
    },
    "1014003": {
        "name": "",
        "clearRewardId": 1,
        "sPlusRewardId": 1,
        "scoreRewardGroup": 200053,
        "bRankTime": 930000,
        "aRankTime": 705000,
        "sRankTime": 480000,
        "sPlusRankTime": 300000,
        "rankPointReward": 399,
        "characterExpReward": 1415,
        "manaReward": 1290,
        "poolExpReward": 1415
    },
    "1014004": {
        "name": "",
        "clearRewardId": 1,
        "sPlusRewardId": 1,
        "scoreRewardGroup": 200054,
        "bRankTime": 1228000,
        "aRankTime": 918000,
        "sRankTime": 608000,
        "sPlusRankTime": 360000,
        "rankPointReward": 468,
        "characterExpReward": 1620,
        "manaReward": 1560,
        "poolExpReward": 1620
    },
    "1016001": {
        "name": "",
        "clearRewardId": 1,
        "sPlusRewardId": 1,
        "scoreRewardGroup": 200057,
        "bRankTime": 474000,
        "aRankTime": 369000,
        "sRankTime": 264000,
        "sPlusRankTime": 180000,
        "rankPointReward": 39,
        "characterExpReward": 128,
        "manaReward": 420,
        "poolExpReward": 128
    },
    "1016002": {
        "name": "",
        "clearRewardId": 1,
        "sPlusRewardId": 1,
        "scoreRewardGroup": 200058,
        "bRankTime": 483000,
        "aRankTime": 385500,
        "sRankTime": 288000,
        "sPlusRankTime": 210000,
        "rankPointReward": 215,
        "characterExpReward": 745,
        "manaReward": 930,
        "poolExpReward": 745
    },
    "1016003": {
        "name": "",
        "clearRewardId": 1,
        "sPlusRewardId": 1,
        "scoreRewardGroup": 200072,
        "bRankTime": 930000,
        "aRankTime": 705000,
        "sRankTime": 480000,
        "sPlusRankTime": 300000,
        "rankPointReward": 357,
        "characterExpReward": 1240,
        "manaReward": 1200,
        "poolExpReward": 1240
    },
    "1016004": {
        "name": "",
        "clearRewardId": 1,
        "sPlusRewardId": 1,
        "scoreRewardGroup": 200073,
        "bRankTime": 1201000,
        "aRankTime": 868500,
        "sRankTime": 536000,
        "sPlusRankTime": 270000,
        "rankPointReward": 419,
        "characterExpReward": 1420,
        "manaReward": 1440,
        "poolExpReward": 1420
    },
    "1017001": {
        "name": "",
        "clearRewardId": 1,
        "sPlusRewardId": 1,
        "scoreRewardGroup": 200060,
        "bRankTime": 474000,
        "aRankTime": 369000,
        "sRankTime": 264000,
        "sPlusRankTime": 180000,
        "rankPointReward": 42,
        "characterExpReward": 145,
        "manaReward": 450,
        "poolExpReward": 145
    },
    "1017002": {
        "name": "",
        "clearRewardId": 1,
        "sPlusRewardId": 1,
        "scoreRewardGroup": 200061,
        "bRankTime": 492000,
        "aRankTime": 402000,
        "sRankTime": 312000,
        "sPlusRankTime": 240000,
        "rankPointReward": 240,
        "characterExpReward": 850,
        "manaReward": 1020,
        "poolExpReward": 850
    },
    "1017003": {
        "name": "",
        "clearRewardId": 1,
        "sPlusRewardId": 1,
        "scoreRewardGroup": 200062,
        "bRankTime": 930000,
        "aRankTime": 705000,
        "sRankTime": 480000,
        "sPlusRankTime": 300000,
        "rankPointReward": 399,
        "characterExpReward": 1415,
        "manaReward": 1290,
        "poolExpReward": 1415
    },
    "1017004": {
        "name": "",
        "clearRewardId": 1,
        "sPlusRewardId": 1,
        "scoreRewardGroup": 200063,
        "bRankTime": 1282000,
        "aRankTime": 1017000,
        "sRankTime": 752000,
        "sPlusRankTime": 540000,
        "rankPointReward": 468,
        "characterExpReward": 1620,
        "manaReward": 1560,
        "poolExpReward": 1620
    },
    "1019001": {
        "name": "",
        "clearRewardId": 1,
        "sPlusRewardId": 1,
        "scoreRewardGroup": 200066,
        "bRankTime": 474000,
        "aRankTime": 369000,
        "sRankTime": 264000,
        "sPlusRankTime": 180000,
        "rankPointReward": 39,
        "characterExpReward": 128,
        "manaReward": 420,
        "poolExpReward": 128
    },
    "1019002": {
        "name": "",
        "clearRewardId": 1,
        "sPlusRewardId": 1,
        "scoreRewardGroup": 200067,
        "bRankTime": 483000,
        "aRankTime": 385500,
        "sRankTime": 288000,
        "sPlusRankTime": 210000,
        "rankPointReward": 215,
        "characterExpReward": 745,
        "manaReward": 930,
        "poolExpReward": 745
    },
    "1019003": {
        "name": "",
        "clearRewardId": 1,
        "sPlusRewardId": 1,
        "scoreRewardGroup": 200078,
        "bRankTime": 894000,
        "aRankTime": 639000,
        "sRankTime": 384000,
        "sPlusRankTime": 180000,
        "rankPointReward": 357,
        "characterExpReward": 1240,
        "manaReward": 1200,
        "poolExpReward": 1240
    },
    "1019004": {
        "name": "",
        "clearRewardId": 1,
        "sPlusRewardId": 1,
        "scoreRewardGroup": 200079,
        "bRankTime": 1201000,
        "aRankTime": 868500,
        "sRankTime": 536000,
        "sPlusRankTime": 270000,
        "rankPointReward": 419,
        "characterExpReward": 1420,
        "manaReward": 1440,
        "poolExpReward": 1420
    },
    "1020001": {
        "name": "",
        "clearRewardId": 1,
        "sPlusRewardId": 1,
        "scoreRewardGroup": 200069,
        "bRankTime": 1239000,
        "aRankTime": 946500,
        "sRankTime": 654000,
        "sPlusRankTime": 420000,
        "rankPointReward": 379,
        "characterExpReward": 1410,
        "manaReward": 1140,
        "poolExpReward": 1410
    },
    "1020002": {
        "name": "",
        "clearRewardId": 1,
        "sPlusRewardId": 1,
        "scoreRewardGroup": 200070,
        "bRankTime": 1440000,
        "aRankTime": 1140000,
        "sRankTime": 840000,
        "sPlusRankTime": 600000,
        "rankPointReward": 473,
        "characterExpReward": 1760,
        "manaReward": 1430,
        "poolExpReward": 1760
    },
    "1020003": {
        "name": "",
        "clearRewardId": 1,
        "sPlusRewardId": 1,
        "scoreRewardGroup": 200071,
        "bRankTime": 1860000,
        "aRankTime": 1410000,
        "sRankTime": 960000,
        "sPlusRankTime": 600000,
        "rankPointReward": 1013,
        "characterExpReward": 2435,
        "manaReward": 2490,
        "poolExpReward": 2435
    },
    "1022001": {
        "name": "",
        "clearRewardId": 1,
        "sPlusRewardId": 1,
        "scoreRewardGroup": 200074,
        "bRankTime": 474000,
        "aRankTime": 369000,
        "sRankTime": 264000,
        "sPlusRankTime": 180000,
        "rankPointReward": 42,
        "characterExpReward": 145,
        "manaReward": 450,
        "poolExpReward": 145
    },
    "1022002": {
        "name": "",
        "clearRewardId": 1,
        "sPlusRewardId": 1,
        "scoreRewardGroup": 200075,
        "bRankTime": 711000,
        "aRankTime": 553500,
        "sRankTime": 396000,
        "sPlusRankTime": 270000,
        "rankPointReward": 240,
        "characterExpReward": 850,
        "manaReward": 1020,
        "poolExpReward": 850
    },
    "1022003": {
        "name": "",
        "clearRewardId": 1,
        "sPlusRewardId": 1,
        "scoreRewardGroup": 200076,
        "bRankTime": 966000,
        "aRankTime": 771000,
        "sRankTime": 576000,
        "sPlusRankTime": 420000,
        "rankPointReward": 399,
        "characterExpReward": 1415,
        "manaReward": 1290,
        "poolExpReward": 1415
    },
    "1022004": {
        "name": "",
        "clearRewardId": 1,
        "sPlusRewardId": 1,
        "scoreRewardGroup": 200077,
        "bRankTime": 912000,
        "aRankTime": 672000,
        "sRankTime": 432000,
        "sPlusRankTime": 240000,
        "rankPointReward": 468,
        "characterExpReward": 1620,
        "manaReward": 1560,
        "poolExpReward": 1620
    },
    "1023001": {
        "name": "",
        "clearRewardId": 1,
        "sPlusRewardId": 1,
        "scoreRewardGroup": 200080,
        "bRankTime": 474000,
        "aRankTime": 369000,
        "sRankTime": 264000,
        "sPlusRankTime": 180000,
        "rankPointReward": 42,
        "characterExpReward": 145,
        "manaReward": 450,
        "poolExpReward": 145
    },
    "1023002": {
        "name": "",
        "clearRewardId": 1,
        "sPlusRewardId": 1,
        "scoreRewardGroup": 200081,
        "bRankTime": 483000,
        "aRankTime": 385500,
        "sRankTime": 288000,
        "sPlusRankTime": 210000,
        "rankPointReward": 240,
        "characterExpReward": 850,
        "manaReward": 1020,
        "poolExpReward": 850
    },
    "1023003": {
        "name": "",
        "clearRewardId": 1,
        "sPlusRewardId": 1,
        "scoreRewardGroup": 200082,
        "bRankTime": 930000,
        "aRankTime": 705000,
        "sRankTime": 480000,
        "sPlusRankTime": 300000,
        "rankPointReward": 399,
        "characterExpReward": 1415,
        "manaReward": 1290,
        "poolExpReward": 1415
    },
    "1023004": {
        "name": "",
        "clearRewardId": 1,
        "sPlusRewardId": 1,
        "scoreRewardGroup": 200083,
        "bRankTime": 1332000,
        "aRankTime": 942000,
        "sRankTime": 552000,
        "sPlusRankTime": 240000,
        "rankPointReward": 468,
        "characterExpReward": 1620,
        "manaReward": 1560,
        "poolExpReward": 1620
    },
    "1024001": {
        "name": "",
        "clearRewardId": 1,
        "sPlusRewardId": 1,
        "scoreRewardGroup": 200096,
        "bRankTime": 474000,
        "aRankTime": 369000,
        "sRankTime": 264000,
        "sPlusRankTime": 180000,
        "rankPointReward": 42,
        "characterExpReward": 145,
        "manaReward": 450,
        "poolExpReward": 145
    },
    "1024002": {
        "name": "",
        "clearRewardId": 1,
        "sPlusRewardId": 1,
        "scoreRewardGroup": 200097,
        "bRankTime": 483000,
        "aRankTime": 385500,
        "sRankTime": 288000,
        "sPlusRankTime": 210000,
        "rankPointReward": 240,
        "characterExpReward": 850,
        "manaReward": 1020,
        "poolExpReward": 850
    },
    "1024003": {
        "name": "",
        "clearRewardId": 1,
        "sPlusRewardId": 1,
        "scoreRewardGroup": 200098,
        "bRankTime": 930000,
        "aRankTime": 705000,
        "sRankTime": 480000,
        "sPlusRankTime": 300000,
        "rankPointReward": 399,
        "characterExpReward": 1415,
        "manaReward": 1290,
        "poolExpReward": 1415
    },
    "1024004": {
        "name": "",
        "clearRewardId": 1,
        "sPlusRewardId": 1,
        "scoreRewardGroup": 200099,
        "bRankTime": 1341000,
        "aRankTime": 958500,
        "sRankTime": 576000,
        "sPlusRankTime": 270000,
        "rankPointReward": 468,
        "characterExpReward": 1620,
        "manaReward": 1560,
        "poolExpReward": 1620
    },
    "1025001": {
        "name": "",
        "clearRewardId": 1,
        "sPlusRewardId": 1,
        "scoreRewardGroup": 200084,
        "bRankTime": 807000,
        "aRankTime": 604500,
        "sRankTime": 402000,
        "sPlusRankTime": 240000,
        "rankPointReward": 38,
        "characterExpReward": 117,
        "manaReward": 390,
        "poolExpReward": 117
    },
    "1025002": {
        "name": "",
        "clearRewardId": 1,
        "sPlusRewardId": 1,
        "scoreRewardGroup": 200085,
        "bRankTime": 921000,
        "aRankTime": 688500,
        "sRankTime": 456000,
        "sPlusRankTime": 270000,
        "rankPointReward": 207,
        "characterExpReward": 410,
        "manaReward": 900,
        "poolExpReward": 410
    },
    "1025003": {
        "name": "",
        "clearRewardId": 1,
        "sPlusRewardId": 1,
        "scoreRewardGroup": 200086,
        "bRankTime": 1210000,
        "aRankTime": 885000,
        "sRankTime": 560000,
        "sPlusRankTime": 300000,
        "rankPointReward": 399,
        "characterExpReward": 1415,
        "manaReward": 1290,
        "poolExpReward": 1415
    },
    "1025004": {
        "name": "",
        "clearRewardId": 1,
        "sPlusRewardId": 1,
        "scoreRewardGroup": 200087,
        "bRankTime": 1359000,
        "aRankTime": 991500,
        "sRankTime": 624000,
        "sPlusRankTime": 330000,
        "rankPointReward": 468,
        "characterExpReward": 1620,
        "manaReward": 1560,
        "poolExpReward": 1620
    },
    "1026001": {
        "name": "",
        "clearRewardId": 1,
        "sPlusRewardId": 1,
        "scoreRewardGroup": 200088,
        "bRankTime": 807000,
        "aRankTime": 604500,
        "sRankTime": 402000,
        "sPlusRankTime": 240000,
        "rankPointReward": 38,
        "characterExpReward": 117,
        "manaReward": 390,
        "poolExpReward": 117
    },
    "1026002": {
        "name": "",
        "clearRewardId": 1,
        "sPlusRewardId": 1,
        "scoreRewardGroup": 200089,
        "bRankTime": 921000,
        "aRankTime": 688500,
        "sRankTime": 456000,
        "sPlusRankTime": 270000,
        "rankPointReward": 207,
        "characterExpReward": 410,
        "manaReward": 900,
        "poolExpReward": 410
    },
    "1026003": {
        "name": "",
        "clearRewardId": 1,
        "sPlusRewardId": 1,
        "scoreRewardGroup": 200090,
        "bRankTime": 1219000,
        "aRankTime": 901500,
        "sRankTime": 584000,
        "sPlusRankTime": 330000,
        "rankPointReward": 399,
        "characterExpReward": 1415,
        "manaReward": 1290,
        "poolExpReward": 1415
    },
    "1026004": {
        "name": "",
        "clearRewardId": 1,
        "sPlusRewardId": 1,
        "scoreRewardGroup": 200091,
        "bRankTime": 1368000,
        "aRankTime": 1008000,
        "sRankTime": 648000,
        "sPlusRankTime": 360000,
        "rankPointReward": 468,
        "characterExpReward": 1620,
        "manaReward": 1560,
        "poolExpReward": 1620
    },
    "1027001": {
        "name": "",
        "clearRewardId": 1,
        "sPlusRewardId": 1,
        "scoreRewardGroup": 200092,
        "bRankTime": 807000,
        "aRankTime": 604500,
        "sRankTime": 402000,
        "sPlusRankTime": 240000,
        "rankPointReward": 38,
        "characterExpReward": 117,
        "manaReward": 390,
        "poolExpReward": 117
    },
    "1027002": {
        "name": "",
        "clearRewardId": 1,
        "sPlusRewardId": 1,
        "scoreRewardGroup": 200093,
        "bRankTime": 921000,
        "aRankTime": 688500,
        "sRankTime": 456000,
        "sPlusRankTime": 270000,
        "rankPointReward": 207,
        "characterExpReward": 410,
        "manaReward": 900,
        "poolExpReward": 410
    },
    "1027003": {
        "name": "",
        "clearRewardId": 1,
        "sPlusRewardId": 1,
        "scoreRewardGroup": 200094,
        "bRankTime": 1219000,
        "aRankTime": 901500,
        "sRankTime": 584000,
        "sPlusRankTime": 330000,
        "rankPointReward": 399,
        "characterExpReward": 1415,
        "manaReward": 1290,
        "poolExpReward": 1415
    },
    "1027004": {
        "name": "",
        "clearRewardId": 1,
        "sPlusRewardId": 1,
        "scoreRewardGroup": 200095,
        "bRankTime": 1368000,
        "aRankTime": 1008000,
        "sRankTime": 648000,
        "sPlusRankTime": 360000,
        "rankPointReward": 468,
        "characterExpReward": 1620,
        "manaReward": 1560,
        "poolExpReward": 1620
    },
    "1028001": {
        "name": "",
        "clearRewardId": 1,
        "sPlusRewardId": 1,
        "scoreRewardGroup": 200102,
        "bRankTime": 807000,
        "aRankTime": 604500,
        "sRankTime": 402000,
        "sPlusRankTime": 240000,
        "rankPointReward": 38,
        "characterExpReward": 117,
        "manaReward": 390,
        "poolExpReward": 117
    },
    "1028002": {
        "name": "",
        "clearRewardId": 1,
        "sPlusRewardId": 1,
        "scoreRewardGroup": 200103,
        "bRankTime": 921000,
        "aRankTime": 688500,
        "sRankTime": 456000,
        "sPlusRankTime": 270000,
        "rankPointReward": 207,
        "characterExpReward": 410,
        "manaReward": 900,
        "poolExpReward": 410
    },
    "1028003": {
        "name": "",
        "clearRewardId": 1,
        "sPlusRewardId": 1,
        "scoreRewardGroup": 200104,
        "bRankTime": 1228000,
        "aRankTime": 918000,
        "sRankTime": 608000,
        "sPlusRankTime": 360000,
        "rankPointReward": 399,
        "characterExpReward": 1415,
        "manaReward": 1290,
        "poolExpReward": 1415
    },
    "1028004": {
        "name": "",
        "clearRewardId": 1,
        "sPlusRewardId": 1,
        "scoreRewardGroup": 200105,
        "bRankTime": 1386000,
        "aRankTime": 1041000,
        "sRankTime": 696000,
        "sPlusRankTime": 420000,
        "rankPointReward": 468,
        "characterExpReward": 1620,
        "manaReward": 1560,
        "poolExpReward": 1620
    },
    "1029001": {
        "name": "",
        "clearRewardId": 1,
        "sPlusRewardId": 1,
        "scoreRewardGroup": 200106,
        "bRankTime": 807000,
        "aRankTime": 604500,
        "sRankTime": 402000,
        "sPlusRankTime": 240000,
        "rankPointReward": 38,
        "characterExpReward": 117,
        "manaReward": 390,
        "poolExpReward": 117
    },
    "1029002": {
        "name": "",
        "clearRewardId": 1,
        "sPlusRewardId": 1,
        "scoreRewardGroup": 200107,
        "bRankTime": 930000,
        "aRankTime": 705000,
        "sRankTime": 480000,
        "sPlusRankTime": 300000,
        "rankPointReward": 207,
        "characterExpReward": 410,
        "manaReward": 900,
        "poolExpReward": 410
    },
    "1029003": {
        "name": "",
        "clearRewardId": 1,
        "sPlusRewardId": 1,
        "scoreRewardGroup": 200108,
        "bRankTime": 1228000,
        "aRankTime": 918000,
        "sRankTime": 608000,
        "sPlusRankTime": 360000,
        "rankPointReward": 399,
        "characterExpReward": 1415,
        "manaReward": 1290,
        "poolExpReward": 1415
    },
    "1029004": {
        "name": "",
        "clearRewardId": 1,
        "sPlusRewardId": 1,
        "scoreRewardGroup": 200109,
        "bRankTime": 1368000,
        "aRankTime": 1008000,
        "sRankTime": 648000,
        "sPlusRankTime": 360000,
        "rankPointReward": 468,
        "characterExpReward": 1620,
        "manaReward": 1560,
        "poolExpReward": 1620
    },
    "1030001": {
        "name": "",
        "clearRewardId": 1,
        "sPlusRewardId": 1,
        "scoreRewardGroup": 200110,
        "bRankTime": 807000,
        "aRankTime": 604500,
        "sRankTime": 402000,
        "sPlusRankTime": 240000,
        "rankPointReward": 38,
        "characterExpReward": 117,
        "manaReward": 390,
        "poolExpReward": 117
    },
    "1030002": {
        "name": "",
        "clearRewardId": 1,
        "sPlusRewardId": 1,
        "scoreRewardGroup": 200111,
        "bRankTime": 930000,
        "aRankTime": 705000,
        "sRankTime": 480000,
        "sPlusRankTime": 300000,
        "rankPointReward": 207,
        "characterExpReward": 410,
        "manaReward": 900,
        "poolExpReward": 410
    },
    "1030003": {
        "name": "",
        "clearRewardId": 1,
        "sPlusRewardId": 1,
        "scoreRewardGroup": 200112,
        "bRankTime": 1228000,
        "aRankTime": 918000,
        "sRankTime": 608000,
        "sPlusRankTime": 360000,
        "rankPointReward": 399,
        "characterExpReward": 1415,
        "manaReward": 1290,
        "poolExpReward": 1415
    },
    "1030004": {
        "name": "",
        "clearRewardId": 1,
        "sPlusRewardId": 1,
        "scoreRewardGroup": 200113,
        "bRankTime": 1386000,
        "aRankTime": 1041000,
        "sRankTime": 696000,
        "sPlusRankTime": 420000,
        "rankPointReward": 468,
        "characterExpReward": 1620,
        "manaReward": 1560,
        "poolExpReward": 1620
    },
    "1031001": {
        "name": "",
        "clearRewardId": 1,
        "sPlusRewardId": 1,
        "scoreRewardGroup": 202001,
        "bRankTime": 474000,
        "aRankTime": 369000,
        "sRankTime": 264000,
        "sPlusRankTime": 180000,
        "rankPointReward": 42,
        "characterExpReward": 145,
        "manaReward": 450,
        "poolExpReward": 145
    },
    "1031002": {
        "name": "",
        "clearRewardId": 1,
        "sPlusRewardId": 1,
        "scoreRewardGroup": 202002,
        "bRankTime": 711000,
        "aRankTime": 553500,
        "sRankTime": 396000,
        "sPlusRankTime": 270000,
        "rankPointReward": 240,
        "characterExpReward": 850,
        "manaReward": 1020,
        "poolExpReward": 850
    },
    "1031003": {
        "name": "",
        "clearRewardId": 1,
        "sPlusRewardId": 1,
        "scoreRewardGroup": 202003,
        "bRankTime": 966000,
        "aRankTime": 771000,
        "sRankTime": 576000,
        "sPlusRankTime": 420000,
        "rankPointReward": 399,
        "characterExpReward": 1415,
        "manaReward": 1290,
        "poolExpReward": 1415
    },
    "1031004": {
        "name": "",
        "clearRewardId": 1,
        "sPlusRewardId": 1,
        "scoreRewardGroup": 202004,
        "bRankTime": 912000,
        "aRankTime": 672000,
        "sRankTime": 432000,
        "sPlusRankTime": 240000,
        "rankPointReward": 468,
        "characterExpReward": 1620,
        "manaReward": 1560,
        "poolExpReward": 1620
    },
    "1032001": {
        "name": "",
        "clearRewardId": 1,
        "sPlusRewardId": 1,
        "scoreRewardGroup": 203001,
        "bRankTime": 684000,
        "aRankTime": 504000,
        "sRankTime": 324000,
        "sPlusRankTime": 180000,
        "rankPointReward": 42,
        "characterExpReward": 145,
        "manaReward": 450,
        "poolExpReward": 145
    },
    "1032002": {
        "name": "",
        "clearRewardId": 1,
        "sPlusRewardId": 1,
        "scoreRewardGroup": 203002,
        "bRankTime": 684000,
        "aRankTime": 504000,
        "sRankTime": 324000,
        "sPlusRankTime": 180000,
        "rankPointReward": 240,
        "characterExpReward": 850,
        "manaReward": 1020,
        "poolExpReward": 850
    },
    "1032003": {
        "name": "",
        "clearRewardId": 1,
        "sPlusRewardId": 1,
        "scoreRewardGroup": 203003,
        "bRankTime": 684000,
        "aRankTime": 504000,
        "sRankTime": 324000,
        "sPlusRankTime": 180000,
        "rankPointReward": 399,
        "characterExpReward": 1415,
        "manaReward": 1290,
        "poolExpReward": 1415
    },
    "1032004": {
        "name": "",
        "clearRewardId": 1,
        "sPlusRewardId": 1,
        "scoreRewardGroup": 203004,
        "bRankTime": 684000,
        "aRankTime": 504000,
        "sRankTime": 324000,
        "sPlusRankTime": 180000,
        "rankPointReward": 468,
        "characterExpReward": 1620,
        "manaReward": 1560,
        "poolExpReward": 1620
    },
    "1033001": {
        "name": "",
        "clearRewardId": 1,
        "sPlusRewardId": 1,
        "scoreRewardGroup": 201001,
        "bRankTime": 474000,
        "aRankTime": 369000,
        "sRankTime": 264000,
        "sPlusRankTime": 180000,
        "rankPointReward": 42,
        "characterExpReward": 145,
        "manaReward": 450,
        "poolExpReward": 145
    },
    "1033002": {
        "name": "",
        "clearRewardId": 1,
        "sPlusRewardId": 1,
        "scoreRewardGroup": 201002,
        "bRankTime": 483000,
        "aRankTime": 385500,
        "sRankTime": 288000,
        "sPlusRankTime": 210000,
        "rankPointReward": 240,
        "characterExpReward": 850,
        "manaReward": 1020,
        "poolExpReward": 850
    },
    "1033003": {
        "name": "",
        "clearRewardId": 1,
        "sPlusRewardId": 1,
        "scoreRewardGroup": 201003,
        "bRankTime": 930000,
        "aRankTime": 705000,
        "sRankTime": 480000,
        "sPlusRankTime": 300000,
        "rankPointReward": 399,
        "characterExpReward": 1415,
        "manaReward": 1290,
        "poolExpReward": 1415
    },
    "1033004": {
        "name": "",
        "clearRewardId": 1,
        "sPlusRewardId": 1,
        "scoreRewardGroup": 201004,
        "bRankTime": 483000,
        "aRankTime": 385500,
        "sRankTime": 288000,
        "sPlusRankTime": 210000,
        "rankPointReward": 468,
        "characterExpReward": 1620,
        "manaReward": 1560,
        "poolExpReward": 1620
    },
    "1034001": {
        "name": "",
        "clearRewardId": 1,
        "sPlusRewardId": 1,
        "scoreRewardGroup": 204001,
        "bRankTime": 684000,
        "aRankTime": 504000,
        "sRankTime": 324000,
        "sPlusRankTime": 180000,
        "rankPointReward": 42,
        "characterExpReward": 145,
        "manaReward": 450,
        "poolExpReward": 145
    },
    "1034002": {
        "name": "",
        "clearRewardId": 1,
        "sPlusRewardId": 1,
        "scoreRewardGroup": 204002,
        "bRankTime": 711000,
        "aRankTime": 553500,
        "sRankTime": 396000,
        "sPlusRankTime": 270000,
        "rankPointReward": 240,
        "characterExpReward": 850,
        "manaReward": 1020,
        "poolExpReward": 850
    },
    "1034003": {
        "name": "",
        "clearRewardId": 1,
        "sPlusRewardId": 1,
        "scoreRewardGroup": 204003,
        "bRankTime": 756000,
        "aRankTime": 636000,
        "sRankTime": 516000,
        "sPlusRankTime": 420000,
        "rankPointReward": 399,
        "characterExpReward": 1415,
        "manaReward": 1290,
        "poolExpReward": 1415
    },
    "1034004": {
        "name": "",
        "clearRewardId": 1,
        "sPlusRewardId": 1,
        "scoreRewardGroup": 204004,
        "bRankTime": 702000,
        "aRankTime": 537000,
        "sRankTime": 372000,
        "sPlusRankTime": 240000,
        "rankPointReward": 468,
        "characterExpReward": 1620,
        "manaReward": 1560,
        "poolExpReward": 1620
    },
    "1034005": {
        "name": "",
        "clearRewardId": 1,
        "sPlusRewardId": 1,
        "scoreRewardGroup": 204005,
        "bRankTime": 702000,
        "aRankTime": 537000,
        "sRankTime": 372000,
        "sPlusRankTime": 240000,
        "rankPointReward": 702,
        "characterExpReward": 2430,
        "manaReward": 2340,
        "poolExpReward": 2430
    }
}