{
    "1001": {
        "name": "",
        "clearRewardId": 2,
        "scoreRewardGroup": 2221,
        "sPlusRewardId": 1,
        "bRankTime": 1380000,
        "aRankTime": 1030000,
        "sRankTime": 680000,
        "sPlusRankTime": 400000,
        "rankPointReward": 3,
        "characterExpReward": 4,
        "manaReward": 170,
        "poolExpReward": 60
    },
    "1002": {
        "name": "",
        "clearRewardId": 19,
        "scoreRewardGroup": 2222,
        "sPlusRewardId": 1,
        "bRankTime": 2772000,
        "aRankTime": 2082000,
        "sRankTime": 1392000,
        "sPlusRankTime": 840000,
        "rankPointReward": 3,
        "characterExpReward": 4,
        "manaReward": 308,
        "poolExpReward": 80
    },
    "1003": {
        "name": "",
        "clearRewardId": 19,
        "scoreRewardGroup": 2223,
        "sPlusRewardId": 1,
        "bRankTime": 2781000,
        "aRankTime": 2098500,
        "sRankTime": 1416000,
        "sPlusRankTime": 870000,
        "rankPointReward": 3,
        "characterExpReward": 4,
        "manaReward": 400,
        "poolExpReward": 100
    },
    "1004": {
        "name": "",
        "clearRewardId": 19,
        "scoreRewardGroup": 2224,
        "sPlusRewardId": 1,
        "bRankTime": 2790000,
        "aRankTime": 2115000,
        "sRankTime": 1440000,
        "sPlusRankTime": 900000,
        "rankPointReward": 3,
        "characterExpReward": 4,
        "manaReward": 609,
        "poolExpReward": 120
    },
    "1005": {
        "name": "",
        "clearRewardId": 20,
        "scoreRewardGroup": 2225,
        "sPlusRewardId": 1,
        "bRankTime": 2772000,
        "aRankTime": 2082000,
        "sRankTime": 1392000,
        "sPlusRankTime": 840000,
        "rankPointReward": 3,
        "characterExpReward": 4,
        "manaReward": 308,
        "poolExpReward": 80
    },
    "1006": {
        "name": "",
        "clearRewardId": 20,
        "scoreRewardGroup": 2226,
        "sPlusRewardId": 1,
        "bRankTime": 2781000,
        "aRankTime": 2098500,
        "sRankTime": 1416000,
        "sPlusRankTime": 870000,
        "rankPointReward": 3,
        "characterExpReward": 4,
        "manaReward": 400,
        "poolExpReward": 100
    },
    "1007": {
        "name": "",
        "clearRewardId": 20,
        "scoreRewardGroup": 2227,
        "sPlusRewardId": 1,
        "bRankTime": 2790000,
        "aRankTime": 2115000,
        "sRankTime": 1440000,
        "sPlusRankTime": 900000,
        "rankPointReward": 3,
        "characterExpReward": 4,
        "manaReward": 609,
        "poolExpReward": 120
    },
    "1008": {
        "name": "",
        "clearRewardId": 21,
        "scoreRewardGroup": 2228,
        "sPlusRewardId": 1,
        "bRankTime": 2772000,
        "aRankTime": 2082000,
        "sRankTime": 1392000,
        "sPlusRankTime": 840000,
        "rankPointReward": 3,
        "characterExpReward": 4,
        "manaReward": 308,
        "poolExpReward": 80
    },
    "1009": {
        "name": "",
        "clearRewardId": 21,
        "scoreRewardGroup": 2229,
        "sPlusRewardId": 1,
        "bRankTime": 2781000,
        "aRankTime": 2098500,
        "sRankTime": 1416000,
        "sPlusRankTime": 870000,
        "rankPointReward": 3,
        "characterExpReward": 4,
        "manaReward": 400,
        "poolExpReward": 100
    },
    "1010": {
        "name": "",
        "clearRewardId": 21,
        "scoreRewardGroup": 2230,
        "sPlusRewardId": 1,
        "bRankTime": 2790000,
        "aRankTime": 2115000,
        "sRankTime": 1440000,
        "sPlusRankTime": 900000,
        "rankPointReward": 3,
        "characterExpReward": 4,
        "manaReward": 609,
        "poolExpReward": 120
    },
    "1011": {
        "name": "",
        "clearRewardId": 22,
        "scoreRewardGroup": 2231,
        "sPlusRewardId": 1,
        "bRankTime": 2772000,
        "aRankTime": 2082000,
        "sRankTime": 1392000,
        "sPlusRankTime": 840000,
        "rankPointReward": 3,
        "characterExpReward": 4,
        "manaReward": 308,
        "poolExpReward": 80
    },
    "1012": {
        "name": "",
        "clearRewardId": 22,
        "scoreRewardGroup": 2232,
        "sPlusRewardId": 1,
        "bRankTime": 2781000,
        "aRankTime": 2098500,
        "sRankTime": 1416000,
        "sPlusRankTime": 870000,
        "rankPointReward": 3,
        "characterExpReward": 4,
        "manaReward": 400,
        "poolExpReward": 100
    },
    "1013": {
        "name": "",
        "clearRewardId": 22,
        "scoreRewardGroup": 2233,
        "sPlusRewardId": 1,
        "bRankTime": 2790000,
        "aRankTime": 2115000,
        "sRankTime": 1440000,
        "sPlusRankTime": 900000,
        "rankPointReward": 3,
        "characterExpReward": 4,
        "manaReward": 609,
        "poolExpReward": 120
    },
    "1014": {
        "name": "",
        "clearRewardId": 23,
        "scoreRewardGroup": 2234,
        "sPlusRewardId": 1,
        "bRankTime": 2772000,
        "aRankTime": 2082000,
        "sRankTime": 1392000,
        "sPlusRankTime": 840000,
        "rankPointReward": 3,
        "characterExpReward": 4,
        "manaReward": 308,
        "poolExpReward": 80
    },
    "1015": {
        "name": "",
        "clearRewardId": 23,
        "scoreRewardGroup": 2235,
        "sPlusRewardId": 1,
        "bRankTime": 2781000,
        "aRankTime": 2098500,
        "sRankTime": 1416000,
        "sPlusRankTime": 870000,
        "rankPointReward": 3,
        "characterExpReward": 4,
        "manaReward": 400,
        "poolExpReward": 100
    },
    "1016": {
        "name": "",
        "clearRewardId": 23,
        "scoreRewardGroup": 2236,
        "sPlusRewardId": 1,
        "bRankTime": 2790000,
        "aRankTime": 2115000,
        "sRankTime": 1440000,
        "sPlusRankTime": 900000,
        "rankPointReward": 3,
        "characterExpReward": 4,
        "manaReward": 609,
        "poolExpReward": 120
    },
    "1017": {
        "name": "",
        "clearRewardId": 24,
        "scoreRewardGroup": 2237,
        "sPlusRewardId": 1,
        "bRankTime": 2772000,
        "aRankTime": 2082000,
        "sRankTime": 1392000,
        "sPlusRankTime": 840000,
        "rankPointReward": 3,
        "characterExpReward": 4,
        "manaReward": 308,
        "poolExpReward": 80
    },
    "1018": {
        "name": "",
        "clearRewardId": 24,
        "scoreRewardGroup": 2238,
        "sPlusRewardId": 1,
        "bRankTime": 2781000,
        "aRankTime": 2098500,
        "sRankTime": 1416000,
        "sPlusRankTime": 870000,
        "rankPointReward": 3,
        "characterExpReward": 4,
        "manaReward": 400,
        "poolExpReward": 100
    },
    "1019": {
        "name": "",
        "clearRewardId": 24,
        "scoreRewardGroup": 2239,
        "sPlusRewardId": 1,
        "bRankTime": 2790000,
        "aRankTime": 2115000,
        "sRankTime": 1440000,
        "sPlusRankTime": 900000,
        "rankPointReward": 3,
        "characterExpReward": 4,
        "manaReward": 609,
        "poolExpReward": 120
    },
    "1020": {
        "name": "",
        "clearRewardId": 39,
        "scoreRewardGroup": 2240,
        "sPlusRewardId": 1,
        "bRankTime": 2718000,
        "aRankTime": 1983000,
        "sRankTime": 1248000,
        "sPlusRankTime": 660000,
        "rankPointReward": 4,
        "characterExpReward": 5,
        "manaReward": 702,
        "poolExpReward": 2430
    },
    "1021": {
        "name": "",
        "clearRewardId": 39,
        "scoreRewardGroup": 2241,
        "sPlusRewardId": 1,
        "bRankTime": 2718000,
        "aRankTime": 1983000,
        "sRankTime": 1248000,
        "sPlusRankTime": 660000,
        "rankPointReward": 5,
        "characterExpReward": 6,
        "manaReward": 775,
        "poolExpReward": 2730
    },
    "1022": {
        "name": "",
        "clearRewardId": 39,
        "scoreRewardGroup": 2242,
        "sPlusRewardId": 1,
        "bRankTime": 2718000,
        "aRankTime": 1983000,
        "sRankTime": 1248000,
        "sPlusRankTime": 660000,
        "rankPointReward": 6,
        "characterExpReward": 7,
        "manaReward": 847,
        "poolExpReward": 3030
    },
    "1023": {
        "name": "",
        "clearRewardId": 39,
        "scoreRewardGroup": 2243,
        "sPlusRewardId": 1,
        "bRankTime": 2718000,
        "aRankTime": 1983000,
        "sRankTime": 1248000,
        "sPlusRankTime": 660000,
        "rankPointReward": 4,
        "characterExpReward": 5,
        "manaReward": 702,
        "poolExpReward": 2430
    },
    "1024": {
        "name": "",
        "clearRewardId": 39,
        "scoreRewardGroup": 2244,
        "sPlusRewardId": 1,
        "bRankTime": 2718000,
        "aRankTime": 1983000,
        "sRankTime": 1248000,
        "sPlusRankTime": 660000,
        "rankPointReward": 5,
        "characterExpReward": 6,
        "manaReward": 775,
        "poolExpReward": 2730
    },
    "1025": {
        "name": "",
        "clearRewardId": 39,
        "scoreRewardGroup": 2245,
        "sPlusRewardId": 1,
        "bRankTime": 2718000,
        "aRankTime": 1983000,
        "sRankTime": 1248000,
        "sPlusRankTime": 660000,
        "rankPointReward": 6,
        "characterExpReward": 7,
        "manaReward": 847,
        "poolExpReward": 3030
    },
    "1026": {
        "name": "",
        "clearRewardId": 39,
        "scoreRewardGroup": 2246,
        "sPlusRewardId": 1,
        "bRankTime": 2718000,
        "aRankTime": 1983000,
        "sRankTime": 1248000,
        "sPlusRankTime": 660000,
        "rankPointReward": 4,
        "characterExpReward": 5,
        "manaReward": 702,
        "poolExpReward": 2430
    },
    "1027": {
        "name": "",
        "clearRewardId": 39,
        "scoreRewardGroup": 2247,
        "sPlusRewardId": 1,
        "bRankTime": 2718000,
        "aRankTime": 1983000,
        "sRankTime": 1248000,
        "sPlusRankTime": 660000,
        "rankPointReward": 5,
        "characterExpReward": 6,
        "manaReward": 775,
        "poolExpReward": 2730
    },
    "1028": {
        "name": "",
        "clearRewardId": 39,
        "scoreRewardGroup": 2248,
        "sPlusRewardId": 1,
        "bRankTime": 2718000,
        "aRankTime": 1983000,
        "sRankTime": 1248000,
        "sPlusRankTime": 660000,
        "rankPointReward": 6,
        "characterExpReward": 7,
        "manaReward": 847,
        "poolExpReward": 3030
    },
    "1029": {
        "name": "",
        "clearRewardId": 39,
        "scoreRewardGroup": 2249,
        "sPlusRewardId": 1,
        "bRankTime": 2718000,
        "aRankTime": 1983000,
        "sRankTime": 1248000,
        "sPlusRankTime": 660000,
        "rankPointReward": 4,
        "characterExpReward": 5,
        "manaReward": 702,
        "poolExpReward": 2430
    },
    "1030": {
        "name": "",
        "clearRewardId": 39,
        "scoreRewardGroup": 2250,
        "sPlusRewardId": 1,
        "bRankTime": 2718000,
        "aRankTime": 1983000,
        "sRankTime": 1248000,
        "sPlusRankTime": 660000,
        "rankPointReward": 5,
        "characterExpReward": 6,
        "manaReward": 775,
        "poolExpReward": 2730
    },
    "1031": {
        "name": "",
        "clearRewardId": 39,
        "scoreRewardGroup": 2251,
        "sPlusRewardId": 1,
        "bRankTime": 2718000,
        "aRankTime": 1983000,
        "sRankTime": 1248000,
        "sPlusRankTime": 660000,
        "rankPointReward": 6,
        "characterExpReward": 7,
        "manaReward": 847,
        "poolExpReward": 3030
    },
    "1032": {
        "name": "",
        "clearRewardId": 39,
        "scoreRewardGroup": 2252,
        "sPlusRewardId": 1,
        "bRankTime": 2718000,
        "aRankTime": 1983000,
        "sRankTime": 1248000,
        "sPlusRankTime": 660000,
        "rankPointReward": 4,
        "characterExpReward": 5,
        "manaReward": 702,
        "poolExpReward": 2430
    },
    "1033": {
        "name": "",
        "clearRewardId": 39,
        "scoreRewardGroup": 2253,
        "sPlusRewardId": 1,
        "bRankTime": 2718000,
        "aRankTime": 1983000,
        "sRankTime": 1248000,
        "sPlusRankTime": 660000,
        "rankPointReward": 5,
        "characterExpReward": 6,
        "manaReward": 775,
        "poolExpReward": 2730
    },
    "1034": {
        "name": "",
        "clearRewardId": 39,
        "scoreRewardGroup": 2254,
        "sPlusRewardId": 1,
        "bRankTime": 2718000,
        "aRankTime": 1983000,
        "sRankTime": 1248000,
        "sPlusRankTime": 660000,
        "rankPointReward": 6,
        "characterExpReward": 7,
        "manaReward": 847,
        "poolExpReward": 3030
    },
    "1035": {
        "name": "",
        "clearRewardId": 39,
        "scoreRewardGroup": 2255,
        "sPlusRewardId": 1,
        "bRankTime": 2718000,
        "aRankTime": 1983000,
        "sRankTime": 1248000,
        "sPlusRankTime": 660000,
        "rankPointReward": 4,
        "characterExpReward": 5,
        "manaReward": 702,
        "poolExpReward": 2430
    },
    "1036": {
        "name": "",
        "clearRewardId": 39,
        "scoreRewardGroup": 2256,
        "sPlusRewardId": 1,
        "bRankTime": 2718000,
        "aRankTime": 1983000,
        "sRankTime": 1248000,
        "sPlusRankTime": 660000,
        "rankPointReward": 5,
        "characterExpReward": 6,
        "manaReward": 775,
        "poolExpReward": 2730
    },
    "1037": {
        "name": "",
        "clearRewardId": 39,
        "scoreRewardGroup": 2257,
        "sPlusRewardId": 1,
        "bRankTime": 2718000,
        "aRankTime": 1983000,
        "sRankTime": 1248000,
        "sPlusRankTime": 660000,
        "rankPointReward": 6,
        "characterExpReward": 7,
        "manaReward": 847,
        "poolExpReward": 3030
    },
    "1038": {
        "name": "",
        "clearRewardId": 39,
        "scoreRewardGroup": 2258,
        "sPlusRewardId": 1,
        "bRankTime": 2718000,
        "aRankTime": 1983000,
        "sRankTime": 1248000,
        "sPlusRankTime": 660000,
        "rankPointReward": 5,
        "characterExpReward": 6,
        "manaReward": 1,
        "poolExpReward": 1
    },
    "1039": {
        "name": "",
        "clearRewardId": 59,
        "scoreRewardGroup": 2259,
        "sPlusRewardId": 1,
        "bRankTime": 2718000,
        "aRankTime": 1983000,
        "sRankTime": 1248000,
        "sPlusRankTime": 660000,
        "rankPointReward": 5,
        "characterExpReward": 6,
        "manaReward": 1,
        "poolExpReward": 1
    },
    "1040": {
        "name": "",
        "clearRewardId": 60,
        "scoreRewardGroup": 2260,
        "sPlusRewardId": 1,
        "bRankTime": 2718000,
        "aRankTime": 1983000,
        "sRankTime": 1248000,
        "sPlusRankTime": 660000,
        "rankPointReward": 5,
        "characterExpReward": 6,
        "manaReward": 1,
        "poolExpReward": 1
    },
    "2001": {
        "name": "",
        "clearRewardId": 39,
        "scoreRewardGroup": 2101,
        "sPlusRewardId": 1,
        "bRankTime": 1440000,
        "aRankTime": 1140000,
        "sRankTime": 840000,
        "sPlusRankTime": 600000,
        "rankPointReward": 11,
        "characterExpReward": 12,
        "manaReward": 20,
        "poolExpReward": 90
    },
    "2002": {
        "name": "",
        "clearRewardId": 39,
        "scoreRewardGroup": 2102,
        "sPlusRewardId": 1,
        "bRankTime": 1440000,
        "aRankTime": 1140000,
        "sRankTime": 840000,
        "sPlusRankTime": 600000,
        "rankPointReward": 11,
        "characterExpReward": 12,
        "manaReward": 20,
        "poolExpReward": 90
    },
    "2003": {
        "name": "",
        "clearRewardId": 39,
        "scoreRewardGroup": 2103,
        "sPlusRewardId": 1,
        "bRankTime": 1440000,
        "aRankTime": 1140000,
        "sRankTime": 840000,
        "sPlusRankTime": 600000,
        "rankPointReward": 11,
        "characterExpReward": 12,
        "manaReward": 20,
        "poolExpReward": 90
    },
    "2004": {
        "name": "",
        "clearRewardId": 39,
        "scoreRewardGroup": 2104,
        "sPlusRewardId": 1,
        "bRankTime": 1440000,
        "aRankTime": 1140000,
        "sRankTime": 840000,
        "sPlusRankTime": 600000,
        "rankPointReward": 11,
        "characterExpReward": 12,
        "manaReward": 20,
        "poolExpReward": 90
    },
    "2005": {
        "name": "",
        "clearRewardId": 39,
        "scoreRewardGroup": 2105,
        "sPlusRewardId": 1,
        "bRankTime": 1440000,
        "aRankTime": 1140000,
        "sRankTime": 840000,
        "sPlusRankTime": 600000,
        "rankPointReward": 11,
        "characterExpReward": 12,
        "manaReward": 20,
        "poolExpReward": 90
    },
    "2006": {
        "name": "",
        "clearRewardId": 39,
        "scoreRewardGroup": 2106,
        "sPlusRewardId": 1,
        "bRankTime": 1440000,
        "aRankTime": 1140000,
        "sRankTime": 840000,
        "sPlusRankTime": 600000,
        "rankPointReward": 11,
        "characterExpReward": 12,
        "manaReward": 20,
        "poolExpReward": 90
    }
}