{
    "1": {
        "name": "",
        "rarity": 4,
        "element": 0,
        "skill_count": 6
    },
    "10": {
        "name": "",
        "rarity": 4,
        "element": 3,
        "skill_count": 6
    },
    "111001": {
        "name": "",
        "rarity": 5,
        "element": 0,
        "skill_count": 6
    },
    "111002": {
        "name": "",
        "rarity": 5,
        "element": 0,
        "skill_count": 6
    },
    "111003": {
        "name": "",
        "rarity": 5,
        "element": 0,
        "skill_count": 6
    },
    "111004": {
        "name": "",
        "rarity": 5,
        "element": 0,
        "skill_count": 6
    },
    "111005": {
        "name": "",
        "rarity": 5,
        "element": 0,
        "skill_count": 6
    },
    "111006": {
        "name": "",
        "rarity": 5,
        "element": 0,
        "skill_count": 6
    },
    "111007": {
        "name": "",
        "rarity": 5,
        "element": 0,
        "skill_count": 6
    },
    "111009": {
        "name": "",
        "rarity": 5,
        "element": 0,
        "skill_count": 6
    },
    "111015": {
        "name": "",
        "rarity": 5,
        "element": 0,
        "skill_count": 6
    },
    "111021": {
        "name": "",
        "rarity": 5,
        "element": 0,
        "skill_count": 6
    },
    "111027": {
        "name": "",
        "rarity": 5,
        "element": 0,
        "skill_count": 6
    },
    "111033": {
        "name": "",
        "rarity": 5,
        "element": 0,
        "skill_count": 6
    },
    "111039": {
        "name": "",
        "rarity": 5,
        "element": 0,
        "skill_count": 6
    },
    "111045": {
        "name": "",
        "rarity": 5,
        "element": 0,
        "skill_count": 6
    },
    "111051": {
        "name": "",
        "rarity": 5,
        "element": 0,
        "skill_count": 6
    },
    "111057": {
        "name": "",
        "rarity": 5,
        "element": 0,
        "skill_count": 6
    },
    "111063": {
        "name": "",
        "rarity": 5,
        "element": 0,
        "skill_count": 6
    },
    "111081": {
        "name": "",
        "rarity": 5,
        "element": 0,
        "skill_count": 6
    },
    "111087": {
        "name": "",
        "rarity": 5,
        "element": 0,
        "skill_count": 6
    },
    "111093": {
        "name": "",
        "rarity": 5,
        "element": 0,
        "skill_count": 6
    },
    "111099": {
        "name": "",
        "rarity": 5,
        "element": 0,
        "skill_count": 6
    },
    "111105": {
        "name": "",
        "rarity": 5,
        "element": 0,
        "skill_count": 6
    },
    "111111": {
        "name": "",
        "rarity": 5,
        "element": 0,
        "skill_count": 6
    },
    "111123": {
        "name": "",
        "rarity": 5,
        "element": 0,
        "skill_count": 6
    },
    "111129": {
        "name": "",
        "rarity": 5,
        "element": 0,
        "skill_count": 3
    },
    "111135": {
        "name": "",
        "rarity": 5,
        "element": 0,
        "skill_count": 6
    },
    "111141": {
        "name": "",
        "rarity": 5,
        "element": 0,
        "skill_count": 3
    },
    "111147": {
        "name": "",
        "rarity": 5,
        "element": 0,
        "skill_count": 3
    },
    "111153": {
        "name": "",
        "rarity": 5,
        "element": 0,
        "skill_count": 3
    },
    "111159": {
        "name": "",
        "rarity": 5,
        "element": 0,
        "skill_count": 3
    },
    "111165": {
        "name": "",
        "rarity": 5,
        "element": 0,
        "skill_count": 3
    },
    "113001": {
        "name": "",
        "rarity": 5,
        "element": 0,
        "skill_count": 6
    },
    "121001": {
        "name": "",
        "rarity": 5,
        "element": 1,
        "skill_count": 6
    },
    "121002": {
        "name": "",
        "rarity": 5,
        "element": 1,
        "skill_count": 6
    },
    "121003": {
        "name": "",
        "rarity": 5,
        "element": 1,
        "skill_count": 6
    },
    "121004": {
        "name": "",
        "rarity": 5,
        "element": 1,
        "skill_count": 6
    },
    "121005": {
        "name": "",
        "rarity": 5,
        "element": 1,
        "skill_count": 6
    },
    "121006": {
        "name": "",
        "rarity": 5,
        "element": 1,
        "skill_count": 6
    },
    "121007": {
        "name": "",
        "rarity": 5,
        "element": 1,
        "skill_count": 6
    },
    "121008": {
        "name": "",
        "rarity": 5,
        "element": 1,
        "skill_count": 6
    },
    "121009": {
        "name": "",
        "rarity": 5,
        "element": 1,
        "skill_count": 6
    },
    "121015": {
        "name": "",
        "rarity": 5,
        "element": 1,
        "skill_count": 6
    },
    "121021": {
        "name": "",
        "rarity": 5,
        "element": 1,
        "skill_count": 6
    },
    "121027": {
        "name": "",
        "rarity": 5,
        "element": 1,
        "skill_count": 6
    },
    "121033": {
        "name": "",
        "rarity": 5,
        "element": 1,
        "skill_count": 6
    },
    "121039": {
        "name": "",
        "rarity": 5,
        "element": 1,
        "skill_count": 6
    },
    "121045": {
        "name": "",
        "rarity": 5,
        "element": 1,
        "skill_count": 6
    },
    "121051": {
        "name": "",
        "rarity": 5,
        "element": 1,
        "skill_count": 6
    },
    "121069": {
        "name": "",
        "rarity": 5,
        "element": 1,
        "skill_count": 6
    },
    "121070": {
        "name": "",
        "rarity": 5,
        "element": 1,
        "skill_count": 6
    },
    "121075": {
        "name": "",
        "rarity": 5,
        "element": 1,
        "skill_count": 6
    },
    "121081": {
        "name": "",
        "rarity": 5,
        "element": 1,
        "skill_count": 6
    },
    "121087": {
        "name": "",
        "rarity": 5,
        "element": 1,
        "skill_count": 6
    },
    "121093": {
        "name": "",
        "rarity": 5,
        "element": 1,
        "skill_count": 6
    },
    "121099": {
        "name": "",
        "rarity": 5,
        "element": 1,
        "skill_count": 6
    },
    "121105": {
        "name": "",
        "rarity": 5,
        "element": 1,
        "skill_count": 6
    },
    "121111": {
        "name": "",
        "rarity": 5,
        "element": 1,
        "skill_count": 6
    },
    "121117": {
        "name": "",
        "rarity": 5,
        "element": 1,
        "skill_count": 6
    },
    "121129": {
        "name": "",
        "rarity": 5,
        "element": 1,
        "skill_count": 3
    },
    "121135": {
        "name": "",
        "rarity": 5,
        "element": 1,
        "skill_count": 6
    },
    "121141": {
        "name": "",
        "rarity": 5,
        "element": 1,
        "skill_count": 3
    },
    "121147": {
        "name": "",
        "rarity": 5,
        "element": 1,
        "skill_count": 3
    },
    "121153": {
        "name": "",
        "rarity": 5,
        "element": 1,
        "skill_count": 3
    },
    "121159": {
        "name": "",
        "rarity": 5,
        "element": 1,
        "skill_count": 3
    },
    "121165": {
        "name": "",
        "rarity": 5,
        "element": 1,
        "skill_count": 3
    },
    "131001": {
        "name": "",
        "rarity": 5,
        "element": 2,
        "skill_count": 6
    },
    "131002": {
        "name": "",
        "rarity": 5,
        "element": 2,
        "skill_count": 6
    },
    "131003": {
        "name": "",
        "rarity": 5,
        "element": 2,
        "skill_count": 6
    },
    "131004": {
        "name": "",
        "rarity": 5,
        "element": 2,
        "skill_count": 6
    },
    "131005": {
        "name": "",
        "rarity": 5,
        "element": 2,
        "skill_count": 6
    },
    "131011": {
        "name": "",
        "rarity": 5,
        "element": 2,
        "skill_count": 6
    },
    "131012": {
        "name": "",
        "rarity": 5,
        "element": 2,
        "skill_count": 6
    },
    "131013": {
        "name": "",
        "rarity": 5,
        "element": 2,
        "skill_count": 6
    },
    "131014": {
        "name": "",
        "rarity": 5,
        "element": 2,
        "skill_count": 6
    },
    "131020": {
        "name": "",
        "rarity": 5,
        "element": 2,
        "skill_count": 6
    },
    "131026": {
        "name": "",
        "rarity": 5,
        "element": 2,
        "skill_count": 6
    },
    "131032": {
        "name": "",
        "rarity": 5,
        "element": 2,
        "skill_count": 6
    },
    "131038": {
        "name": "",
        "rarity": 5,
        "element": 2,
        "skill_count": 6
    },
    "131044": {
        "name": "",
        "rarity": 5,
        "element": 2,
        "skill_count": 6
    },
    "131050": {
        "name": "",
        "rarity": 5,
        "element": 2,
        "skill_count": 6
    },
    "131056": {
        "name": "",
        "rarity": 5,
        "element": 2,
        "skill_count": 6
    },
    "131062": {
        "name": "",
        "rarity": 5,
        "element": 2,
        "skill_count": 6
    },
    "131068": {
        "name": "",
        "rarity": 5,
        "element": 2,
        "skill_count": 6
    },
    "131074": {
        "name": "",
        "rarity": 5,
        "element": 2,
        "skill_count": 6
    },
    "131080": {
        "name": "",
        "rarity": 5,
        "element": 2,
        "skill_count": 6
    },
    "131086": {
        "name": "",
        "rarity": 5,
        "element": 2,
        "skill_count": 6
    },
    "131092": {
        "name": "",
        "rarity": 5,
        "element": 2,
        "skill_count": 6
    },
    "131098": {
        "name": "",
        "rarity": 5,
        "element": 2,
        "skill_count": 6
    },
    "131104": {
        "name": "",
        "rarity": 5,
        "element": 2,
        "skill_count": 3
    },
    "131110": {
        "name": "",
        "rarity": 5,
        "element": 2,
        "skill_count": 6
    },
    "131116": {
        "name": "",
        "rarity": 5,
        "element": 2,
        "skill_count": 6
    },
    "131122": {
        "name": "",
        "rarity": 5,
        "element": 2,
        "skill_count": 3
    },
    "131128": {
        "name": "",
        "rarity": 5,
        "element": 2,
        "skill_count": 3
    },
    "131134": {
        "name": "",
        "rarity": 5,
        "element": 2,
        "skill_count": 6
    },
    "131140": {
        "name": "",
        "rarity": 5,
        "element": 2,
        "skill_count": 3
    },
    "131146": {
        "name": "",
        "rarity": 5,
        "element": 2,
        "skill_count": 3
    },
    "131152": {
        "name": "",
        "rarity": 5,
        "element": 2,
        "skill_count": 3
    },
    "131158": {
        "name": "",
        "rarity": 5,
        "element": 2,
        "skill_count": 3
    },
    "141001": {
        "name": "",
        "rarity": 5,
        "element": 3,
        "skill_count": 6
    },
    "141002": {
        "name": "",
        "rarity": 5,
        "element": 3,
        "skill_count": 6
    },
    "141003": {
        "name": "",
        "rarity": 5,
        "element": 3,
        "skill_count": 6
    },
    "141004": {
        "name": "",
        "rarity": 5,
        "element": 3,
        "skill_count": 6
    },
    "141005": {
        "name": "",
        "rarity": 5,
        "element": 3,
        "skill_count": 6
    },
    "141006": {
        "name": "",
        "rarity": 5,
        "element": 3,
        "skill_count": 6
    },
    "141007": {
        "name": "",
        "rarity": 5,
        "element": 3,
        "skill_count": 6
    },
    "141008": {
        "name": "",
        "rarity": 5,
        "element": 3,
        "skill_count": 6
    },
    "141009": {
        "name": "",
        "rarity": 5,
        "element": 3,
        "skill_count": 6
    },
    "141015": {
        "name": "",
        "rarity": 5,
        "element": 3,
        "skill_count": 6
    },
    "141021": {
        "name": "",
        "rarity": 5,
        "element": 3,
        "skill_count": 6
    },
    "141027": {
        "name": "",
        "rarity": 5,
        "element": 3,
        "skill_count": 6
    },
    "141033": {
        "name": "",
        "rarity": 5,
        "element": 3,
        "skill_count": 6
    },
    "141039": {
        "name": "",
        "rarity": 5,
        "element": 3,
        "skill_count": 6
    },
    "141045": {
        "name": "",
        "rarity": 5,
        "element": 3,
        "skill_count": 6
    },
    "141051": {
        "name": "",
        "rarity": 5,
        "element": 3,
        "skill_count": 6
    },
    "141057": {
        "name": "",
        "rarity": 5,
        "element": 3,
        "skill_count": 6
    },
    "141063": {
        "name": "",
        "rarity": 5,
        "element": 3,
        "skill_count": 6
    },
    "141069": {
        "name": "",
        "rarity": 5,
        "element": 3,
        "skill_count": 6
    },
    "141081": {
        "name": "",
        "rarity": 5,
        "element": 3,
        "skill_count": 6
    },
    "141087": {
        "name": "",
        "rarity": 5,
        "element": 3,
        "skill_count": 6
    },
    "141093": {
        "name": "",
        "rarity": 5,
        "element": 3,
        "skill_count": 6
    },
    "141099": {
        "name": "",
        "rarity": 5,
        "element": 3,
        "skill_count": 6
    },
    "141105": {
        "name": "",
        "rarity": 5,
        "element": 3,
        "skill_count": 6
    },
    "141111": {
        "name": "",
        "rarity": 5,
        "element": 3,
        "skill_count": 6
    },
    "141117": {
        "name": "",
        "rarity": 5,
        "element": 3,
        "skill_count": 6
    },
    "141123": {
        "name": "",
        "rarity": 5,
        "element": 3,
        "skill_count": 6
    },
    "141135": {
        "name": "",
        "rarity": 5,
        "element": 3,
        "skill_count": 6
    },
    "141141": {
        "name": "",
        "rarity": 5,
        "element": 3,
        "skill_count": 3
    },
    "141147": {
        "name": "",
        "rarity": 5,
        "element": 3,
        "skill_count": 3
    },
    "141153": {
        "name": "",
        "rarity": 5,
        "element": 3,
        "skill_count": 3
    },
    "141159": {
        "name": "",
        "rarity": 5,
        "element": 3,
        "skill_count": 3
    },
    "141165": {
        "name": "",
        "rarity": 5,
        "element": 3,
        "skill_count": 3
    },
    "141171": {
        "name": "",
        "rarity": 5,
        "element": 3,
        "skill_count": 3
    },
    "151001": {
        "name": "",
        "rarity": 5,
        "element": 4,
        "skill_count": 6
    },
    "151002": {
        "name": "",
        "rarity": 5,
        "element": 4,
        "skill_count": 6
    },
    "151003": {
        "name": "",
        "rarity": 5,
        "element": 4,
        "skill_count": 6
    },
    "151004": {
        "name": "",
        "rarity": 5,
        "element": 4,
        "skill_count": 6
    },
    "151005": {
        "name": "",
        "rarity": 5,
        "element": 4,
        "skill_count": 6
    },
    "151006": {
        "name": "",
        "rarity": 5,
        "element": 4,
        "skill_count": 6
    },
    "151007": {
        "name": "",
        "rarity": 5,
        "element": 4,
        "skill_count": 6
    },
    "151009": {
        "name": "",
        "rarity": 5,
        "element": 4,
        "skill_count": 6
    },
    "151011": {
        "name": "",
        "rarity": 5,
        "element": 4,
        "skill_count": 6
    },
    "151012": {
        "name": "",
        "rarity": 5,
        "element": 4,
        "skill_count": 6
    },
    "151013": {
        "name": "",
        "rarity": 5,
        "element": 4,
        "skill_count": 6
    },
    "151014": {
        "name": "",
        "rarity": 5,
        "element": 4,
        "skill_count": 6
    },
    "151015": {
        "name": "",
        "rarity": 5,
        "element": 4,
        "skill_count": 6
    },
    "151021": {
        "name": "",
        "rarity": 5,
        "element": 4,
        "skill_count": 6
    },
    "151027": {
        "name": "",
        "rarity": 5,
        "element": 4,
        "skill_count": 6
    },
    "151033": {
        "name": "",
        "rarity": 5,
        "element": 4,
        "skill_count": 6
    },
    "151039": {
        "name": "",
        "rarity": 5,
        "element": 4,
        "skill_count": 6
    },
    "151045": {
        "name": "",
        "rarity": 5,
        "element": 4,
        "skill_count": 6
    },
    "151051": {
        "name": "",
        "rarity": 5,
        "element": 4,
        "skill_count": 6
    },
    "151063": {
        "name": "",
        "rarity": 5,
        "element": 4,
        "skill_count": 6
    },
    "151069": {
        "name": "",
        "rarity": 5,
        "element": 4,
        "skill_count": 6
    },
    "151075": {
        "name": "",
        "rarity": 5,
        "element": 4,
        "skill_count": 6
    },
    "151081": {
        "name": "",
        "rarity": 5,
        "element": 4,
        "skill_count": 6
    },
    "151087": {
        "name": "",
        "rarity": 5,
        "element": 4,
        "skill_count": 6
    },
    "151093": {
        "name": "",
        "rarity": 5,
        "element": 4,
        "skill_count": 6
    },
    "151099": {
        "name": "",
        "rarity": 5,
        "element": 4,
        "skill_count": 6
    },
    "151105": {
        "name": "",
        "rarity": 5,
        "element": 4,
        "skill_count": 6
    },
    "151117": {
        "name": "",
        "rarity": 5,
        "element": 4,
        "skill_count": 6
    },
    "151123": {
        "name": "",
        "rarity": 5,
        "element": 4,
        "skill_count": 6
    },
    "151129": {
        "name": "",
        "rarity": 5,
        "element": 4,
        "skill_count": 3
    },
    "151141": {
        "name": "",
        "rarity": 5,
        "element": 4,
        "skill_count": 3
    },
    "151147": {
        "name": "",
        "rarity": 5,
        "element": 4,
        "skill_count": 3
    },
    "151153": {
        "name": "",
        "rarity": 5,
        "element": 4,
        "skill_count": 3
    },
    "151159": {
        "name": "",
        "rarity": 5,
        "element": 4,
        "skill_count": 3
    },
    "151165": {
        "name": "",
        "rarity": 5,
        "element": 4,
        "skill_count": 3
    },
    "151171": {
        "name": "",
        "rarity": 5,
        "element": 4,
        "skill_count": 3
    },
    "153001": {
        "name": "",
        "rarity": 5,
        "element": 4,
        "skill_count": 3
    },
    "161001": {
        "name": "",
        "rarity": 5,
        "element": 5,
        "skill_count": 6
    },
    "161002": {
        "name": "",
        "rarity": 5,
        "element": 5,
        "skill_count": 6
    },
    "161004": {
        "name": "",
        "rarity": 5,
        "element": 5,
        "skill_count": 6
    },
    "161005": {
        "name": "",
        "rarity": 5,
        "element": 5,
        "skill_count": 6
    },
    "161006": {
        "name": "",
        "rarity": 5,
        "element": 5,
        "skill_count": 6
    },
    "161007": {
        "name": "",
        "rarity": 5,
        "element": 5,
        "skill_count": 6
    },
    "161008": {
        "name": "",
        "rarity": 5,
        "element": 5,
        "skill_count": 6
    },
    "161009": {
        "name": "",
        "rarity": 5,
        "element": 5,
        "skill_count": 6
    },
    "161015": {
        "name": "",
        "rarity": 5,
        "element": 5,
        "skill_count": 6
    },
    "161021": {
        "name": "",
        "rarity": 5,
        "element": 5,
        "skill_count": 6
    },
    "161027": {
        "name": "",
        "rarity": 5,
        "element": 5,
        "skill_count": 6
    },
    "161033": {
        "name": "",
        "rarity": 5,
        "element": 5,
        "skill_count": 6
    },
    "161039": {
        "name": "",
        "rarity": 5,
        "element": 5,
        "skill_count": 6
    },
    "161045": {
        "name": "",
        "rarity": 5,
        "element": 5,
        "skill_count": 6
    },
    "161051": {
        "name": "",
        "rarity": 5,
        "element": 5,
        "skill_count": 6
    },
    "161057": {
        "name": "",
        "rarity": 5,
        "element": 5,
        "skill_count": 6
    },
    "161063": {
        "name": "",
        "rarity": 5,
        "element": 5,
        "skill_count": 6
    },
    "161069": {
        "name": "",
        "rarity": 5,
        "element": 5,
        "skill_count": 6
    },
    "161081": {
        "name": "",
        "rarity": 5,
        "element": 5,
        "skill_count": 6
    },
    "161082": {
        "name": "",
        "rarity": 5,
        "element": 5,
        "skill_count": 6
    },
    "161087": {
        "name": "",
        "rarity": 5,
        "element": 5,
        "skill_count": 6
    },
    "161093": {
        "name": "",
        "rarity": 5,
        "element": 5,
        "skill_count": 6
    },
    "161099": {
        "name": "",
        "rarity": 5,
        "element": 5,
        "skill_count": 6
    },
    "161105": {
        "name": "",
        "rarity": 5,
        "element": 5,
        "skill_count": 6
    },
    "161111": {
        "name": "",
        "rarity": 5,
        "element": 5,
        "skill_count": 6
    },
    "161117": {
        "name": "",
        "rarity": 5,
        "element": 5,
        "skill_count": 6
    },
    "161123": {
        "name": "",
        "rarity": 5,
        "element": 5,
        "skill_count": 6
    },
    "161129": {
        "name": "",
        "rarity": 5,
        "element": 5,
        "skill_count": 6
    },
    "161135": {
        "name": "",
        "rarity": 5,
        "element": 5,
        "skill_count": 3
    },
    "161147": {
        "name": "",
        "rarity": 5,
        "element": 5,
        "skill_count": 6
    },
    "161153": {
        "name": "",
        "rarity": 5,
        "element": 5,
        "skill_count": 3
    },
    "161159": {
        "name": "",
        "rarity": 5,
        "element": 5,
        "skill_count": 3
    },
    "161165": {
        "name": "",
        "rarity": 5,
        "element": 5,
        "skill_count": 6
    },
    "161171": {
        "name": "",
        "rarity": 5,
        "element": 5,
        "skill_count": 3
    },
    "161177": {
        "name": "",
        "rarity": 5,
        "element": 5,
        "skill_count": 3
    },
    "161183": {
        "name": "",
        "rarity": 5,
        "element": 5,
        "skill_count": 3
    },
    "161189": {
        "name": "",
        "rarity": 5,
        "element": 5,
        "skill_count": 3
    },
    "163001": {
        "name": "",
        "rarity": 5,
        "element": 5,
        "skill_count": 6
    },
    "211001": {
        "name": "",
        "rarity": 4,
        "element": 0,
        "skill_count": 6
    },
    "211002": {
        "name": "",
        "rarity": 4,
        "element": 0,
        "skill_count": 6
    },
    "211003": {
        "name": "",
        "rarity": 4,
        "element": 0,
        "skill_count": 6
    },
    "211004": {
        "name": "",
        "rarity": 4,
        "element": 0,
        "skill_count": 6
    },
    "211005": {
        "name": "",
        "rarity": 4,
        "element": 0,
        "skill_count": 6
    },
    "211006": {
        "name": "",
        "rarity": 4,
        "element": 0,
        "skill_count": 6
    },
    "211007": {
        "name": "",
        "rarity": 4,
        "element": 0,
        "skill_count": 6
    },
    "211008": {
        "name": "",
        "rarity": 4,
        "element": 0,
        "skill_count": 6
    },
    "211009": {
        "name": "",
        "rarity": 4,
        "element": 0,
        "skill_count": 6
    },
    "211010": {
        "name": "",
        "rarity": 4,
        "element": 0,
        "skill_count": 6
    },
    "211011": {
        "name": "",
        "rarity": 4,
        "element": 0,
        "skill_count": 6
    },
    "211012": {
        "name": "",
        "rarity": 4,
        "element": 0,
        "skill_count": 6
    },
    "211013": {
        "name": "",
        "rarity": 4,
        "element": 0,
        "skill_count": 6
    },
    "211014": {
        "name": "",
        "rarity": 4,
        "element": 0,
        "skill_count": 6
    },
    "211020": {
        "name": "",
        "rarity": 4,
        "element": 0,
        "skill_count": 6
    },
    "211026": {
        "name": "",
        "rarity": 4,
        "element": 0,
        "skill_count": 6
    },
    "211032": {
        "name": "",
        "rarity": 4,
        "element": 0,
        "skill_count": 6
    },
    "211038": {
        "name": "",
        "rarity": 4,
        "element": 0,
        "skill_count": 6
    },
    "211044": {
        "name": "",
        "rarity": 4,
        "element": 0,
        "skill_count": 6
    },
    "211050": {
        "name": "",
        "rarity": 4,
        "element": 0,
        "skill_count": 6
    },
    "211056": {
        "name": "",
        "rarity": 4,
        "element": 0,
        "skill_count": 6
    },
    "211062": {
        "name": "",
        "rarity": 4,
        "element": 0,
        "skill_count": 6
    },
    "213001": {
        "name": "",
        "rarity": 4,
        "element": 0,
        "skill_count": 6
    },
    "213013": {
        "name": "",
        "rarity": 4,
        "element": 0,
        "skill_count": 6
    },
    "221001": {
        "name": "",
        "rarity": 4,
        "element": 1,
        "skill_count": 6
    },
    "221002": {
        "name": "",
        "rarity": 4,
        "element": 1,
        "skill_count": 6
    },
    "221003": {
        "name": "",
        "rarity": 4,
        "element": 1,
        "skill_count": 6
    },
    "221004": {
        "name": "",
        "rarity": 4,
        "element": 1,
        "skill_count": 6
    },
    "221006": {
        "name": "",
        "rarity": 4,
        "element": 1,
        "skill_count": 6
    },
    "221007": {
        "name": "",
        "rarity": 4,
        "element": 1,
        "skill_count": 6
    },
    "221008": {
        "name": "",
        "rarity": 4,
        "element": 1,
        "skill_count": 6
    },
    "221009": {
        "name": "",
        "rarity": 4,
        "element": 1,
        "skill_count": 6
    },
    "221010": {
        "name": "",
        "rarity": 4,
        "element": 1,
        "skill_count": 6
    },
    "221011": {
        "name": "",
        "rarity": 4,
        "element": 1,
        "skill_count": 6
    },
    "221017": {
        "name": "",
        "rarity": 4,
        "element": 1,
        "skill_count": 6
    },
    "221022": {
        "name": "",
        "rarity": 4,
        "element": 1,
        "skill_count": 6
    },
    "221028": {
        "name": "",
        "rarity": 4,
        "element": 1,
        "skill_count": 6
    },
    "221034": {
        "name": "",
        "rarity": 4,
        "element": 1,
        "skill_count": 6
    },
    "221040": {
        "name": "",
        "rarity": 4,
        "element": 1,
        "skill_count": 6
    },
    "221053": {
        "name": "",
        "rarity": 4,
        "element": 1,
        "skill_count": 6
    },
    "221054": {
        "name": "",
        "rarity": 4,
        "element": 1,
        "skill_count": 6
    },
    "221060": {
        "name": "",
        "rarity": 4,
        "element": 1,
        "skill_count": 6
    },
    "221066": {
        "name": "",
        "rarity": 4,
        "element": 1,
        "skill_count": 6
    },
    "221072": {
        "name": "",
        "rarity": 4,
        "element": 1,
        "skill_count": 6
    },
    "221078": {
        "name": "",
        "rarity": 4,
        "element": 1,
        "skill_count": 3
    },
    "222001": {
        "name": "",
        "rarity": 4,
        "element": 1,
        "skill_count": 6
    },
    "223001": {
        "name": "",
        "rarity": 4,
        "element": 1,
        "skill_count": 6
    },
    "223007": {
        "name": "",
        "rarity": 4,
        "element": 1,
        "skill_count": 6
    },
    "223013": {
        "name": "",
        "rarity": 4,
        "element": 1,
        "skill_count": 6
    },
    "223019": {
        "name": "",
        "rarity": 4,
        "element": 1,
        "skill_count": 6
    },
    "231001": {
        "name": "",
        "rarity": 4,
        "element": 2,
        "skill_count": 6
    },
    "231002": {
        "name": "",
        "rarity": 4,
        "element": 2,
        "skill_count": 6
    },
    "231003": {
        "name": "",
        "rarity": 4,
        "element": 2,
        "skill_count": 6
    },
    "231004": {
        "name": "",
        "rarity": 4,
        "element": 2,
        "skill_count": 6
    },
    "231005": {
        "name": "",
        "rarity": 4,
        "element": 2,
        "skill_count": 6
    },
    "231006": {
        "name": "",
        "rarity": 4,
        "element": 2,
        "skill_count": 6
    },
    "231007": {
        "name": "",
        "rarity": 4,
        "element": 2,
        "skill_count": 6
    },
    "231008": {
        "name": "",
        "rarity": 4,
        "element": 2,
        "skill_count": 6
    },
    "231009": {
        "name": "",
        "rarity": 4,
        "element": 2,
        "skill_count": 6
    },
    "231012": {
        "name": "",
        "rarity": 4,
        "element": 2,
        "skill_count": 6
    },
    "231013": {
        "name": "",
        "rarity": 4,
        "element": 2,
        "skill_count": 6
    },
    "231014": {
        "name": "",
        "rarity": 4,
        "element": 2,
        "skill_count": 6
    },
    "231020": {
        "name": "",
        "rarity": 4,
        "element": 2,
        "skill_count": 6
    },
    "231032": {
        "name": "",
        "rarity": 4,
        "element": 2,
        "skill_count": 6
    },
    "231038": {
        "name": "",
        "rarity": 4,
        "element": 2,
        "skill_count": 6
    },
    "231044": {
        "name": "",
        "rarity": 4,
        "element": 2,
        "skill_count": 6
    },
    "231050": {
        "name": "",
        "rarity": 4,
        "element": 2,
        "skill_count": 6
    },
    "231056": {
        "name": "",
        "rarity": 4,
        "element": 2,
        "skill_count": 6
    },
    "231063": {
        "name": "",
        "rarity": 4,
        "element": 2,
        "skill_count": 6
    },
    "231069": {
        "name": "",
        "rarity": 4,
        "element": 2,
        "skill_count": 6
    },
    "231075": {
        "name": "",
        "rarity": 4,
        "element": 2,
        "skill_count": 6
    },
    "231081": {
        "name": "",
        "rarity": 4,
        "element": 2,
        "skill_count": 6
    },
    "231087": {
        "name": "",
        "rarity": 4,
        "element": 2,
        "skill_count": 6
    },
    "231093": {
        "name": "",
        "rarity": 4,
        "element": 2,
        "skill_count": 6
    },
    "231099": {
        "name": "",
        "rarity": 4,
        "element": 2,
        "skill_count": 3
    },
    "233001": {
        "name": "",
        "rarity": 4,
        "element": 2,
        "skill_count": 6
    },
    "233007": {
        "name": "",
        "rarity": 4,
        "element": 2,
        "skill_count": 6
    },
    "233013": {
        "name": "",
        "rarity": 4,
        "element": 2,
        "skill_count": 6
    },
    "241001": {
        "name": "",
        "rarity": 4,
        "element": 3,
        "skill_count": 6
    },
    "241002": {
        "name": "",
        "rarity": 4,
        "element": 3,
        "skill_count": 6
    },
    "241003": {
        "name": "",
        "rarity": 4,
        "element": 3,
        "skill_count": 6
    },
    "241004": {
        "name": "",
        "rarity": 4,
        "element": 3,
        "skill_count": 6
    },
    "241005": {
        "name": "",
        "rarity": 4,
        "element": 3,
        "skill_count": 6
    },
    "241006": {
        "name": "",
        "rarity": 4,
        "element": 3,
        "skill_count": 6
    },
    "241007": {
        "name": "",
        "rarity": 4,
        "element": 3,
        "skill_count": 6
    },
    "241008": {
        "name": "",
        "rarity": 4,
        "element": 3,
        "skill_count": 6
    },
    "241009": {
        "name": "",
        "rarity": 4,
        "element": 3,
        "skill_count": 6
    },
    "241015": {
        "name": "",
        "rarity": 4,
        "element": 3,
        "skill_count": 6
    },
    "241021": {
        "name": "",
        "rarity": 4,
        "element": 3,
        "skill_count": 6
    },
    "241027": {
        "name": "",
        "rarity": 4,
        "element": 3,
        "skill_count": 6
    },
    "241033": {
        "name": "",
        "rarity": 4,
        "element": 3,
        "skill_count": 6
    },
    "241039": {
        "name": "",
        "rarity": 4,
        "element": 3,
        "skill_count": 6
    },
    "241045": {
        "name": "",
        "rarity": 4,
        "element": 3,
        "skill_count": 6
    },
    "241051": {
        "name": "",
        "rarity": 4,
        "element": 3,
        "skill_count": 6
    },
    "241057": {
        "name": "",
        "rarity": 4,
        "element": 3,
        "skill_count": 6
    },
    "241063": {
        "name": "",
        "rarity": 4,
        "element": 3,
        "skill_count": 6
    },
    "241069": {
        "name": "",
        "rarity": 4,
        "element": 3,
        "skill_count": 6
    },
    "243001": {
        "name": "",
        "rarity": 4,
        "element": 3,
        "skill_count": 6
    },
    "243007": {
        "name": "",
        "rarity": 4,
        "element": 3,
        "skill_count": 6
    },
    "243013": {
        "name": "",
        "rarity": 4,
        "element": 3,
        "skill_count": 6
    },
    "243019": {
        "name": "",
        "rarity": 4,
        "element": 3,
        "skill_count": 6
    },
    "251001": {
        "name": "",
        "rarity": 4,
        "element": 4,
        "skill_count": 6
    },
    "251002": {
        "name": "",
        "rarity": 4,
        "element": 4,
        "skill_count": 6
    },
    "251003": {
        "name": "",
        "rarity": 4,
        "element": 4,
        "skill_count": 6
    },
    "251004": {
        "name": "",
        "rarity": 4,
        "element": 4,
        "skill_count": 6
    },
    "251005": {
        "name": "",
        "rarity": 4,
        "element": 4,
        "skill_count": 6
    },
    "251006": {
        "name": "",
        "rarity": 4,
        "element": 4,
        "skill_count": 6
    },
    "251007": {
        "name": "",
        "rarity": 4,
        "element": 4,
        "skill_count": 6
    },
    "251008": {
        "name": "",
        "rarity": 4,
        "element": 4,
        "skill_count": 6
    },
    "251009": {
        "name": "",
        "rarity": 4,
        "element": 4,
        "skill_count": 6
    },
    "251010": {
        "name": "",
        "rarity": 4,
        "element": 4,
        "skill_count": 6
    },
    "251011": {
        "name": "",
        "rarity": 4,
        "element": 4,
        "skill_count": 6
    },
    "251017": {
        "name": "",
        "rarity": 4,
        "element": 4,
        "skill_count": 6
    },
    "251023": {
        "name": "",
        "rarity": 4,
        "element": 4,
        "skill_count": 6
    },
    "251029": {
        "name": "",
        "rarity": 4,
        "element": 4,
        "skill_count": 6
    },
    "251035": {
        "name": "",
        "rarity": 4,
        "element": 4,
        "skill_count": 6
    },
    "251041": {
        "name": "",
        "rarity": 4,
        "element": 4,
        "skill_count": 6
    },
    "251047": {
        "name": "",
        "rarity": 4,
        "element": 4,
        "skill_count": 6
    },
    "251053": {
        "name": "",
        "rarity": 4,
        "element": 4,
        "skill_count": 6
    },
    "251059": {
        "name": "",
        "rarity": 4,
        "element": 4,
        "skill_count": 6
    },
    "251065": {
        "name": "",
        "rarity": 4,
        "element": 4,
        "skill_count": 6
    },
    "251071": {
        "name": "",
        "rarity": 4,
        "element": 4,
        "skill_count": 6
    },
    "251077": {
        "name": "",
        "rarity": 4,
        "element": 4,
        "skill_count": 6
    },
    "253001": {
        "name": "",
        "rarity": 4,
        "element": 4,
        "skill_count": 6
    },
    "253007": {
        "name": "",
        "rarity": 4,
        "element": 4,
        "skill_count": 6
    },
    "253013": {
        "name": "",
        "rarity": 4,
        "element": 4,
        "skill_count": 6
    },
    "253019": {
        "name": "",
        "rarity": 4,
        "element": 4,
        "skill_count": 3
    },
    "261001": {
        "name": "",
        "rarity": 4,
        "element": 5,
        "skill_count": 6
    },
    "261003": {
        "name": "",
        "rarity": 4,
        "element": 5,
        "skill_count": 6
    },
    "261004": {
        "name": "",
        "rarity": 4,
        "element": 5,
        "skill_count": 6
    },
    "261005": {
        "name": "",
        "rarity": 4,
        "element": 5,
        "skill_count": 6
    },
    "261006": {
        "name": "",
        "rarity": 4,
        "element": 5,
        "skill_count": 6
    },
    "261007": {
        "name": "",
        "rarity": 4,
        "element": 5,
        "skill_count": 6
    },
    "261008": {
        "name": "",
        "rarity": 4,
        "element": 5,
        "skill_count": 6
    },
    "261009": {
        "name": "",
        "rarity": 4,
        "element": 5,
        "skill_count": 6
    },
    "261010": {
        "name": "",
        "rarity": 4,
        "element": 5,
        "skill_count": 6
    },
    "261011": {
        "name": "",
        "rarity": 4,
        "element": 5,
        "skill_count": 6
    },
    "261017": {
        "name": "",
        "rarity": 4,
        "element": 5,
        "skill_count": 6
    },
    "261023": {
        "name": "",
        "rarity": 4,
        "element": 5,
        "skill_count": 6
    },
    "261029": {
        "name": "",
        "rarity": 4,
        "element": 5,
        "skill_count": 6
    },
    "261035": {
        "name": "",
        "rarity": 4,
        "element": 5,
        "skill_count": 6
    },
    "261041": {
        "name": "",
        "rarity": 4,
        "element": 5,
        "skill_count": 6
    },
    "261047": {
        "name": "",
        "rarity": 4,
        "element": 5,
        "skill_count": 6
    },
    "261059": {
        "name": "",
        "rarity": 4,
        "element": 5,
        "skill_count": 6
    },
    "261065": {
        "name": "",
        "rarity": 4,
        "element": 5,
        "skill_count": 6
    },
    "261071": {
        "name": "",
        "rarity": 4,
        "element": 5,
        "skill_count": 6
    },
    "261077": {
        "name": "",
        "rarity": 4,
        "element": 5,
        "skill_count": 6
    },
    "261083": {
        "name": "",
        "rarity": 4,
        "element": 5,
        "skill_count": 3
    },
    "261089": {
        "name": "",
        "rarity": 4,
        "element": 5,
        "skill_count": 3
    },
    "263001": {
        "name": "",
        "rarity": 4,
        "element": 5,
        "skill_count": 6
    },
    "263002": {
        "name": "",
        "rarity": 4,
        "element": 5,
        "skill_count": 6
    },
    "263003": {
        "name": "",
        "rarity": 4,
        "element": 5,
        "skill_count": 6
    },
    "263009": {
        "name": "",
        "rarity": 4,
        "element": 5,
        "skill_count": 6
    },
    "311001": {
        "name": "",
        "rarity": 3,
        "element": 0,
        "skill_count": 6
    },
    "311002": {
        "name": "",
        "rarity": 3,
        "element": 0,
        "skill_count": 6
    },
    "311003": {
        "name": "",
        "rarity": 3,
        "element": 0,
        "skill_count": 6
    },
    "311004": {
        "name": "",
        "rarity": 3,
        "element": 0,
        "skill_count": 6
    },
    "311005": {
        "name": "",
        "rarity": 3,
        "element": 0,
        "skill_count": 6
    },
    "311006": {
        "name": "",
        "rarity": 3,
        "element": 0,
        "skill_count": 6
    },
    "311008": {
        "name": "",
        "rarity": 3,
        "element": 0,
        "skill_count": 6
    },
    "311009": {
        "name": "",
        "rarity": 3,
        "element": 0,
        "skill_count": 6
    },
    "311010": {
        "name": "",
        "rarity": 3,
        "element": 0,
        "skill_count": 6
    },
    "311011": {
        "name": "",
        "rarity": 3,
        "element": 0,
        "skill_count": 6
    },
    "311012": {
        "name": "",
        "rarity": 3,
        "element": 0,
        "skill_count": 6
    },
    "311013": {
        "name": "",
        "rarity": 3,
        "element": 0,
        "skill_count": 6
    },
    "311019": {
        "name": "",
        "rarity": 3,
        "element": 0,
        "skill_count": 6
    },
    "311025": {
        "name": "",
        "rarity": 3,
        "element": 0,
        "skill_count": 6
    },
    "321001": {
        "name": "",
        "rarity": 3,
        "element": 1,
        "skill_count": 6
    },
    "321002": {
        "name": "",
        "rarity": 3,
        "element": 1,
        "skill_count": 6
    },
    "321003": {
        "name": "",
        "rarity": 3,
        "element": 1,
        "skill_count": 6
    },
    "321004": {
        "name": "",
        "rarity": 3,
        "element": 1,
        "skill_count": 6
    },
    "321005": {
        "name": "",
        "rarity": 3,
        "element": 1,
        "skill_count": 6
    },
    "321006": {
        "name": "",
        "rarity": 3,
        "element": 1,
        "skill_count": 6
    },
    "321007": {
        "name": "",
        "rarity": 3,
        "element": 1,
        "skill_count": 6
    },
    "321008": {
        "name": "",
        "rarity": 3,
        "element": 1,
        "skill_count": 6
    },
    "321009": {
        "name": "",
        "rarity": 3,
        "element": 1,
        "skill_count": 6
    },
    "321010": {
        "name": "",
        "rarity": 3,
        "element": 1,
        "skill_count": 6
    },
    "321011": {
        "name": "",
        "rarity": 3,
        "element": 1,
        "skill_count": 6
    },
    "321012": {
        "name": "",
        "rarity": 3,
        "element": 1,
        "skill_count": 6
    },
    "321013": {
        "name": "",
        "rarity": 3,
        "element": 1,
        "skill_count": 6
    },
    "323001": {
        "name": "",
        "rarity": 3,
        "element": 1,
        "skill_count": 6
    },
    "331001": {
        "name": "",
        "rarity": 3,
        "element": 2,
        "skill_count": 6
    },
    "331002": {
        "name": "",
        "rarity": 3,
        "element": 2,
        "skill_count": 6
    },
    "331003": {
        "name": "",
        "rarity": 3,
        "element": 2,
        "skill_count": 6
    },
    "331004": {
        "name": "",
        "rarity": 3,
        "element": 2,
        "skill_count": 6
    },
    "331005": {
        "name": "",
        "rarity": 3,
        "element": 2,
        "skill_count": 6
    },
    "331006": {
        "name": "",
        "rarity": 3,
        "element": 2,
        "skill_count": 6
    },
    "331007": {
        "name": "",
        "rarity": 3,
        "element": 2,
        "skill_count": 6
    },
    "331010": {
        "name": "",
        "rarity": 3,
        "element": 2,
        "skill_count": 6
    },
    "331011": {
        "name": "",
        "rarity": 3,
        "element": 2,
        "skill_count": 6
    },
    "331012": {
        "name": "",
        "rarity": 3,
        "element": 2,
        "skill_count": 6
    },
    "331013": {
        "name": "",
        "rarity": 3,
        "element": 2,
        "skill_count": 6
    },
    "331014": {
        "name": "",
        "rarity": 3,
        "element": 2,
        "skill_count": 6
    },
    "331020": {
        "name": "",
        "rarity": 3,
        "element": 2,
        "skill_count": 6
    },
    "333001": {
        "name": "",
        "rarity": 3,
        "element": 2,
        "skill_count": 6
    },
    "341001": {
        "name": "",
        "rarity": 3,
        "element": 3,
        "skill_count": 6
    },
    "341002": {
        "name": "",
        "rarity": 3,
        "element": 3,
        "skill_count": 6
    },
    "341003": {
        "name": "",
        "rarity": 3,
        "element": 3,
        "skill_count": 6
    },
    "341004": {
        "name": "",
        "rarity": 3,
        "element": 3,
        "skill_count": 6
    },
    "341005": {
        "name": "",
        "rarity": 3,
        "element": 3,
        "skill_count": 6
    },
    "341006": {
        "name": "",
        "rarity": 3,
        "element": 3,
        "skill_count": 6
    },
    "341007": {
        "name": "",
        "rarity": 3,
        "element": 3,
        "skill_count": 6
    },
    "341008": {
        "name": "",
        "rarity": 3,
        "element": 3,
        "skill_count": 6
    },
    "341009": {
        "name": "",
        "rarity": 3,
        "element": 3,
        "skill_count": 6
    },
    "341010": {
        "name": "",
        "rarity": 3,
        "element": 3,
        "skill_count": 6
    },
    "341011": {
        "name": "",
        "rarity": 3,
        "element": 3,
        "skill_count": 6
    },
    "341017": {
        "name": "",
        "rarity": 3,
        "element": 3,
        "skill_count": 6
    },
    "351001": {
        "name": "",
        "rarity": 3,
        "element": 4,
        "skill_count": 6
    },
    "351002": {
        "name": "",
        "rarity": 3,
        "element": 4,
        "skill_count": 6
    },
    "351003": {
        "name": "",
        "rarity": 3,
        "element": 4,
        "skill_count": 6
    },
    "351004": {
        "name": "",
        "rarity": 3,
        "element": 4,
        "skill_count": 6
    },
    "351005": {
        "name": "",
        "rarity": 3,
        "element": 4,
        "skill_count": 6
    },
    "351006": {
        "name": "",
        "rarity": 3,
        "element": 4,
        "skill_count": 6
    },
    "351007": {
        "name": "",
        "rarity": 3,
        "element": 4,
        "skill_count": 6
    },
    "351008": {
        "name": "",
        "rarity": 3,
        "element": 4,
        "skill_count": 6
    },
    "351009": {
        "name": "",
        "rarity": 3,
        "element": 4,
        "skill_count": 6
    },
    "351015": {
        "name": "",
        "rarity": 3,
        "element": 4,
        "skill_count": 6
    },
    "351021": {
        "name": "",
        "rarity": 3,
        "element": 4,
        "skill_count": 6
    },
    "351027": {
        "name": "",
        "rarity": 3,
        "element": 4,
        "skill_count": 6
    },
    "351033": {
        "name": "",
        "rarity": 3,
        "element": 4,
        "skill_count": 6
    },
    "361001": {
        "name": "",
        "rarity": 3,
        "element": 5,
        "skill_count": 6
    },
    "361002": {
        "name": "",
        "rarity": 3,
        "element": 5,
        "skill_count": 6
    },
    "361003": {
        "name": "",
        "rarity": 3,
        "element": 5,
        "skill_count": 6
    },
    "361004": {
        "name": "",
        "rarity": 3,
        "element": 5,
        "skill_count": 6
    },
    "361005": {
        "name": "",
        "rarity": 3,
        "element": 5,
        "skill_count": 6
    },
    "361006": {
        "name": "",
        "rarity": 3,
        "element": 5,
        "skill_count": 6
    },
    "361007": {
        "name": "",
        "rarity": 3,
        "element": 5,
        "skill_count": 6
    },
    "361008": {
        "name": "",
        "rarity": 3,
        "element": 5,
        "skill_count": 6
    },
    "361009": {
        "name": "",
        "rarity": 3,
        "element": 5,
        "skill_count": 6
    },
    "361015": {
        "name": "",
        "rarity": 3,
        "element": 5,
        "skill_count": 6
    },
    "361021": {
        "name": "",
        "rarity": 3,
        "element": 5,
        "skill_count": 6
    },
    "361027": {
        "name": "",
        "rarity": 3,
        "element": 5,
        "skill_count": 6
    },
    "361033": {
        "name": "",
        "rarity": 3,
        "element": 5,
        "skill_count": 6
    },
    "412004": {
        "name": "",
        "rarity": 2,
        "element": 0,
        "skill_count": 2
    },
    "442004": {
        "name": "",
        "rarity": 2,
        "element": 3,
        "skill_count": 2
    },
    "442006": {
        "name": "",
        "rarity": 2,
        "element": 3,
        "skill_count": 2
    },
    "443001": {
        "name": "",
        "rarity": 2,
        "element": 3,
        "skill_count": 2
    },
    "443002": {
        "name": "",
        "rarity": 2,
        "element": 3,
        "skill_count": 2
    },
    "512001": {
        "name": "",
        "rarity": 1,
        "element": 0,
        "skill_count": 2
    },
    "512002": {
        "name": "",
        "rarity": 1,
        "element": 0,
        "skill_count": 2
    },
    "512004": {
        "name": "",
        "rarity": 1,
        "element": 0,
        "skill_count": 2
    },
    "522001": {
        "name": "",
        "rarity": 1,
        "element": 1,
        "skill_count": 2
    },
    "532001": {
        "name": "",
        "rarity": 1,
        "element": 2,
        "skill_count": 2
    },
    "532004": {
        "name": "",
        "rarity": 1,
        "element": 2,
        "skill_count": 2
    },
    "542001": {
        "name": "",
        "rarity": 1,
        "element": 3,
        "skill_count": 2
    },
    "700000": {
        "name": "",
        "rarity": 4,
        "element": 3,
        "skill_count": 3
    },
    "700001": {
        "name": "",
        "rarity": 5,
        "element": 5,
        "skill_count": 0
    },
    "700002": {
        "name": "",
        "rarity": 5,
        "element": 3,
        "skill_count": 0
    },
    "700003": {
        "name": "",
        "rarity": 4,
        "element": 4,
        "skill_count": 0
    },
    "700004": {
        "name": "",
        "rarity": 4,
        "element": 2,
        "skill_count": 0
    },
    "700005": {
        "name": "",
        "rarity": 5,
        "element": 4,
        "skill_count": 0
    },
    "700006": {
        "name": "",
        "rarity": 5,
        "element": 1,
        "skill_count": 0
    },
    "700007": {
        "name": "",
        "rarity": 4,
        "element": 1,
        "skill_count": 0
    },
    "700008": {
        "name": "",
        "rarity": 5,
        "element": 1,
        "skill_count": 0
    },
    "700009": {
        "name": "",
        "rarity": 4,
        "element": 0,
        "skill_count": 6
    },
    "700010": {
        "name": "",
        "rarity": 4,
        "element": 0,
        "skill_count": 6
    },
    "700011": {
        "name": "",
        "rarity": 5,
        "element": 1,
        "skill_count": 0
    },
    "700012": {
        "name": "",
        "rarity": 5,
        "element": 5,
        "skill_count": 0
    },
    "700013": {
        "name": "",
        "rarity": 5,
        "element": 2,
        "skill_count": 3
    },
    "700014": {
        "name": "",
        "rarity": 5,
        "element": 1,
        "skill_count": 3
    },
    "700015": {
        "name": "",
        "rarity": 5,
        "element": 2,
        "skill_count": 6
    },
    "700016": {
        "name": "",
        "rarity": 5,
        "element": 4,
        "skill_count": 3
    },
    "700017": {
        "name": "",
        "rarity": 5,
        "element": 5,
        "skill_count": 3
    },
    "700018": {
        "name": "",
        "rarity": 5,
        "element": 4,
        "skill_count": 3
    },
    "700019": {
        "name": "",
        "rarity": 5,
        "element": 5,
        "skill_count": 3
    },
    "999999": {
        "name": "",
        "rarity": 5,
        "element": 0,
        "skill_count": 3
    }
}