{
    "1": {
        "name": "",
        "type": 3,
        "count": 15
    },
    "2": {
        "name": "",
        "type": 3,
        "count": 100
    },
    "3": {
        "name": "",
        "type": 3,
        "count": 15
    },
    "4": {
        "name": "",
        "type": 0,
        "id": 99,
        "count": 1
    },
    "5": {
        "name": "",
        "type": 2,
        "id": 532001
    },
    "6": {
        "name": "",
        "type": 2,
        "id": 512004
    },
    "7": {
        "name": "",
        "type": 2,
        "id": 442006
    },
    "8": {
        "name": "",
        "type": 2,
        "id": 532004
    },
    "9": {
        "name": "",
        "type": 1,
        "id": 100001,
        "count": 1
    },
    "10": {
        "name": "",
        "type": 1,
        "id": 100002,
        "count": 1
    },
    "11": {
        "name": "",
        "type": 1,
        "id": 100003,
        "count": 1
    },
    "12": {
        "name": "",
        "type": 1,
        "id": 100004,
        "count": 1
    },
    "13": {
        "name": "",
        "type": 1,
        "id": 100005,
        "count": 1
    },
    "14": {
        "name": "",
        "type": 1,
        "id": 100006,
        "count": 1
    },
    "15": {
        "name": "",
        "type": 1,
        "id": 100007,
        "count": 1
    },
    "16": {
        "name": "",
        "type": 1,
        "id": 100008,
        "count": 1
    },
    "17": {
        "name": "",
        "type": 1,
        "id": 100009,
        "count": 1
    },
    "18": {
        "name": "",
        "type": 1,
        "id": 2010002,
        "count": 3
    },
    "19": {
        "name": "",
        "type": 1,
        "id": 5010012,
        "count": 1
    },
    "20": {
        "name": "",
        "type": 1,
        "id": 5030011,
        "count": 1
    },
    "21": {
        "name": "",
        "type": 1,
        "id": 5020009,
        "count": 1
    },
    "22": {
        "name": "",
        "type": 1,
        "id": 5040009,
        "count": 1
    },
    "23": {
        "name": "",
        "type": 1,
        "id": 5010011,
        "count": 1
    },
    "24": {
        "name": "",
        "type": 1,
        "id": 5070009,
        "count": 1
    },
    "25": {
        "name": "",
        "type": 3,
        "count": 25
    },
    "26": {
        "name": "",
        "type": 3,
        "count": 25
    },
    "27": {
        "name": "",
        "type": 0,
        "id": 99,
        "count": 2
    },
    "28": {
        "name": "",
        "type": 0,
        "id": 99,
        "count": 3
    },
    "29": {
        "name": "",
        "type": 0,
        "id": 99,
        "count": 5
    },
    "30": {
        "name": "",
        "type": 0,
        "id": 99,
        "count": 10
    },
    "31": {
        "name": "",
        "type": 0,
        "id": 11003,
        "count": 1
    },
    "32": {
        "name": "",
        "type": 0,
        "id": 11003,
        "count": 1
    },
    "33": {
        "name": "",
        "type": 2,
        "id": 323001
    },
    "34": {
        "name": "",
        "type": 3,
        "count": 30
    },
    "35": {
        "name": "",
        "type": 3,
        "count": 1500
    },
    "36": {
        "name": "",
        "type": 2,
        "id": 253001
    },
    "37": {
        "name": "",
        "type": 0,
        "id": 45,
        "count": 1
    },
    "38": {
        "name": "",
        "type": 0,
        "id": 999003,
        "count": 1
    },
    "39": {
        "name": "",
        "type": 3,
        "count": 50
    },
    "40": {
        "name": "",
        "type": 0,
        "id": 30003,
        "count": 1
    },
    "41": {
        "name": "",
        "type": 0,
        "id": 30004,
        "count": 1
    },
    "42": {
        "name": "",
        "type": 0,
        "id": 30005,
        "count": 1
    },
    "43": {
        "name": "",
        "type": 0,
        "id": 30007,
        "count": 1
    },
    "44": {
        "name": "",
        "type": 0,
        "id": 30008,
        "count": 1
    },
    "45": {
        "name": "",
        "type": 0,
        "id": 30009,
        "count": 1
    },
    "46": {
        "name": "",
        "type": 0,
        "id": 30011,
        "count": 1
    },
    "47": {
        "name": "",
        "type": 0,
        "id": 30012,
        "count": 1
    },
    "48": {
        "name": "",
        "type": 0,
        "id": 30013,
        "count": 1
    },
    "49": {
        "name": "",
        "type": 0,
        "id": 30015,
        "count": 1
    },
    "50": {
        "name": "",
        "type": 0,
        "id": 30016,
        "count": 1
    },
    "51": {
        "name": "",
        "type": 0,
        "id": 30017,
        "count": 1
    },
    "52": {
        "name": "",
        "type": 0,
        "id": 30019,
        "count": 1
    },
    "53": {
        "name": "",
        "type": 0,
        "id": 30020,
        "count": 1
    },
    "54": {
        "name": "",
        "type": 0,
        "id": 30021,
        "count": 1
    },
    "55": {
        "name": "",
        "type": 3,
        "count": 75
    },
    "56": {
        "name": "",
        "type": 0,
        "id": 30023,
        "count": 1
    },
    "57": {
        "name": "",
        "type": 0,
        "id": 30024,
        "count": 1
    },
    "58": {
        "name": "",
        "type": 0,
        "id": 30025,
        "count": 1
    },
    "59": {
        "name": "",
        "type": 3,
        "count": 100
    },
    "60": {
        "name": "",
        "type": 3,
        "count": 150
    },
    "61": {
        "name": "",
        "type": 3,
        "count": 50
    },
    "62": {
        "name": "",
        "type": 3,
        "count": 120
    },
    "63": {
        "name": "",
        "type": 3,
        "count": 30
    },
    "64": {
        "name": "",
        "type": 0,
        "id": 14033,
        "count": 10
    },
    "65": {
        "name": "",
        "type": 0,
        "id": 14034,
        "count": 10
    },
    "66": {
        "name": "",
        "type": 0,
        "id": 14035,
        "count": 10
    },
    "67": {
        "name": "",
        "type": 0,
        "id": 14036,
        "count": 10
    },
    "68": {
        "name": "",
        "type": 0,
        "id": 14037,
        "count": 10
    },
    "69": {
        "name": "",
        "type": 0,
        "id": 14038,
        "count": 10
    },
    "70": {
        "name": "",
        "type": 0,
        "id": 14040,
        "count": 3
    },
    "71": {
        "name": "",
        "type": 0,
        "id": 11003,
        "count": 1
    },
    "72": {
        "name": "",
        "type": 0,
        "id": 13001,
        "count": 1
    },
    "101": {
        "name": "",
        "type": 3,
        "count": 150
    },
    "102": {
        "name": "",
        "type": 3,
        "count": 100
    },
    "103": {
        "name": "",
        "type": 0,
        "id": 99,
        "count": 3
    },
    "104": {
        "name": "",
        "type": 4,
        "count": 15000
    },
    "105": {
        "name": "",
        "type": 5,
        "count": 30000
    },
    "106": {
        "name": "",
        "type": 3,
        "count": 100
    },
    "2000": {
        "name": "",
        "type": 1,
        "id": 100010,
        "count": 1
    },
    "2001": {
        "name": "",
        "type": 1,
        "id": 100011,
        "count": 1
    },
    "2002": {
        "name": "",
        "type": 1,
        "id": 100012,
        "count": 1
    },
    "3001": {
        "name": "",
        "type": 0,
        "id": 62,
        "count": 10
    },
    "3002": {
        "name": "",
        "type": 0,
        "id": 65,
        "count": 10
    },
    "3003": {
        "name": "",
        "type": 0,
        "id": 59,
        "count": 10
    },
    "3004": {
        "name": "",
        "type": 0,
        "id": 56,
        "count": 10
    },
    "3005": {
        "name": "",
        "type": 0,
        "id": 53,
        "count": 10
    },
    "3006": {
        "name": "",
        "type": 0,
        "id": 50,
        "count": 10
    },
    "3020": {
        "name": "",
        "type": 2,
        "id": 443002
    },
    "100001": {
        "name": "",
        "type": 2,
        "id": 263003
    },
    "100011": {
        "name": "",
        "type": 3,
        "count": 150
    },
    "100012": {
        "name": "",
        "type": 0,
        "id": 99,
        "count": 3
    },
    "100013": {
        "name": "",
        "type": 3,
        "count": 150
    },
    "100014": {
        "name": "",
        "type": 0,
        "id": 99,
        "count": 3
    },
    "100015": {
        "name": "",
        "type": 3,
        "count": 150
    },
    "100016": {
        "name": "",
        "type": 3,
        "count": 150
    },
    "100020": {
        "name": "",
        "type": 3,
        "count": 150
    },
    "100021": {
        "name": "",
        "type": 0,
        "id": 99,
        "count": 3
    },
    "100022": {
        "name": "",
        "type": 3,
        "count": 150
    },
    "100031": {
        "name": "",
        "type": 3,
        "count": 150
    },
    "100032": {
        "name": "",
        "type": 0,
        "id": 99,
        "count": 3
    },
    "100101": {
        "name": "",
        "type": 2,
        "id": 263009
    },
    "100301": {
        "name": "",
        "type": 2,
        "id": 113001
    },
    "101011": {
        "name": "",
        "type": 2,
        "id": 243013
    },
    "101012": {
        "name": "",
        "type": 0,
        "id": 99,
        "count": 10
    },
    "101013": {
        "name": "",
        "type": 2,
        "id": 323001
    },
    "101014": {
        "name": "",
        "type": 0,
        "id": 99,
        "count": 10
    },
    "102001": {
        "name": "",
        "type": 2,
        "id": 333001
    },
    "102002": {
        "name": "",
        "type": 0,
        "id": 99,
        "count": 10
    },
    "102003": {
        "name": "",
        "type": 3,
        "count": 150
    },
    "102004": {
        "name": "",
        "type": 0,
        "id": 204,
        "count": 5
    },
    "102005": {
        "name": "",
        "type": 0,
        "id": 221,
        "count": 5
    },
    "103001": {
        "name": "",
        "type": 3,
        "count": 150
    },
    "103002": {
        "name": "",
        "type": 4,
        "count": 10000
    },
    "104001": {
        "name": "",
        "type": 3,
        "count": 100
    },
    "104002": {
        "name": "",
        "type": 0,
        "id": 99,
        "count": 15
    },
    "104003": {
        "name": "",
        "type": 0,
        "id": 13001,
        "count": 1
    },
    "105001": {
        "name": "",
        "type": 3,
        "count": 150
    },
    "105002": {
        "name": "",
        "type": 0,
        "id": 99,
        "count": 3
    },
    "400001": {
        "name": "",
        "type": 0,
        "id": 50104,
        "count": 15
    },
    "400002": {
        "name": "",
        "type": 0,
        "id": 50103,
        "count": 15
    },
    "400003": {
        "name": "",
        "type": 1,
        "id": 5050015,
        "count": 1
    },
    "400004": {
        "name": "",
        "type": 3,
        "count": 30
    },
    "10010001": {
        "name": "",
        "type": 1,
        "id": 4010021,
        "count": 1
    },
    "10010002": {
        "name": "",
        "type": 1,
        "id": 5060018,
        "count": 1
    },
    "10010003": {
        "name": "",
        "type": 0,
        "id": 11003,
        "count": 1
    },
    "10020001": {
        "name": "",
        "type": 1,
        "id": 4090006,
        "count": 1
    },
    "10020002": {
        "name": "",
        "type": 1,
        "id": 5070021,
        "count": 1
    },
    "10020003": {
        "name": "",
        "type": 0,
        "id": 11003,
        "count": 1
    },
    "10030001": {
        "name": "",
        "type": 1,
        "id": 4020021,
        "count": 1
    },
    "10030002": {
        "name": "",
        "type": 0,
        "id": 11003,
        "count": 1
    },
    "10030003": {
        "name": "",
        "type": 1,
        "id": 5090011,
        "count": 1
    },
    "10030004": {
        "name": "",
        "type": 2,
        "id": 223001
    },
    "10040001": {
        "name": "",
        "type": 1,
        "id": 4050021,
        "count": 1
    },
    "10040002": {
        "name": "",
        "type": 0,
        "id": 11003,
        "count": 1
    },
    "10040003": {
        "name": "",
        "type": 0,
        "id": 30104,
        "count": 500
    },
    "10040004": {
        "name": "",
        "type": 0,
        "id": 10002,
        "count": 1
    },
    "10040005": {
        "name": "",
        "type": 2,
        "id": 243007
    },
    "10040006": {
        "name": "",
        "type": 1,
        "id": 5020022,
        "count": 1
    },
    "10040007": {
        "name": "",
        "type": 0,
        "id": 13001,
        "count": 1
    },
    "10040008": {
        "name": "",
        "type": 0,
        "id": 13001,
        "count": 1
    },
    "10040009": {
        "name": "",
        "type": 1,
        "id": 4090012,
        "count": 1
    },
    "10040010": {
        "name": "",
        "type": 0,
        "id": 11003,
        "count": 1
    },
    "10040011": {
        "name": "",
        "type": 0,
        "id": 10002,
        "count": 1
    },
    "10040012": {
        "name": "",
        "type": 0,
        "id": 13001,
        "count": 1
    },
    "10040013": {
        "name": "",
        "type": 1,
        "id": 5080022,
        "count": 1
    },
    "10040101": {
        "name": "",
        "type": 0,
        "id": 11003,
        "count": 1
    },
    "10040102": {
        "name": "",
        "type": 0,
        "id": 999003,
        "count": 1
    },
    "10040103": {
        "name": "",
        "type": 0,
        "id": 11003,
        "count": 1
    },
    "10040104": {
        "name": "",
        "type": 2,
        "id": 263002
    },
    "10040301": {
        "name": "",
        "type": 0,
        "id": 11003,
        "count": 1
    },
    "10040302": {
        "name": "",
        "type": 0,
        "id": 999003,
        "count": 1
    },
    "10040303": {
        "name": "",
        "type": 0,
        "id": 11003,
        "count": 1
    },
    "10040304": {
        "name": "",
        "type": 2,
        "id": 233001
    },
    "10040305": {
        "name": "",
        "type": 1,
        "id": 4030032,
        "count": 1
    },
    "10040306": {
        "name": "",
        "type": 0,
        "id": 11003,
        "count": 1
    },
    "10040307": {
        "name": "",
        "type": 0,
        "id": 10002,
        "count": 1
    },
    "10040308": {
        "name": "",
        "type": 2,
        "id": 223007
    },
    "10040309": {
        "name": "",
        "type": 1,
        "id": 5100010,
        "count": 1
    },
    "10040310": {
        "name": "",
        "type": 0,
        "id": 13001,
        "count": 1
    },
    "10040311": {
        "name": "",
        "type": 0,
        "id": 11003,
        "count": 1
    },
    "10040312": {
        "name": "",
        "type": 0,
        "id": 999003,
        "count": 1
    },
    "10040313": {
        "name": "",
        "type": 0,
        "id": 11003,
        "count": 1
    },
    "10040314": {
        "name": "",
        "type": 2,
        "id": 223001
    },
    "10040315": {
        "name": "",
        "type": 1,
        "id": 4050021,
        "count": 1
    },
    "10040316": {
        "name": "",
        "type": 0,
        "id": 11003,
        "count": 1
    },
    "10040317": {
        "name": "",
        "type": 0,
        "id": 11003,
        "count": 1
    },
    "10040318": {
        "name": "",
        "type": 2,
        "id": 243007
    },
    "10040319": {
        "name": "",
        "type": 1,
        "id": 5020022,
        "count": 1
    },
    "10040320": {
        "name": "",
        "type": 0,
        "id": 999003,
        "count": 1
    },
    "10040321": {
        "name": "",
        "type": 1,
        "id": 5100010,
        "count": 1
    },
    "10040322": {
        "name": "",
        "type": 0,
        "id": 11003,
        "count": 1
    },
    "10040323": {
        "name": "",
        "type": 0,
        "id": 10002,
        "count": 1
    },
    "10040324": {
        "name": "",
        "type": 2,
        "id": 223007
    },
    "10040325": {
        "name": "",
        "type": 1,
        "id": 5100010,
        "count": 1
    },
    "10040326": {
        "name": "",
        "type": 0,
        "id": 13001,
        "count": 1
    },
    "10040601": {
        "name": "",
        "type": 0,
        "id": 10002,
        "count": 1
    },
    "10040602": {
        "name": "",
        "type": 0,
        "id": 11003,
        "count": 1
    },
    "10040603": {
        "name": "",
        "type": 1,
        "id": 4080023,
        "count": 1
    },
    "10040604": {
        "name": "",
        "type": 0,
        "id": 13001,
        "count": 1
    },
    "10040605": {
        "name": "",
        "type": 1,
        "id": 5070028,
        "count": 1
    },
    "10040606": {
        "name": "",
        "type": 2,
        "id": 223013
    },
    "10040801": {
        "name": "",
        "type": 0,
        "id": 10002,
        "count": 1
    },
    "10040802": {
        "name": "",
        "type": 0,
        "id": 11003,
        "count": 1
    },
    "10040803": {
        "name": "",
        "type": 1,
        "id": 4070031,
        "count": 1
    },
    "10040804": {
        "name": "",
        "type": 0,
        "id": 13001,
        "count": 1
    },
    "10040805": {
        "name": "",
        "type": 1,
        "id": 5050028,
        "count": 1
    },
    "10040806": {
        "name": "",
        "type": 2,
        "id": 253007
    },
    "10040901": {
        "name": "",
        "type": 0,
        "id": 13001,
        "count": 1
    },
    "10040902": {
        "name": "",
        "type": 0,
        "id": 11003,
        "count": 1
    },
    "10040903": {
        "name": "",
        "type": 1,
        "id": 5010051,
        "count": 1
    },
    "10040904": {
        "name": "",
        "type": 2,
        "id": 233007
    },
    "10041001": {
        "name": "",
        "type": 2,
        "id": 213001
    },
    "10041002": {
        "name": "",
        "type": 0,
        "id": 11003,
        "count": 1
    },
    "10041003": {
        "name": "",
        "type": 0,
        "id": 999003,
        "count": 1
    },
    "10041101": {
        "name": "",
        "type": 0,
        "id": 13001,
        "count": 1
    },
    "10041102": {
        "name": "",
        "type": 0,
        "id": 11003,
        "count": 1
    },
    "10041103": {
        "name": "",
        "type": 1,
        "id": 5010055,
        "count": 1
    },
    "10041104": {
        "name": "",
        "type": 2,
        "id": 253013
    },
    "10041105": {
        "name": "",
        "type": 0,
        "id": 14040,
        "count": 2
    },
    "10042001": {
        "name": "",
        "type": 0,
        "id": 13001,
        "count": 1
    },
    "10042002": {
        "name": "",
        "type": 0,
        "id": 11003,
        "count": 1
    },
    "10042003": {
        "name": "",
        "type": 1,
        "id": 5010059,
        "count": 1
    },
    "10042004": {
        "name": "",
        "type": 2,
        "id": 243019
    },
    "10042201": {
        "name": "",
        "type": 0,
        "id": 10002,
        "count": 1
    },
    "10042202": {
        "name": "",
        "type": 0,
        "id": 11003,
        "count": 1
    },
    "10042203": {
        "name": "",
        "type": 1,
        "id": 4070031,
        "count": 1
    },
    "10042204": {
        "name": "",
        "type": 0,
        "id": 13001,
        "count": 1
    },
    "10042205": {
        "name": "",
        "type": 1,
        "id": 5050028,
        "count": 1
    },
    "10042206": {
        "name": "",
        "type": 2,
        "id": 253007
    },
    "10042301": {
        "name": "",
        "type": 0,
        "id": 13001,
        "count": 1
    },
    "10042302": {
        "name": "",
        "type": 0,
        "id": 11003,
        "count": 1
    },
    "10042303": {
        "name": "",
        "type": 1,
        "id": 5050036,
        "count": 1
    },
    "10042304": {
        "name": "",
        "type": 2,
        "id": 223019
    },
    "10042401": {
        "name": "",
        "type": 0,
        "id": 13001,
        "count": 1
    },
    "10042402": {
        "name": "",
        "type": 0,
        "id": 11003,
        "count": 1
    },
    "10042403": {
        "name": "",
        "type": 1,
        "id": 5100017,
        "count": 1
    },
    "10042404": {
        "name": "",
        "type": 0,
        "id": 13001,
        "count": 1
    },
    "10042405": {
        "name": "",
        "type": 2,
        "id": 233013
    },
    "10042500": {
        "name": "",
        "type": 0,
        "id": 14040,
        "count": 1
    },
    "10042501": {
        "name": "",
        "type": 0,
        "id": 14040,
        "count": 2
    },
    "10042601": {
        "name": "",
        "type": 0,
        "id": 14040,
        "count": 2
    },
    "10042602": {
        "name": "",
        "type": 0,
        "id": 13001,
        "count": 1
    },
    "10042603": {
        "name": "",
        "type": 0,
        "id": 11003,
        "count": 1
    },
    "10042604": {
        "name": "",
        "type": 1,
        "id": 5050038,
        "count": 1
    },
    "10042605": {
        "name": "",
        "type": 2,
        "id": 253019
    },
    "10042701": {
        "name": "",
        "type": 1,
        "id": 5090049,
        "count": 1
    },
    "10042702": {
        "name": "",
        "type": 2,
        "id": 153001
    },
    "11000000": {
        "name": "",
        "type": 0,
        "id": 14040,
        "count": 1
    },
    "11500000": {
        "name": "",
        "type": 0,
        "id": 11003,
        "count": 1
    },
    "11500001": {
        "name": "",
        "type": 0,
        "id": 14040,
        "count": 1
    }
}