{
    "100000101": {
        "read": true
    },
    "100000102": {
        "read": true
    },
    "100000103": {
        "read": true
    },
    "100000104": {
        "read": true
    },
    "100001001": {
        "read": true
    },
    "111100101": {
        "read": true
    },
    "111100201": {
        "read": true
    },
    "111100202": {
        "read": true
    },
    "111100301": {
        "read": true
    },
    "111100401": {
        "read": true
    },
    "111100501": {
        "read": true
    },
    "111100601": {
        "read": true
    },
    "111100701": {
        "read": true
    },
    "111100901": {
        "read": true
    },
    "111100902": {
        "read": true
    },
    "111101501": {
        "read": true
    },
    "111101502": {
        "read": true
    },
    "111102101": {
        "read": true
    },
    "111102701": {
        "read": true
    },
    "111103301": {
        "read": true
    },
    "111103901": {
        "read": true
    },
    "111104501": {
        "read": true
    },
    "111105101": {
        "read": true
    },
    "111105701": {
        "read": true
    },
    "111106301": {
        "read": true
    },
    "111108101": {
        "read": true
    },
    "111108701": {
        "read": true
    },
    "111108702": {
        "read": true
    },
    "111109301": {
        "read": true
    },
    "111109901": {
        "read": true
    },
    "111109902": {
        "read": true
    },
    "111110501": {
        "read": true
    },
    "111111101": {
        "read": true
    },
    "111111102": {
        "read": true
    },
    "111112301": {
        "read": true
    },
    "111112302": {
        "read": true
    },
    "111112901": {
        "read": true
    },
    "111113501": {
        "read": true
    },
    "111114101": {
        "read": true
    },
    "111114701": {
        "read": true
    },
    "111115301": {
        "read": true
    },
    "111115901": {
        "read": true
    },
    "111116501": {
        "read": true
    },
    "111300101": {
        "read": true
    },
    "112100101": {
        "read": true
    },
    "112100201": {
        "read": true
    },
    "112100202": {
        "read": true
    },
    "112100301": {
        "read": true
    },
    "112100401": {
        "read": true
    },
    "112100501": {
        "read": true
    },
    "112100601": {
        "read": true
    },
    "112100701": {
        "read": true
    },
    "112100801": {
        "read": true
    },
    "112100802": {
        "read": true
    },
    "112100901": {
        "read": true
    },
    "112101501": {
        "read": true
    },
    "112102101": {
        "read": true
    },
    "112102701": {
        "read": true
    },
    "112103301": {
        "read": true
    },
    "112103901": {
        "read": true
    },
    "112103902": {
        "read": true
    },
    "112104501": {
        "read": true
    },
    "112105101": {
        "read": true
    },
    "112106901": {
        "read": true
    },
    "112106902": {
        "read": true
    },
    "112107001": {
        "read": true
    },
    "112107002": {
        "read": true
    },
    "112107501": {
        "read": true
    },
    "112108101": {
        "read": true
    },
    "112108102": {
        "read": true
    },
    "112108701": {
        "read": true
    },
    "112109301": {
        "read": true
    },
    "112109901": {
        "read": true
    },
    "112110501": {
        "read": true
    },
    "112111101": {
        "read": true
    },
    "112111701": {
        "read": true
    },
    "112111702": {
        "read": true
    },
    "112112901": {
        "read": true
    },
    "112113501": {
        "read": true
    },
    "112114101": {
        "read": true
    },
    "112114102": {
        "read": true
    },
    "112114701": {
        "read": true
    },
    "112115301": {
        "read": true
    },
    "112115901": {
        "read": true
    },
    "112116501": {
        "read": true
    },
    "113100101": {
        "read": true
    },
    "113100102": {
        "read": true
    },
    "113100201": {
        "read": true
    },
    "113100301": {
        "read": true
    },
    "113100401": {
        "read": true
    },
    "113100501": {
        "read": true
    },
    "113101101": {
        "read": true
    },
    "113101201": {
        "read": true
    },
    "113101301": {
        "read": true
    },
    "113101302": {
        "read": true
    },
    "113101401": {
        "read": true
    },
    "113101402": {
        "read": true
    },
    "113102001": {
        "read": true
    },
    "113102601": {
        "read": true
    },
    "113103201": {
        "read": true
    },
    "113103801": {
        "read": true
    },
    "113104401": {
        "read": true
    },
    "113105001": {
        "read": true
    },
    "113105601": {
        "read": true
    },
    "113106201": {
        "read": true
    },
    "113106801": {
        "read": true
    },
    "113106802": {
        "read": true
    },
    "113107401": {
        "read": true
    },
    "113107402": {
        "read": true
    },
    "113108001": {
        "read": true
    },
    "113108002": {
        "read": true
    },
    "113108601": {
        "read": true
    },
    "113108602": {
        "read": true
    },
    "113109201": {
        "read": true
    },
    "113109801": {
        "read": true
    },
    "113110401": {
        "read": true
    },
    "113110402": {
        "read": true
    },
    "113111001": {
        "read": true
    },
    "113111601": {
        "read": true
    },
    "113112201": {
        "read": true
    },
    "113112801": {
        "read": true
    },
    "113113401": {
        "read": true
    },
    "113114001": {
        "read": true
    },
    "113114601": {
        "read": true
    },
    "113115201": {
        "read": true
    },
    "113115801": {
        "read": true
    },
    "114100101": {
        "read": true
    },
    "114100201": {
        "read": true
    },
    "114100301": {
        "read": true
    },
    "114100401": {
        "read": true
    },
    "114100501": {
        "read": true
    },
    "114100601": {
        "read": true
    },
    "114100701": {
        "read": true
    },
    "114100801": {
        "read": true
    },
    "114100901": {
        "read": true
    },
    "114101501": {
        "read": true
    },
    "114101502": {
        "read": true
    },
    "114102101": {
        "read": true
    },
    "114102102": {
        "read": true
    },
    "114102701": {
        "read": true
    },
    "114103301": {
        "read": true
    },
    "114103901": {
        "read": true
    },
    "114103902": {
        "read": true
    },
    "114104501": {
        "read": true
    },
    "114105101": {
        "read": true
    },
    "114105701": {
        "read": true
    },
    "114106301": {
        "read": true
    },
    "114106302": {
        "read": true
    },
    "114106901": {
        "read": true
    },
    "114108101": {
        "read": true
    },
    "114108701": {
        "read": true
    },
    "114109301": {
        "read": true
    },
    "114109901": {
        "read": true
    },
    "114110501": {
        "read": true
    },
    "114111101": {
        "read": true
    },
    "114111701": {
        "read": true
    },
    "114111702": {
        "read": true
    },
    "114112301": {
        "read": true
    },
    "114113501": {
        "read": true
    },
    "114114101": {
        "read": true
    },
    "114114701": {
        "read": true
    },
    "114115301": {
        "read": true
    },
    "114115901": {
        "read": true
    },
    "114116501": {
        "read": true
    },
    "114117101": {
        "read": true
    },
    "115100101": {
        "read": true
    },
    "115100201": {
        "read": true
    },
    "115100301": {
        "read": true
    },
    "115100401": {
        "read": true
    },
    "115100501": {
        "read": true
    },
    "115100601": {
        "read": true
    },
    "115100602": {
        "read": true
    },
    "115100701": {
        "read": true
    },
    "115100901": {
        "read": true
    },
    "115101101": {
        "read": true
    },
    "115101201": {
        "read": true
    },
    "115101301": {
        "read": true
    },
    "115101401": {
        "read": true
    },
    "115101501": {
        "read": true
    },
    "115102101": {
        "read": true
    },
    "115102102": {
        "read": true
    },
    "115102701": {
        "read": true
    },
    "115103301": {
        "read": true
    },
    "115103901": {
        "read": true
    },
    "115104501": {
        "read": true
    },
    "115105101": {
        "read": true
    },
    "115106301": {
        "read": true
    },
    "115106901": {
        "read": true
    },
    "115106902": {
        "read": true
    },
    "115107501": {
        "read": true
    },
    "115108101": {
        "read": true
    },
    "115108701": {
        "read": true
    },
    "115108702": {
        "read": true
    },
    "115109301": {
        "read": true
    },
    "115109901": {
        "read": true
    },
    "115110501": {
        "read": true
    },
    "115111701": {
        "read": true
    },
    "115111702": {
        "read": true
    },
    "115112301": {
        "read": true
    },
    "115112901": {
        "read": true
    },
    "115112902": {
        "read": true
    },
    "115114101": {
        "read": true
    },
    "115114701": {
        "read": true
    },
    "115115301": {
        "read": true
    },
    "115115901": {
        "read": true
    },
    "115116501": {
        "read": true
    },
    "115117101": {
        "read": true
    },
    "115300101": {
        "read": true
    },
    "116100101": {
        "read": true
    },
    "116100201": {
        "read": true
    },
    "116100401": {
        "read": true
    },
    "116100501": {
        "read": true
    },
    "116100601": {
        "read": true
    },
    "116100701": {
        "read": true
    },
    "116100801": {
        "read": true
    },
    "116100802": {
        "read": true
    },
    "116100901": {
        "read": true
    },
    "116101501": {
        "read": true
    },
    "116101502": {
        "read": true
    },
    "116102101": {
        "read": true
    },
    "116102701": {
        "read": true
    },
    "116102702": {
        "read": true
    },
    "116103301": {
        "read": true
    },
    "116103901": {
        "read": true
    },
    "116104501": {
        "read": true
    },
    "116105101": {
        "read": true
    },
    "116105102": {
        "read": true
    },
    "116105701": {
        "read": true
    },
    "116106301": {
        "read": true
    },
    "116106901": {
        "read": true
    },
    "116108101": {
        "read": true
    },
    "116108201": {
        "read": true
    },
    "116108202": {
        "read": true
    },
    "116108701": {
        "read": true
    },
    "116108702": {
        "read": true
    },
    "116109301": {
        "read": true
    },
    "116109901": {
        "read": true
    },
    "116110501": {
        "read": true
    },
    "116111101": {
        "read": true
    },
    "116111701": {
        "read": true
    },
    "116111702": {
        "read": true
    },
    "116112301": {
        "read": true
    },
    "116112302": {
        "read": true
    },
    "116112901": {
        "read": true
    },
    "116113501": {
        "read": true
    },
    "116114701": {
        "read": true
    },
    "116115301": {
        "read": true
    },
    "116115302": {
        "read": true
    },
    "116115901": {
        "read": true
    },
    "116116501": {
        "read": true
    },
    "116117101": {
        "read": true
    },
    "116117701": {
        "read": true
    },
    "116118301": {
        "read": true
    },
    "116118901": {
        "read": true
    },
    "116300101": {
        "read": true
    },
    "121100101": {
        "read": true
    },
    "121100201": {
        "read": true
    },
    "121100301": {
        "read": true
    },
    "121100401": {
        "read": true
    },
    "121100501": {
        "read": true
    },
    "121100601": {
        "read": true
    },
    "121100701": {
        "read": true
    },
    "121100801": {
        "read": true
    },
    "121100901": {
        "read": true
    },
    "121101001": {
        "read": true
    },
    "121101101": {
        "read": true
    },
    "121101201": {
        "read": true
    },
    "121101301": {
        "read": true
    },
    "121101401": {
        "read": true
    },
    "121102001": {
        "read": true
    },
    "121102601": {
        "read": true
    },
    "121103201": {
        "read": true
    },
    "121103801": {
        "read": true
    },
    "121104401": {
        "read": true
    },
    "121104402": {
        "read": true
    },
    "121105001": {
        "read": true
    },
    "121105601": {
        "read": true
    },
    "121106201": {
        "read": true
    },
    "121300101": {
        "read": true
    },
    "121301301": {
        "read": true
    },
    "121301302": {
        "read": true
    },
    "122100101": {
        "read": true
    },
    "122100201": {
        "read": true
    },
    "122100301": {
        "read": true
    },
    "122100302": {
        "read": true
    },
    "122100401": {
        "read": true
    },
    "122100601": {
        "read": true
    },
    "122100701": {
        "read": true
    },
    "122100801": {
        "read": true
    },
    "122100901": {
        "read": true
    },
    "122101001": {
        "read": true
    },
    "122101101": {
        "read": true
    },
    "122101102": {
        "read": true
    },
    "122101701": {
        "read": true
    },
    "122102201": {
        "read": true
    },
    "122102801": {
        "read": true
    },
    "122103401": {
        "read": true
    },
    "122104001": {
        "read": true
    },
    "122105301": {
        "read": true
    },
    "122105401": {
        "read": true
    },
    "122105402": {
        "read": true
    },
    "122106001": {
        "read": true
    },
    "122106601": {
        "read": true
    },
    "122106602": {
        "read": true
    },
    "122107201": {
        "read": true
    },
    "122107801": {
        "read": true
    },
    "122200101": {
        "read": true
    },
    "122300101": {
        "read": true
    },
    "122300701": {
        "read": true
    },
    "122301301": {
        "read": true
    },
    "122301901": {
        "read": true
    },
    "122301902": {
        "read": true
    },
    "123100101": {
        "read": true
    },
    "123100201": {
        "read": true
    },
    "123100301": {
        "read": true
    },
    "123100302": {
        "read": true
    },
    "123100401": {
        "read": true
    },
    "123100501": {
        "read": true
    },
    "123100601": {
        "read": true
    },
    "123100701": {
        "read": true
    },
    "123100801": {
        "read": true
    },
    "123100901": {
        "read": true
    },
    "123101201": {
        "read": true
    },
    "123101202": {
        "read": true
    },
    "123101301": {
        "read": true
    },
    "123101401": {
        "read": true
    },
    "123102001": {
        "read": true
    },
    "123102002": {
        "read": true
    },
    "123103201": {
        "read": true
    },
    "123103801": {
        "read": true
    },
    "123104401": {
        "read": true
    },
    "123105001": {
        "read": true
    },
    "123105601": {
        "read": true
    },
    "123106301": {
        "read": true
    },
    "123106901": {
        "read": true
    },
    "123107501": {
        "read": true
    },
    "123108101": {
        "read": true
    },
    "123108701": {
        "read": true
    },
    "123109301": {
        "read": true
    },
    "123109901": {
        "read": true
    },
    "123300101": {
        "read": true
    },
    "123300701": {
        "read": true
    },
    "123301301": {
        "read": true
    },
    "123301302": {
        "read": true
    },
    "124100101": {
        "read": true
    },
    "124100201": {
        "read": true
    },
    "124100301": {
        "read": true
    },
    "124100302": {
        "read": true
    },
    "124100401": {
        "read": true
    },
    "124100501": {
        "read": true
    },
    "124100601": {
        "read": true
    },
    "124100701": {
        "read": true
    },
    "124100801": {
        "read": true
    },
    "124100901": {
        "read": true
    },
    "124101501": {
        "read": true
    },
    "124102101": {
        "read": true
    },
    "124102701": {
        "read": true
    },
    "124103301": {
        "read": true
    },
    "124103901": {
        "read": true
    },
    "124104501": {
        "read": true
    },
    "124105101": {
        "read": true
    },
    "124105701": {
        "read": true
    },
    "124106301": {
        "read": true
    },
    "124106901": {
        "read": true
    },
    "124300101": {
        "read": true
    },
    "124300701": {
        "read": true
    },
    "124301301": {
        "read": true
    },
    "124301901": {
        "read": true
    },
    "124301902": {
        "read": true
    },
    "125100101": {
        "read": true
    },
    "125100102": {
        "read": true
    },
    "125100201": {
        "read": true
    },
    "125100301": {
        "read": true
    },
    "125100401": {
        "read": true
    },
    "125100501": {
        "read": true
    },
    "125100601": {
        "read": true
    },
    "125100701": {
        "read": true
    },
    "125100801": {
        "read": true
    },
    "125100901": {
        "read": true
    },
    "125101001": {
        "read": true
    },
    "125101002": {
        "read": true
    },
    "125101101": {
        "read": true
    },
    "125101701": {
        "read": true
    },
    "125101702": {
        "read": true
    },
    "125102301": {
        "read": true
    },
    "125102901": {
        "read": true
    },
    "125102902": {
        "read": true
    },
    "125103501": {
        "read": true
    },
    "125104101": {
        "read": true
    },
    "125104701": {
        "read": true
    },
    "125105301": {
        "read": true
    },
    "125105901": {
        "read": true
    },
    "125106501": {
        "read": true
    },
    "125107101": {
        "read": true
    },
    "125107701": {
        "read": true
    },
    "125107702": {
        "read": true
    },
    "125300101": {
        "read": true
    },
    "125300701": {
        "read": true
    },
    "125301301": {
        "read": true
    },
    "125301901": {
        "read": true
    },
    "125301902": {
        "read": true
    },
    "126100101": {
        "read": true
    },
    "126100102": {
        "read": true
    },
    "126100301": {
        "read": true
    },
    "126100401": {
        "read": true
    },
    "126100501": {
        "read": true
    },
    "126100601": {
        "read": true
    },
    "126100701": {
        "read": true
    },
    "126100801": {
        "read": true
    },
    "126100901": {
        "read": true
    },
    "126100902": {
        "read": true
    },
    "126101001": {
        "read": true
    },
    "126101101": {
        "read": true
    },
    "126101701": {
        "read": true
    },
    "126101702": {
        "read": true
    },
    "126102301": {
        "read": true
    },
    "126102901": {
        "read": true
    },
    "126102902": {
        "read": true
    },
    "126103501": {
        "read": true
    },
    "126104101": {
        "read": true
    },
    "126104701": {
        "read": true
    },
    "126105901": {
        "read": true
    },
    "126106501": {
        "read": true
    },
    "126106502": {
        "read": true
    },
    "126107101": {
        "read": true
    },
    "126107102": {
        "read": true
    },
    "126107701": {
        "read": true
    },
    "126108301": {
        "read": true
    },
    "126108901": {
        "read": true
    },
    "126300101": {
        "read": true
    },
    "126300201": {
        "read": true
    },
    "126300301": {
        "read": true
    },
    "126300901": {
        "read": true
    },
    "131100101": {
        "read": true
    },
    "131100201": {
        "read": true
    },
    "131100301": {
        "read": true
    },
    "131100401": {
        "read": true
    },
    "131100501": {
        "read": true
    },
    "131100601": {
        "read": true
    },
    "131100801": {
        "read": true
    },
    "131100901": {
        "read": true
    },
    "131101001": {
        "read": true
    },
    "131101101": {
        "read": true
    },
    "131101201": {
        "read": true
    },
    "131101301": {
        "read": true
    },
    "131101901": {
        "read": true
    },
    "131102501": {
        "read": true
    },
    "132100101": {
        "read": true
    },
    "132100201": {
        "read": true
    },
    "132100301": {
        "read": true
    },
    "132100401": {
        "read": true
    },
    "132100501": {
        "read": true
    },
    "132100601": {
        "read": true
    },
    "132100602": {
        "read": true
    },
    "132100701": {
        "read": true
    },
    "132100801": {
        "read": true
    },
    "132100901": {
        "read": true
    },
    "132101001": {
        "read": true
    },
    "132101101": {
        "read": true
    },
    "132101201": {
        "read": true
    },
    "132101301": {
        "read": true
    },
    "132300101": {
        "read": true
    },
    "133100101": {
        "read": true
    },
    "133100201": {
        "read": true
    },
    "133100301": {
        "read": true
    },
    "133100401": {
        "read": true
    },
    "133100402": {
        "read": true
    },
    "133100501": {
        "read": true
    },
    "133100502": {
        "read": true
    },
    "133100601": {
        "read": true
    },
    "133100701": {
        "read": true
    },
    "133101001": {
        "read": true
    },
    "133101101": {
        "read": true
    },
    "133101201": {
        "read": true
    },
    "133101301": {
        "read": true
    },
    "133101401": {
        "read": true
    },
    "133102001": {
        "read": true
    },
    "133300101": {
        "read": true
    },
    "134100101": {
        "read": true
    },
    "134100201": {
        "read": true
    },
    "134100202": {
        "read": true
    },
    "134100203": {
        "read": true
    },
    "134100301": {
        "read": true
    },
    "134100302": {
        "read": true
    },
    "134100303": {
        "read": true
    },
    "134100401": {
        "read": true
    },
    "134100501": {
        "read": true
    },
    "134100601": {
        "read": true
    },
    "134100701": {
        "read": true
    },
    "134100801": {
        "read": true
    },
    "134100901": {
        "read": true
    },
    "134101001": {
        "read": true
    },
    "134101101": {
        "read": true
    },
    "134101701": {
        "read": true
    },
    "135100101": {
        "read": true
    },
    "135100201": {
        "read": true
    },
    "135100301": {
        "read": true
    },
    "135100401": {
        "read": true
    },
    "135100501": {
        "read": true
    },
    "135100601": {
        "read": true
    },
    "135100701": {
        "read": true
    },
    "135100801": {
        "read": true
    },
    "135100901": {
        "read": true
    },
    "135101501": {
        "read": true
    },
    "135101502": {
        "read": true
    },
    "135102101": {
        "read": true
    },
    "135102701": {
        "read": true
    },
    "135103301": {
        "read": true
    },
    "136100101": {
        "read": true
    },
    "136100201": {
        "read": true
    },
    "136100301": {
        "read": true
    },
    "136100401": {
        "read": true
    },
    "136100501": {
        "read": true
    },
    "136100601": {
        "read": true
    },
    "136100701": {
        "read": true
    },
    "136100801": {
        "read": true
    },
    "136100901": {
        "read": true
    },
    "136101501": {
        "read": true
    },
    "136102101": {
        "read": true
    },
    "136102701": {
        "read": true
    },
    "136103301": {
        "read": true
    },
    "144300101": {
        "read": true
    },
    "144300201": {
        "read": true
    },
    "151200101": {
        "read": true
    },
    "151200102": {
        "read": true
    },
    "200000101": {
        "read": true
    },
    "200000102": {
        "read": true
    },
    "200000103": {
        "read": true
    },
    "200000201": {
        "read": true
    },
    "200000301": {
        "read": true
    },
    "200000302": {
        "read": true
    },
    "200000303": {
        "read": true
    },
    "200000401": {
        "read": true
    },
    "200000501": {
        "read": true
    },
    "200000801": {
        "read": true
    },
    "200001001": {
        "read": true
    },
    "200001002": {
        "read": true
    },
    "200001101": {
        "read": true
    },
    "200001201": {
        "read": true
    },
    "200001202": {
        "read": true
    },
    "200001203": {
        "read": true
    },
    "200001301": {
        "read": true
    },
    "200001302": {
        "read": true
    },
    "200001304": {
        "read": true
    },
    "200001401": {
        "read": true
    },
    "200001402": {
        "read": true
    },
    "200001501": {
        "read": true
    },
    "200001701": {
        "read": true
    },
    "200001801": {
        "read": true
    },
    "200001802": {
        "read": true
    },
    "200001803": {
        "read": true
    },
    "200001901": {
        "read": true
    },
    "200001902": {
        "read": true
    },
    "200002001": {
        "read": true
    },
    "200002101": {
        "read": true
    },
    "200002102": {
        "read": true
    },
    "200002103": {
        "read": true
    },
    "200002301": {
        "read": true
    },
    "200002401": {
        "read": true
    },
    "200002601": {
        "read": true
    },
    "200002801": {
        "read": true
    },
    "200002802": {
        "read": true
    },
    "200002803": {
        "read": true
    },
    "200002804": {
        "read": true
    },
    "200003001": {
        "read": true
    },
    "200003002": {
        "read": true
    },
    "200003101": {
        "read": true
    },
    "200003102": {
        "read": true
    },
    "200003103": {
        "read": true
    },
    "200003104": {
        "read": true
    },
    "200003201": {
        "read": true
    },
    "200003202": {
        "read": true
    },
    "200003301": {
        "read": true
    },
    "200003302": {
        "read": true
    },
    "200003303": {
        "read": true
    },
    "200003501": {
        "read": true
    },
    "200003502": {
        "read": true
    },
    "200003503": {
        "read": true
    },
    "200003504": {
        "read": true
    },
    "200003601": {
        "read": true
    },
    "200003701": {
        "read": true
    },
    "200003702": {
        "read": true
    },
    "200003703": {
        "read": true
    },
    "200003801": {
        "read": true
    },
    "200004201": {
        "read": true
    },
    "200004301": {
        "read": true
    },
    "200004302": {
        "read": true
    },
    "200004303": {
        "read": true
    },
    "200004304": {
        "read": true
    },
    "200004305": {
        "read": true
    },
    "200004401": {
        "read": true
    },
    "200004402": {
        "read": true
    },
    "200004501": {
        "read": true
    },
    "200004502": {
        "read": true
    },
    "200004503": {
        "read": true
    },
    "200004901": {
        "read": true
    },
    "200004902": {
        "read": true
    },
    "200005001": {
        "read": true
    },
    "200005002": {
        "read": true
    },
    "200005003": {
        "read": true
    },
    "200005301": {
        "read": true
    },
    "200005302": {
        "read": true
    },
    "200005303": {
        "read": true
    },
    "200005401": {
        "read": true
    },
    "200005501": {
        "read": true
    },
    "200005601": {
        "read": true
    },
    "200005701": {
        "read": true
    },
    "200006001": {
        "read": true
    },
    "200006201": {
        "read": true
    },
    "200006501": {
        "read": true
    },
    "200006601": {
        "read": true
    },
    "200006701": {
        "read": true
    },
    "200006801": {
        "read": true
    },
    "200007001": {
        "read": true
    },
    "200007101": {
        "read": true
    },
    "200007102": {
        "read": true
    },
    "200007103": {
        "read": true
    },
    "200007104": {
        "read": true
    },
    "200007201": {
        "read": true
    },
    "200007301": {
        "read": true
    },
    "200007302": {
        "read": true
    },
    "200007303": {
        "read": true
    },
    "200007501": {
        "read": true
    },
    "200007502": {
        "read": true
    },
    "200007503": {
        "read": true
    },
    "200007504": {
        "read": true
    },
    "200007701": {
        "read": true
    },
    "200007702": {
        "read": true
    },
    "200007703": {
        "read": true
    },
    "200007801": {
        "read": true
    },
    "200007802": {
        "read": true
    },
    "200007901": {
        "read": true
    },
    "200007902": {
        "read": true
    },
    "200008001": {
        "read": true
    },
    "200008101": {
        "read": true
    },
    "200008201": {
        "read": true
    },
    "200008202": {
        "read": true
    },
    "200008203": {
        "read": true
    },
    "200008204": {
        "read": true
    },
    "200008301": {
        "read": true
    },
    "200008302": {
        "read": true
    },
    "200008303": {
        "read": true
    },
    "200008401": {
        "read": true
    },
    "200008501": {
        "read": true
    },
    "200008601": {
        "read": true
    },
    "200008602": {
        "read": true
    },
    "200008701": {
        "read": true
    },
    "200008801": {
        "read": true
    },
    "200008802": {
        "read": true
    },
    "200027801": {
        "read": true
    },
    "300000101": {
        "read": true
    },
    "300000201": {
        "read": true
    },
    "300000202": {
        "read": true
    },
    "300000301": {
        "read": true
    },
    "300000302": {
        "read": true
    },
    "300000401": {
        "read": true
    },
    "300000402": {
        "read": true
    },
    "300000403": {
        "read": true
    },
    "300000501": {
        "read": true
    },
    "300000502": {
        "read": true
    },
    "300000601": {
        "read": true
    },
    "300000602": {
        "read": true
    },
    "300000603": {
        "read": true
    },
    "300000701": {
        "read": true
    },
    "300000702": {
        "read": true
    },
    "300000801": {
        "read": true
    },
    "300000802": {
        "read": true
    },
    "300000901": {
        "read": true
    },
    "300000902": {
        "read": true
    },
    "300001001": {
        "read": true
    },
    "300001002": {
        "read": true
    },
    "300001101": {
        "read": true
    },
    "300001102": {
        "read": true
    },
    "300001201": {
        "read": true
    },
    "300001202": {
        "read": true
    },
    "300001301": {
        "read": true
    },
    "300001302": {
        "read": true
    },
    "400000101": {
        "read": true
    },
    "400000102": {
        "read": true
    },
    "400000201": {
        "read": true
    },
    "400000202": {
        "read": true
    },
    "400000301": {
        "read": true
    },
    "400000302": {
        "read": true
    },
    "400000401": {
        "read": true
    },
    "400000402": {
        "read": true
    },
    "400000501": {
        "read": true
    },
    "400000502": {
        "read": true
    },
    "400000601": {
        "read": true
    },
    "400000602": {
        "read": true
    },
    "400000701": {
        "read": true
    },
    "400000702": {
        "read": true
    },
    "400000801": {
        "read": true
    },
    "400000802": {
        "read": true
    },
    "400000901": {
        "read": true
    },
    "400000902": {
        "read": true
    },
    "400001001": {
        "read": true
    },
    "400001002": {
        "read": true
    },
    "400001101": {
        "read": true
    },
    "400001102": {
        "read": true
    },
    "400001201": {
        "read": true
    },
    "400001202": {
        "read": true
    },
    "400001301": {
        "read": true
    },
    "400001302": {
        "read": true
    },
    "400001401": {
        "read": true
    },
    "400001402": {
        "read": true
    },
    "400001501": {
        "read": true
    },
    "400001502": {
        "read": true
    },
    "400001601": {
        "read": true
    },
    "400001602": {
        "read": true
    },
    "400001701": {
        "read": true
    },
    "400001702": {
        "read": true
    },
    "400001801": {
        "read": true
    },
    "400001802": {
        "read": true
    },
    "400001901": {
        "read": true
    },
    "400002001": {
        "read": true
    },
    "400002002": {
        "read": true
    },
    "400002101": {
        "read": true
    },
    "400002102": {
        "read": true
    },
    "400002201": {
        "read": true
    },
    "400002202": {
        "read": true
    },
    "500000101": {
        "read": true
    },
    "500000201": {
        "read": true
    },
    "500000301": {
        "read": true
    },
    "500000302": {
        "read": true
    },
    "500000303": {
        "read": true
    },
    "500000304": {
        "read": true
    },
    "500000401": {
        "read": true
    },
    "500000501": {
        "read": true
    },
    "500000502": {
        "read": true
    },
    "500000503": {
        "read": true
    },
    "500000601": {
        "read": true
    },
    "500000602": {
        "read": true
    },
    "500000603": {
        "read": true
    },
    "500000701": {
        "read": true
    },
    "500001001": {
        "read": true
    },
    "500001002": {
        "read": true
    },
    "500001003": {
        "read": true
    },
    "500001004": {
        "read": true
    },
    "500001101": {
        "read": true
    },
    "500001301": {
        "read": true
    },
    "500001401": {
        "read": true
    },
    "500001701": {
        "read": true
    },
    "500001801": {
        "read": true
    },
    "500001802": {
        "read": true
    },
    "500001901": {
        "read": true
    },
    "500001902": {
        "read": true
    },
    "500001903": {
        "read": true
    },
    "500001904": {
        "read": true
    },
    "500002001": {
        "read": true
    },
    "500002002": {
        "read": true
    },
    "500002003": {
        "read": true
    },
    "500002004": {
        "read": true
    },
    "500002005": {
        "read": true
    },
    "500002201": {
        "read": true
    },
    "500002301": {
        "read": true
    },
    "500002302": {
        "read": true
    },
    "500002303": {
        "read": true
    },
    "500002304": {
        "read": true
    },
    "500002305": {
        "read": true
    },
    "500002401": {
        "read": true
    },
    "500002402": {
        "read": true
    },
    "500002403": {
        "read": true
    },
    "500002501": {
        "read": true
    },
    "500002601": {
        "read": true
    },
    "500002602": {
        "read": true
    },
    "500002701": {
        "read": true
    },
    "500002702": {
        "read": true
    },
    "500002703": {
        "read": true
    },
    "500002901": {
        "read": true
    },
    "500003201": {
        "read": true
    },
    "500003501": {
        "read": true
    },
    "500003502": {
        "read": true
    },
    "500003503": {
        "read": true
    },
    "500003504": {
        "read": true
    },
    "500003601": {
        "read": true
    },
    "500003602": {
        "read": true
    },
    "500003701": {
        "read": true
    },
    "500003702": {
        "read": true
    },
    "500003703": {
        "read": true
    },
    "500003801": {
        "read": true
    },
    "500003901": {
        "read": true
    },
    "500004001": {
        "read": true
    },
    "500004101": {
        "read": true
    },
    "500004102": {
        "read": true
    },
    "500004201": {
        "read": true
    },
    "500004301": {
        "read": true
    },
    "500004601": {
        "read": true
    },
    "500004602": {
        "read": true
    },
    "500004603": {
        "read": true
    },
    "500004701": {
        "read": true
    },
    "500004702": {
        "read": true
    },
    "500004703": {
        "read": true
    },
    "500005001": {
        "read": true
    },
    "500005201": {
        "read": true
    },
    "500005401": {
        "read": true
    },
    "500005501": {
        "read": true
    },
    "500006001": {
        "read": true
    },
    "500006002": {
        "read": true
    },
    "500006003": {
        "read": true
    },
    "500006101": {
        "read": true
    },
    "500006102": {
        "read": true
    },
    "500006201": {
        "read": true
    },
    "500006301": {
        "read": true
    },
    "500006501": {
        "read": true
    },
    "500006502": {
        "read": true
    },
    "500006503": {
        "read": true
    },
    "500006504": {
        "read": true
    },
    "500006505": {
        "read": true
    },
    "500006601": {
        "read": true
    },
    "500006701": {
        "read": true
    },
    "500007001": {
        "read": true
    },
    "500007701": {
        "read": true
    },
    "500007702": {
        "read": true
    },
    "500007801": {
        "read": true
    },
    "500007802": {
        "read": true
    },
    "500007803": {
        "read": true
    },
    "500007901": {
        "read": true
    },
    "500008001": {
        "read": true
    },
    "500008101": {
        "read": true
    },
    "500008201": {
        "read": true
    },
    "500008202": {
        "read": true
    },
    "500008203": {
        "read": true
    },
    "500008301": {
        "read": true
    },
    "500008601": {
        "read": true
    },
    "500008701": {
        "read": true
    },
    "500008702": {
        "read": true
    },
    "500008703": {
        "read": true
    },
    "500008704": {
        "read": true
    },
    "500008801": {
        "read": true
    },
    "500008802": {
        "read": true
    },
    "500008803": {
        "read": true
    },
    "500009001": {
        "read": true
    },
    "500009101": {
        "read": true
    },
    "500009102": {
        "read": true
    },
    "500009103": {
        "read": true
    },
    "500009201": {
        "read": true
    },
    "500009202": {
        "read": true
    },
    "500009204": {
        "read": true
    },
    "500009301": {
        "read": true
    },
    "500009401": {
        "read": true
    },
    "500009501": {
        "read": true
    },
    "500009502": {
        "read": true
    },
    "500009601": {
        "read": true
    },
    "500009801": {
        "read": true
    },
    "500009901": {
        "read": true
    },
    "500010001": {
        "read": true
    },
    "500010301": {
        "read": true
    },
    "500010401": {
        "read": true
    },
    "500010402": {
        "read": true
    },
    "500010403": {
        "read": true
    },
    "500010501": {
        "read": true
    },
    "500010502": {
        "read": true
    },
    "500010503": {
        "read": true
    },
    "500010504": {
        "read": true
    },
    "500010505": {
        "read": true
    },
    "500010601": {
        "read": true
    },
    "500010602": {
        "read": true
    },
    "500010603": {
        "read": true
    },
    "500010604": {
        "read": true
    },
    "500010701": {
        "read": true
    },
    "500010702": {
        "read": true
    },
    "500010801": {
        "read": true
    },
    "500010802": {
        "read": true
    },
    "500010803": {
        "read": true
    },
    "500010804": {
        "read": true
    },
    "500011001": {
        "read": true
    },
    "500011201": {
        "read": true
    },
    "500011202": {
        "read": true
    },
    "500011203": {
        "read": true
    },
    "500011204": {
        "read": true
    },
    "500011205": {
        "read": true
    },
    "500011301": {
        "read": true
    },
    "500011501": {
        "read": true
    },
    "500011601": {
        "read": true
    },
    "500011801": {
        "read": true
    },
    "500011802": {
        "read": true
    },
    "500011901": {
        "read": true
    },
    "500012001": {
        "read": true
    },
    "500012101": {
        "read": true
    },
    "500012102": {
        "read": true
    },
    "500012103": {
        "read": true
    },
    "500012104": {
        "read": true
    },
    "500012105": {
        "read": true
    },
    "500012201": {
        "read": true
    },
    "500012301": {
        "read": true
    },
    "500012401": {
        "read": true
    },
    "500012402": {
        "read": true
    },
    "500012403": {
        "read": true
    },
    "500012501": {
        "read": true
    },
    "500012701": {
        "read": true
    },
    "500012801": {
        "read": true
    },
    "500013001": {
        "read": true
    },
    "500013201": {
        "read": true
    },
    "500013202": {
        "read": true
    },
    "500013203": {
        "read": true
    },
    "500013204": {
        "read": true
    },
    "500013301": {
        "read": true
    },
    "500013302": {
        "read": true
    },
    "500013303": {
        "read": true
    },
    "500013304": {
        "read": true
    },
    "500013305": {
        "read": true
    },
    "500013501": {
        "read": true
    },
    "500013502": {
        "read": true
    },
    "500013503": {
        "read": true
    },
    "500013504": {
        "read": true
    },
    "500013701": {
        "read": true
    },
    "500013702": {
        "read": true
    },
    "500013801": {
        "read": true
    },
    "500013901": {
        "read": true
    },
    "500013902": {
        "read": true
    },
    "500013903": {
        "read": true
    },
    "500014501": {
        "read": true
    },
    "500014701": {
        "read": true
    },
    "500014801": {
        "read": true
    },
    "500014901": {
        "read": true
    },
    "500014902": {
        "read": true
    },
    "500014903": {
        "read": true
    },
    "500015001": {
        "read": true
    },
    "500015002": {
        "read": true
    },
    "500016001": {
        "read": true
    },
    "500016101": {
        "read": true
    },
    "500016102": {
        "read": true
    },
    "500016103": {
        "read": true
    },
    "500016201": {
        "read": true
    },
    "500016301": {
        "read": true
    },
    "500016401": {
        "read": true
    },
    "500016501": {
        "read": true
    },
    "500016601": {
        "read": true
    },
    "500016701": {
        "read": true
    },
    "500016801": {
        "read": true
    },
    "500016901": {
        "read": true
    },
    "500016902": {
        "read": true
    },
    "500017001": {
        "read": true
    },
    "500017101": {
        "read": true
    },
    "500017201": {
        "read": true
    },
    "500017301": {
        "read": true
    },
    "500017501": {
        "read": true
    },
    "500017601": {
        "read": true
    },
    "500017901": {
        "read": true
    },
    "500018101": {
        "read": true
    },
    "500018401": {
        "read": true
    },
    "500018501": {
        "read": true
    },
    "500018701": {
        "read": true
    },
    "500018801": {
        "read": true
    },
    "500018901": {
        "read": true
    },
    "500019001": {
        "read": true
    },
    "500019002": {
        "read": true
    },
    "500019101": {
        "read": true
    },
    "500019201": {
        "read": true
    },
    "500019301": {
        "read": true
    },
    "500019302": {
        "read": true
    },
    "500019303": {
        "read": true
    },
    "500019304": {
        "read": true
    },
    "500019305": {
        "read": true
    },
    "500019401": {
        "read": true
    },
    "500019402": {
        "read": true
    },
    "500019501": {
        "read": true
    },
    "500019502": {
        "read": true
    },
    "500019601": {
        "read": true
    },
    "500019701": {
        "read": true
    },
    "500019801": {
        "read": true
    },
    "500020101": {
        "read": true
    },
    "500020102": {
        "read": true
    },
    "500020501": {
        "read": true
    },
    "500020502": {
        "read": true
    },
    "500020503": {
        "read": true
    },
    "500020601": {
        "read": true
    },
    "500020701": {
        "read": true
    },
    "500020801": {
        "read": true
    },
    "500020802": {
        "read": true
    },
    "500020803": {
        "read": true
    },
    "500020804": {
        "read": true
    },
    "500020901": {
        "read": true
    },
    "500021001": {
        "read": true
    },
    "500021101": {
        "read": true
    },
    "500021102": {
        "read": true
    },
    "500021201": {
        "read": true
    },
    "500021202": {
        "read": true
    },
    "500021203": {
        "read": true
    },
    "500021401": {
        "read": true
    },
    "500021402": {
        "read": true
    },
    "500021501": {
        "read": true
    },
    "500021502": {
        "read": true
    },
    "500021601": {
        "read": true
    },
    "500021602": {
        "read": true
    },
    "500021603": {
        "read": true
    },
    "500021701": {
        "read": true
    },
    "500021702": {
        "read": true
    },
    "500022101": {
        "read": true
    },
    "500022201": {
        "read": true
    },
    "500022401": {
        "read": true
    },
    "500022402": {
        "read": true
    },
    "500022403": {
        "read": true
    },
    "500022501": {
        "read": true
    },
    "500022601": {
        "read": true
    },
    "500022801": {
        "read": true
    },
    "500023401": {
        "read": true
    },
    "500023402": {
        "read": true
    },
    "500023403": {
        "read": true
    },
    "500023501": {
        "read": true
    },
    "500023601": {
        "read": true
    },
    "500024101": {
        "read": true
    },
    "500024201": {
        "read": true
    },
    "500024301": {
        "read": true
    },
    "500024302": {
        "read": true
    },
    "500024303": {
        "read": true
    },
    "500024304": {
        "read": true
    },
    "500024401": {
        "read": true
    },
    "500024501": {
        "read": true
    },
    "500024502": {
        "read": true
    },
    "500024601": {
        "read": true
    },
    "500024901": {
        "read": true
    },
    "500025201": {
        "read": true
    },
    "500025301": {
        "read": true
    },
    "500025401": {
        "read": true
    },
    "500025601": {
        "read": true
    },
    "500025801": {
        "read": true
    },
    "500025901": {
        "read": true
    },
    "500025902": {
        "read": true
    },
    "500025903": {
        "read": true
    },
    "500025904": {
        "read": true
    },
    "500026001": {
        "read": true
    },
    "500026002": {
        "read": true
    },
    "500026003": {
        "read": true
    },
    "500026101": {
        "read": true
    },
    "500026201": {
        "read": true
    },
    "500026202": {
        "read": true
    },
    "500026203": {
        "read": true
    },
    "500026301": {
        "read": true
    },
    "500026401": {
        "read": true
    },
    "500026501": {
        "read": true
    },
    "500026601": {
        "read": true
    },
    "500026602": {
        "read": true
    },
    "500026701": {
        "read": true
    },
    "500026702": {
        "read": true
    },
    "500026801": {
        "read": true
    },
    "500026901": {
        "read": true
    },
    "500026902": {
        "read": true
    },
    "500026903": {
        "read": true
    },
    "500026904": {
        "read": true
    },
    "500026905": {
        "read": true
    },
    "500027001": {
        "read": true
    },
    "500027002": {
        "read": true
    },
    "500027101": {
        "read": true
    },
    "500027201": {
        "read": true
    },
    "500027202": {
        "read": true
    },
    "500027301": {
        "read": true
    },
    "500027401": {
        "read": true
    },
    "500027501": {
        "read": true
    },
    "500027502": {
        "read": true
    },
    "500027601": {
        "read": true
    },
    "500027602": {
        "read": true
    },
    "500027701": {
        "read": true
    },
    "500027801": {
        "read": true
    },
    "500027901": {
        "read": true
    },
    "500027902": {
        "read": true
    },
    "500027903": {
        "read": true
    },
    "500028201": {
        "read": true
    },
    "500028301": {
        "read": true
    },
    "500028401": {
        "read": true
    },
    "500028501": {
        "read": true
    },
    "500028601": {
        "read": true
    },
    "500028701": {
        "read": true
    },
    "500028702": {
        "read": true
    },
    "500028801": {
        "read": true
    },
    "500028901": {
        "read": true
    },
    "500029001": {
        "read": true
    },
    "500029101": {
        "read": true
    },
    "500029102": {
        "read": true
    },
    "500029201": {
        "read": true
    },
    "500029202": {
        "read": true
    },
    "500029301": {
        "read": true
    },
    "500029401": {
        "read": true
    },
    "500029402": {
        "read": true
    },
    "500029403": {
        "read": true
    },
    "500029501": {
        "read": true
    },
    "500029502": {
        "read": true
    },
    "500029601": {
        "read": true
    },
    "500029701": {
        "read": true
    },
    "500029801": {
        "read": true
    },
    "500029802": {
        "read": true
    },
    "500029803": {
        "read": true
    },
    "500029804": {
        "read": true
    },
    "500029901": {
        "read": true
    },
    "500029902": {
        "read": true
    },
    "500029903": {
        "read": true
    },
    "500029904": {
        "read": true
    },
    "500030001": {
        "read": true
    },
    "500030002": {
        "read": true
    },
    "500030101": {
        "read": true
    },
    "500030201": {
        "read": true
    },
    "500030301": {
        "read": true
    },
    "500030302": {
        "read": true
    },
    "500030401": {
        "read": true
    },
    "500030402": {
        "read": true
    },
    "500030403": {
        "read": true
    },
    "500030501": {
        "read": true
    },
    "500030502": {
        "read": true
    },
    "500030503": {
        "read": true
    },
    "500030601": {
        "read": true
    },
    "500030602": {
        "read": true
    },
    "500030603": {
        "read": true
    },
    "500030701": {
        "read": true
    },
    "500030702": {
        "read": true
    },
    "500030703": {
        "read": true
    },
    "500030801": {
        "read": true
    },
    "500030802": {
        "read": true
    },
    "500030901": {
        "read": true
    },
    "500030902": {
        "read": true
    },
    "500031001": {
        "read": true
    },
    "500031101": {
        "read": true
    },
    "500031102": {
        "read": true
    },
    "500031201": {
        "read": true
    },
    "500031301": {
        "read": true
    },
    "500031401": {
        "read": true
    },
    "500031402": {
        "read": true
    },
    "500031501": {
        "read": true
    },
    "500031502": {
        "read": true
    },
    "500031601": {
        "read": true
    },
    "500031602": {
        "read": true
    },
    "500031701": {
        "read": true
    },
    "500031801": {
        "read": true
    },
    "500031901": {
        "read": true
    },
    "500031902": {
        "read": true
    },
    "500032001": {
        "read": true
    },
    "500032101": {
        "read": true
    },
    "500032102": {
        "read": true
    },
    "500032201": {
        "read": true
    },
    "500032202": {
        "read": true
    },
    "500032203": {
        "read": true
    },
    "500032301": {
        "read": true
    },
    "500032302": {
        "read": true
    },
    "500032401": {
        "read": true
    },
    "500032402": {
        "read": true
    },
    "500032403": {
        "read": true
    },
    "500032501": {
        "read": true
    },
    "500032601": {
        "read": true
    },
    "500032701": {
        "read": true
    },
    "500032702": {
        "read": true
    },
    "500032801": {
        "read": true
    },
    "500032802": {
        "read": true
    },
    "500032901": {
        "read": true
    },
    "500032902": {
        "read": true
    },
    "500033001": {
        "read": true
    },
    "500033002": {
        "read": true
    },
    "500033101": {
        "read": true
    },
    "500033201": {
        "read": true
    },
    "500033202": {
        "read": true
    },
    "500033203": {
        "read": true
    },
    "500033301": {
        "read": true
    },
    "500033302": {
        "read": true
    },
    "500033401": {
        "read": true
    },
    "500033501": {
        "read": true
    },
    "500033502": {
        "read": true
    },
    "500033601": {
        "read": true
    },
    "500033602": {
        "read": true
    },
    "500033701": {
        "read": true
    },
    "500033702": {
        "read": true
    },
    "500033703": {
        "read": true
    },
    "500033801": {
        "read": true
    },
    "500033901": {
        "read": true
    },
    "500033902": {
        "read": true
    },
    "500034001": {
        "read": true
    },
    "500034002": {
        "read": true
    },
    "500034003": {
        "read": true
    },
    "500034101": {
        "read": true
    },
    "500034102": {
        "read": true
    },
    "500034103": {
        "read": true
    },
    "500034201": {
        "read": true
    },
    "500034301": {
        "read": true
    },
    "500034401": {
        "read": true
    },
    "500034501": {
        "read": true
    },
    "500034502": {
        "read": true
    },
    "500034601": {
        "read": true
    },
    "500034602": {
        "read": true
    },
    "500034603": {
        "read": true
    },
    "500034701": {
        "read": true
    },
    "500034702": {
        "read": true
    },
    "500034801": {
        "read": true
    },
    "500034901": {
        "read": true
    },
    "500035001": {
        "read": true
    },
    "500035002": {
        "read": true
    },
    "500035101": {
        "read": true
    },
    "500035201": {
        "read": true
    },
    "500035202": {
        "read": true
    },
    "500035301": {
        "read": true
    },
    "500035302": {
        "read": true
    },
    "500035401": {
        "read": true
    },
    "500035501": {
        "read": true
    },
    "500035502": {
        "read": true
    },
    "500035601": {
        "read": true
    },
    "500035701": {
        "read": true
    },
    "500035801": {
        "read": true
    },
    "500035802": {
        "read": true
    },
    "500035901": {
        "read": true
    },
    "500036001": {
        "read": true
    },
    "500036101": {
        "read": true
    },
    "500036201": {
        "read": true
    },
    "500036202": {
        "read": true
    },
    "500036203": {
        "read": true
    },
    "500036204": {
        "read": true
    },
    "500036301": {
        "read": true
    },
    "500036401": {
        "read": true
    },
    "500036501": {
        "read": true
    },
    "500036601": {
        "read": true
    },
    "500036602": {
        "read": true
    },
    "500036701": {
        "read": true
    },
    "500036801": {
        "read": true
    },
    "500036802": {
        "read": true
    },
    "500036803": {
        "read": true
    },
    "500036901": {
        "read": true
    },
    "500037001": {
        "read": true
    },
    "500037002": {
        "read": true
    },
    "500037101": {
        "read": true
    },
    "500037102": {
        "read": true
    },
    "500037103": {
        "read": true
    },
    "500037104": {
        "read": true
    },
    "500037201": {
        "read": true
    },
    "500037301": {
        "read": true
    },
    "500037401": {
        "read": true
    },
    "500037402": {
        "read": true
    },
    "500037501": {
        "read": true
    },
    "500037502": {
        "read": true
    },
    "500037503": {
        "read": true
    },
    "500037601": {
        "read": true
    },
    "500037701": {
        "read": true
    },
    "500037702": {
        "read": true
    },
    "500037801": {
        "read": true
    },
    "500037802": {
        "read": true
    },
    "500037803": {
        "read": true
    },
    "500037901": {
        "read": true
    },
    "500037902": {
        "read": true
    },
    "500038001": {
        "read": true
    },
    "500038101": {
        "read": true
    },
    "500038102": {
        "read": true
    },
    "500038201": {
        "read": true
    },
    "500038301": {
        "read": true
    },
    "500038401": {
        "read": true
    },
    "500038402": {
        "read": true
    },
    "500038501": {
        "read": true
    },
    "500038502": {
        "read": true
    },
    "500038601": {
        "read": true
    },
    "500038602": {
        "read": true
    },
    "500038603": {
        "read": true
    },
    "500038701": {
        "read": true
    },
    "500038702": {
        "read": true
    },
    "500038801": {
        "read": true
    },
    "500038901": {
        "read": true
    },
    "500038902": {
        "read": true
    },
    "500039001": {
        "read": true
    },
    "500039002": {
        "read": true
    },
    "500039003": {
        "read": true
    },
    "500039101": {
        "read": true
    },
    "500039102": {
        "read": true
    },
    "500039103": {
        "read": true
    },
    "500039104": {
        "read": true
    },
    "500039201": {
        "read": true
    },
    "500039202": {
        "read": true
    },
    "500039301": {
        "read": true
    },
    "500039302": {
        "read": true
    },
    "500039303": {
        "read": true
    },
    "500039304": {
        "read": true
    },
    "500039401": {
        "read": true
    },
    "500039402": {
        "read": true
    },
    "500039501": {
        "read": true
    },
    "500039601": {
        "read": true
    },
    "500039602": {
        "read": true
    },
    "500039701": {
        "read": true
    },
    "500039801": {
        "read": true
    },
    "500039901": {
        "read": true
    },
    "500039902": {
        "read": true
    },
    "500040001": {
        "read": true
    },
    "500040002": {
        "read": true
    },
    "500040101": {
        "read": true
    },
    "500040102": {
        "read": true
    },
    "500040201": {
        "read": true
    },
    "500040301": {
        "read": true
    },
    "500040302": {
        "read": true
    },
    "500040303": {
        "read": true
    },
    "500040401": {
        "read": true
    },
    "500040402": {
        "read": true
    },
    "500040501": {
        "read": true
    },
    "500040502": {
        "read": true
    },
    "500040601": {
        "read": true
    },
    "500040701": {
        "read": true
    },
    "500040702": {
        "read": true
    },
    "500040801": {
        "read": true
    },
    "500040901": {
        "read": true
    },
    "500041001": {
        "read": true
    },
    "500041002": {
        "read": true
    },
    "500041003": {
        "read": true
    },
    "500041101": {
        "read": true
    },
    "500041102": {
        "read": true
    },
    "500041103": {
        "read": true
    },
    "500041104": {
        "read": true
    },
    "500041201": {
        "read": true
    },
    "500041202": {
        "read": true
    },
    "500041203": {
        "read": true
    },
    "500041301": {
        "read": true
    },
    "500041401": {
        "read": true
    },
    "500041402": {
        "read": true
    },
    "500041501": {
        "read": true
    },
    "500041502": {
        "read": true
    },
    "500041701": {
        "read": true
    },
    "500041702": {
        "read": true
    },
    "500041801": {
        "read": true
    },
    "500041802": {
        "read": true
    },
    "500041901": {
        "read": true
    },
    "500041902": {
        "read": true
    },
    "500042001": {
        "read": true
    },
    "500042002": {
        "read": true
    },
    "500042101": {
        "read": true
    },
    "500042102": {
        "read": true
    },
    "500042201": {
        "read": true
    },
    "500042202": {
        "read": true
    },
    "500042301": {
        "read": true
    },
    "500042302": {
        "read": true
    },
    "500042401": {
        "read": true
    },
    "500042402": {
        "read": true
    },
    "500042501": {
        "read": true
    },
    "500042601": {
        "read": true
    },
    "500042602": {
        "read": true
    },
    "500042701": {
        "read": true
    },
    "500042702": {
        "read": true
    },
    "500042801": {
        "read": true
    },
    "500042901": {
        "read": true
    },
    "500043001": {
        "read": true
    },
    "500043002": {
        "read": true
    },
    "500043003": {
        "read": true
    },
    "500043101": {
        "read": true
    },
    "500043102": {
        "read": true
    },
    "500043201": {
        "read": true
    },
    "500043301": {
        "read": true
    },
    "500043302": {
        "read": true
    },
    "500043401": {
        "read": true
    },
    "500043501": {
        "read": true
    },
    "500043601": {
        "read": true
    },
    "500043701": {
        "read": true
    },
    "500043801": {
        "read": true
    },
    "500043901": {
        "read": true
    },
    "500043902": {
        "read": true
    },
    "500043903": {
        "read": true
    },
    "500044001": {
        "read": true
    },
    "500044002": {
        "read": true
    },
    "500044003": {
        "read": true
    },
    "500044101": {
        "read": true
    },
    "500044201": {
        "read": true
    },
    "500044301": {
        "read": true
    },
    "500044401": {
        "read": true
    },
    "500044402": {
        "read": true
    },
    "500044501": {
        "read": true
    },
    "500044502": {
        "read": true
    },
    "500044601": {
        "read": true
    },
    "500044602": {
        "read": true
    },
    "500044701": {
        "read": true
    },
    "500044801": {
        "read": true
    },
    "500044901": {
        "read": true
    },
    "500044902": {
        "read": true
    },
    "500045001": {
        "read": true
    },
    "500045002": {
        "read": true
    },
    "500045101": {
        "read": true
    },
    "500045102": {
        "read": true
    },
    "500045201": {
        "read": true
    },
    "500045202": {
        "read": true
    },
    "500045301": {
        "read": true
    },
    "500045401": {
        "read": true
    },
    "500045501": {
        "read": true
    },
    "500045601": {
        "read": true
    },
    "500045701": {
        "read": true
    },
    "500045801": {
        "read": true
    },
    "500045802": {
        "read": true
    },
    "500045901": {
        "read": true
    },
    "500046001": {
        "read": true
    },
    "500046002": {
        "read": true
    },
    "500046101": {
        "read": true
    },
    "500046102": {
        "read": true
    },
    "500046103": {
        "read": true
    },
    "500046201": {
        "read": true
    },
    "500046202": {
        "read": true
    },
    "500046301": {
        "read": true
    },
    "500046302": {
        "read": true
    },
    "500046401": {
        "read": true
    },
    "500046402": {
        "read": true
    },
    "500046501": {
        "read": true
    },
    "500046502": {
        "read": true
    },
    "500046601": {
        "read": true
    },
    "500046602": {
        "read": true
    },
    "500046701": {
        "read": true
    },
    "500046702": {
        "read": true
    },
    "500046703": {
        "read": true
    },
    "500046801": {
        "read": true
    },
    "500046802": {
        "read": true
    },
    "500046803": {
        "read": true
    },
    "500046901": {
        "read": true
    },
    "500046902": {
        "read": true
    },
    "500047001": {
        "read": true
    },
    "500047002": {
        "read": true
    },
    "500047003": {
        "read": true
    },
    "500047101": {
        "read": true
    },
    "500047102": {
        "read": true
    },
    "500047103": {
        "read": true
    },
    "500047201": {
        "read": true
    },
    "500047301": {
        "read": true
    },
    "500047401": {
        "read": true
    },
    "500047402": {
        "read": true
    },
    "500047501": {
        "read": true
    },
    "500047502": {
        "read": true
    },
    "500047601": {
        "read": true
    },
    "500047701": {
        "read": true
    },
    "500047702": {
        "read": true
    },
    "500047801": {
        "read": true
    },
    "500047802": {
        "read": true
    },
    "500047901": {
        "read": true
    },
    "500047902": {
        "read": true
    },
    "500048001": {
        "read": true
    },
    "500048002": {
        "read": true
    },
    "500048101": {
        "read": true
    },
    "500048102": {
        "read": true
    },
    "500048103": {
        "read": true
    },
    "500048201": {
        "read": true
    },
    "500048301": {
        "read": true
    },
    "500048302": {
        "read": true
    },
    "500048303": {
        "read": true
    },
    "500048401": {
        "read": true
    },
    "500048402": {
        "read": true
    },
    "500048501": {
        "read": true
    },
    "500048601": {
        "read": true
    },
    "500048602": {
        "read": true
    },
    "500048603": {
        "read": true
    },
    "500048604": {
        "read": true
    },
    "500048701": {
        "read": true
    },
    "500048801": {
        "read": true
    },
    "500048901": {
        "read": true
    },
    "500048902": {
        "read": true
    },
    "500049001": {
        "read": true
    },
    "500049002": {
        "read": true
    },
    "500049101": {
        "read": true
    },
    "500049102": {
        "read": true
    },
    "500049201": {
        "read": true
    },
    "500049202": {
        "read": true
    },
    "500049301": {
        "read": true
    },
    "500049401": {
        "read": true
    },
    "500049402": {
        "read": true
    },
    "500049403": {
        "read": true
    },
    "500049501": {
        "read": true
    },
    "500049502": {
        "read": true
    },
    "500049601": {
        "read": true
    },
    "500049602": {
        "read": true
    },
    "500049701": {
        "read": true
    },
    "500049702": {
        "read": true
    },
    "500049801": {
        "read": true
    },
    "500049802": {
        "read": true
    },
    "500049901": {
        "read": true
    },
    "500049902": {
        "read": true
    },
    "500060001": {
        "read": true
    },
    "500060002": {
        "read": true
    },
    "500060003": {
        "read": true
    },
    "500060101": {
        "read": true
    },
    "500060102": {
        "read": true
    },
    "500060201": {
        "read": true
    },
    "500060202": {
        "read": true
    },
    "500060301": {
        "read": true
    },
    "500060401": {
        "read": true
    },
    "500060402": {
        "read": true
    },
    "500060501": {
        "read": true
    },
    "500060502": {
        "read": true
    },
    "500060601": {
        "read": true
    },
    "500060602": {
        "read": true
    },
    "500060701": {
        "read": true
    },
    "500060801": {
        "read": true
    },
    "500060901": {
        "read": true
    },
    "500061001": {
        "read": true
    },
    "500061002": {
        "read": true
    },
    "500061101": {
        "read": true
    },
    "500061102": {
        "read": true
    },
    "500061201": {
        "read": true
    },
    "500061301": {
        "read": true
    },
    "500061401": {
        "read": true
    },
    "500061402": {
        "read": true
    },
    "500061501": {
        "read": true
    },
    "500061601": {
        "read": true
    },
    "500061602": {
        "read": true
    },
    "500061603": {
        "read": true
    },
    "500061604": {
        "read": true
    },
    "500061701": {
        "read": true
    },
    "500061801": {
        "read": true
    },
    "500061802": {
        "read": true
    },
    "500061803": {
        "read": true
    },
    "500061901": {
        "read": true
    },
    "500062001": {
        "read": true
    },
    "500062101": {
        "read": true
    },
    "500062201": {
        "read": true
    },
    "500062202": {
        "read": true
    },
    "500062301": {
        "read": true
    },
    "500062302": {
        "read": true
    },
    "500062401": {
        "read": true
    },
    "500062501": {
        "read": true
    },
    "500062502": {
        "read": true
    },
    "500062503": {
        "read": true
    },
    "500062504": {
        "read": true
    },
    "500062601": {
        "read": true
    },
    "500062602": {
        "read": true
    },
    "500062603": {
        "read": true
    },
    "500062701": {
        "read": true
    },
    "500062702": {
        "read": true
    },
    "500062703": {
        "read": true
    },
    "500062801": {
        "read": true
    },
    "500062802": {
        "read": true
    },
    "500062901": {
        "read": true
    },
    "500063001": {
        "read": true
    },
    "500063101": {
        "read": true
    },
    "500063102": {
        "read": true
    },
    "500063103": {
        "read": true
    },
    "500063201": {
        "read": true
    },
    "500063202": {
        "read": true
    },
    "500063203": {
        "read": true
    },
    "500063301": {
        "read": true
    },
    "500063401": {
        "read": true
    },
    "500063501": {
        "read": true
    },
    "500063601": {
        "read": true
    },
    "500063701": {
        "read": true
    },
    "500063702": {
        "read": true
    },
    "500063801": {
        "read": true
    },
    "500063802": {
        "read": true
    },
    "500063901": {
        "read": true
    },
    "500064001": {
        "read": true
    },
    "500064002": {
        "read": true
    },
    "500064003": {
        "read": true
    },
    "500064101": {
        "read": true
    },
    "500064201": {
        "read": true
    },
    "500064301": {
        "read": true
    },
    "500064401": {
        "read": true
    },
    "500064402": {
        "read": true
    },
    "500064501": {
        "read": true
    },
    "500064502": {
        "read": true
    },
    "500064701": {
        "read": true
    },
    "500064702": {
        "read": true
    },
    "500064801": {
        "read": true
    },
    "500064901": {
        "read": true
    },
    "500065001": {
        "read": true
    },
    "500065002": {
        "read": true
    },
    "500065003": {
        "read": true
    },
    "500065101": {
        "read": true
    },
    "500065102": {
        "read": true
    },
    "500065103": {
        "read": true
    },
    "500065201": {
        "read": true
    },
    "500065301": {
        "read": true
    },
    "500065401": {
        "read": true
    },
    "500065501": {
        "read": true
    },
    "500065601": {
        "read": true
    },
    "500065701": {
        "read": true
    }
}