{
    "700001001": {
        "name": "",
        "bRankTime": 0,
        "aRankTime": 0,
        "sRankTime": 0,
        "sPlusRankTime": 0,
        "rankPointReward": 23,
        "characterExpReward": 58,
        "manaReward": 195,
        "poolExpReward": 58,
        "rushEventId": 700001,
        "rushEventFolderId": 1,
        "rushEventRound": 1
    },
    "700001002": {
        "name": "",
        "bRankTime": 0,
        "aRankTime": 0,
        "sRankTime": 0,
        "sPlusRankTime": 0,
        "rankPointReward": 23,
        "characterExpReward": 58,
        "manaReward": 195,
        "poolExpReward": 58,
        "rushEventId": 700001,
        "rushEventFolderId": 1,
        "rushEventRound": 2
    },
    "700001003": {
        "name": "",
        "bRankTime": 0,
        "aRankTime": 0,
        "sRankTime": 0,
        "sPlusRankTime": 0,
        "rankPointReward": 111,
        "characterExpReward": 225,
        "manaReward": 480,
        "poolExpReward": 225,
        "rushEventId": 700001,
        "rushEventFolderId": 2,
        "rushEventRound": 1
    },
    "700001004": {
        "name": "",
        "bRankTime": 0,
        "aRankTime": 0,
        "sRankTime": 0,
        "sPlusRankTime": 0,
        "rankPointReward": 111,
        "characterExpReward": 225,
        "manaReward": 480,
        "poolExpReward": 225,
        "rushEventId": 700001,
        "rushEventFolderId": 2,
        "rushEventRound": 2
    },
    "700001005": {
        "name": "",
        "bRankTime": 0,
        "aRankTime": 0,
        "sRankTime": 0,
        "sPlusRankTime": 0,
        "rankPointReward": 234,
        "characterExpReward": 810,
        "manaReward": 780,
        "poolExpReward": 810,
        "rushEventId": 700001,
        "rushEventFolderId": 3,
        "rushEventRound": 1
    },
    "700001006": {
        "name": "",
        "bRankTime": 0,
        "aRankTime": 0,
        "sRankTime": 0,
        "sPlusRankTime": 0,
        "rankPointReward": 234,
        "characterExpReward": 810,
        "manaReward": 780,
        "poolExpReward": 810,
        "rushEventId": 700001,
        "rushEventFolderId": 3,
        "rushEventRound": 2
    },
    "700001007": {
        "name": "",
        "bRankTime": 0,
        "aRankTime": 0,
        "sRankTime": 0,
        "sPlusRankTime": 0,
        "rankPointReward": 10,
        "characterExpReward": 10,
        "manaReward": 10,
        "poolExpReward": 10,
        "rushEventId": 700001,
        "rushEventFolderId": 4,
        "rushEventRound": 0
    },
    "700002001": {
        "name": "",
        "bRankTime": 0,
        "aRankTime": 0,
        "sRankTime": 0,
        "sPlusRankTime": 0,
        "rankPointReward": 23,
        "characterExpReward": 58,
        "manaReward": 195,
        "poolExpReward": 58,
        "rushEventId": 700002,
        "rushEventFolderId": 1,
        "rushEventRound": 1
    },
    "700002002": {
        "name": "",
        "bRankTime": 0,
        "aRankTime": 0,
        "sRankTime": 0,
        "sPlusRankTime": 0,
        "rankPointReward": 23,
        "characterExpReward": 58,
        "manaReward": 195,
        "poolExpReward": 58,
        "rushEventId": 700002,
        "rushEventFolderId": 1,
        "rushEventRound": 2
    },
    "700002003": {
        "name": "",
        "bRankTime": 0,
        "aRankTime": 0,
        "sRankTime": 0,
        "sPlusRankTime": 0,
        "rankPointReward": 111,
        "characterExpReward": 225,
        "manaReward": 480,
        "poolExpReward": 225,
        "rushEventId": 700002,
        "rushEventFolderId": 2,
        "rushEventRound": 1
    },
    "700002004": {
        "name": "",
        "bRankTime": 0,
        "aRankTime": 0,
        "sRankTime": 0,
        "sPlusRankTime": 0,
        "rankPointReward": 111,
        "characterExpReward": 225,
        "manaReward": 480,
        "poolExpReward": 225,
        "rushEventId": 700002,
        "rushEventFolderId": 2,
        "rushEventRound": 2
    },
    "700002005": {
        "name": "",
        "bRankTime": 0,
        "aRankTime": 0,
        "sRankTime": 0,
        "sPlusRankTime": 0,
        "rankPointReward": 234,
        "characterExpReward": 810,
        "manaReward": 780,
        "poolExpReward": 810,
        "rushEventId": 700002,
        "rushEventFolderId": 3,
        "rushEventRound": 1
    },
    "700002006": {
        "name": "",
        "bRankTime": 0,
        "aRankTime": 0,
        "sRankTime": 0,
        "sPlusRankTime": 0,
        "rankPointReward": 234,
        "characterExpReward": 810,
        "manaReward": 780,
        "poolExpReward": 810,
        "rushEventId": 700002,
        "rushEventFolderId": 3,
        "rushEventRound": 2
    },
    "700002007": {
        "name": "",
        "bRankTime": 0,
        "aRankTime": 0,
        "sRankTime": 0,
        "sPlusRankTime": 0,
        "rankPointReward": 234,
        "characterExpReward": 810,
        "manaReward": 780,
        "poolExpReward": 810,
        "rushEventId": 700002,
        "rushEventFolderId": 3,
        "rushEventRound": 3
    },
    "700002008": {
        "name": "",
        "bRankTime": 0,
        "aRankTime": 0,
        "sRankTime": 0,
        "sPlusRankTime": 0,
        "rankPointReward": 10,
        "characterExpReward": 10,
        "manaReward": 10,
        "poolExpReward": 10,
        "rushEventId": 700002,
        "rushEventFolderId": 4,
        "rushEventRound": 0
    },
    "700003001": {
        "name": "",
        "bRankTime": 0,
        "aRankTime": 0,
        "sRankTime": 0,
        "sPlusRankTime": 0,
        "rankPointReward": 23,
        "characterExpReward": 58,
        "manaReward": 195,
        "poolExpReward": 58,
        "rushEventId": 700003,
        "rushEventFolderId": 1,
        "rushEventRound": 1
    },
    "700003002": {
        "name": "",
        "bRankTime": 0,
        "aRankTime": 0,
        "sRankTime": 0,
        "sPlusRankTime": 0,
        "rankPointReward": 23,
        "characterExpReward": 58,
        "manaReward": 195,
        "poolExpReward": 58,
        "rushEventId": 700003,
        "rushEventFolderId": 1,
        "rushEventRound": 2
    },
    "700003003": {
        "name": "",
        "bRankTime": 0,
        "aRankTime": 0,
        "sRankTime": 0,
        "sPlusRankTime": 0,
        "rankPointReward": 111,
        "characterExpReward": 225,
        "manaReward": 480,
        "poolExpReward": 225,
        "rushEventId": 700003,
        "rushEventFolderId": 2,
        "rushEventRound": 1
    },
    "700003004": {
        "name": "",
        "bRankTime": 0,
        "aRankTime": 0,
        "sRankTime": 0,
        "sPlusRankTime": 0,
        "rankPointReward": 111,
        "characterExpReward": 225,
        "manaReward": 480,
        "poolExpReward": 225,
        "rushEventId": 700003,
        "rushEventFolderId": 2,
        "rushEventRound": 2
    },
    "700003005": {
        "name": "",
        "bRankTime": 0,
        "aRankTime": 0,
        "sRankTime": 0,
        "sPlusRankTime": 0,
        "rankPointReward": 234,
        "characterExpReward": 810,
        "manaReward": 780,
        "poolExpReward": 810,
        "rushEventId": 700003,
        "rushEventFolderId": 3,
        "rushEventRound": 1
    },
    "700003006": {
        "name": "",
        "bRankTime": 0,
        "aRankTime": 0,
        "sRankTime": 0,
        "sPlusRankTime": 0,
        "rankPointReward": 234,
        "characterExpReward": 810,
        "manaReward": 780,
        "poolExpReward": 810,
        "rushEventId": 700003,
        "rushEventFolderId": 3,
        "rushEventRound": 2
    },
    "700003007": {
        "name": "",
        "bRankTime": 0,
        "aRankTime": 0,
        "sRankTime": 0,
        "sPlusRankTime": 0,
        "rankPointReward": 234,
        "characterExpReward": 810,
        "manaReward": 780,
        "poolExpReward": 810,
        "rushEventId": 700003,
        "rushEventFolderId": 3,
        "rushEventRound": 3
    },
    "700003008": {
        "name": "",
        "bRankTime": 0,
        "aRankTime": 0,
        "sRankTime": 0,
        "sPlusRankTime": 0,
        "rankPointReward": 10,
        "characterExpReward": 10,
        "manaReward": 10,
        "poolExpReward": 10,
        "rushEventId": 700003,
        "rushEventFolderId": 4,
        "rushEventRound": 0
    },
    "700004001": {
        "name": "",
        "bRankTime": 0,
        "aRankTime": 0,
        "sRankTime": 0,
        "sPlusRankTime": 0,
        "rankPointReward": 23,
        "characterExpReward": 58,
        "manaReward": 195,
        "poolExpReward": 58,
        "rushEventId": 700004,
        "rushEventFolderId": 1,
        "rushEventRound": 1
    },
    "700004002": {
        "name": "",
        "bRankTime": 0,
        "aRankTime": 0,
        "sRankTime": 0,
        "sPlusRankTime": 0,
        "rankPointReward": 23,
        "characterExpReward": 58,
        "manaReward": 195,
        "poolExpReward": 58,
        "rushEventId": 700004,
        "rushEventFolderId": 1,
        "rushEventRound": 2
    },
    "700004003": {
        "name": "",
        "bRankTime": 0,
        "aRankTime": 0,
        "sRankTime": 0,
        "sPlusRankTime": 0,
        "rankPointReward": 111,
        "characterExpReward": 225,
        "manaReward": 480,
        "poolExpReward": 225,
        "rushEventId": 700004,
        "rushEventFolderId": 2,
        "rushEventRound": 1
    },
    "700004004": {
        "name": "",
        "bRankTime": 0,
        "aRankTime": 0,
        "sRankTime": 0,
        "sPlusRankTime": 0,
        "rankPointReward": 111,
        "characterExpReward": 225,
        "manaReward": 480,
        "poolExpReward": 225,
        "rushEventId": 700004,
        "rushEventFolderId": 2,
        "rushEventRound": 2
    },
    "700004005": {
        "name": "",
        "bRankTime": 0,
        "aRankTime": 0,
        "sRankTime": 0,
        "sPlusRankTime": 0,
        "rankPointReward": 234,
        "characterExpReward": 810,
        "manaReward": 780,
        "poolExpReward": 810,
        "rushEventId": 700004,
        "rushEventFolderId": 3,
        "rushEventRound": 1
    },
    "700004006": {
        "name": "",
        "bRankTime": 0,
        "aRankTime": 0,
        "sRankTime": 0,
        "sPlusRankTime": 0,
        "rankPointReward": 234,
        "characterExpReward": 810,
        "manaReward": 780,
        "poolExpReward": 810,
        "rushEventId": 700004,
        "rushEventFolderId": 3,
        "rushEventRound": 2
    },
    "700004007": {
        "name": "",
        "bRankTime": 0,
        "aRankTime": 0,
        "sRankTime": 0,
        "sPlusRankTime": 0,
        "rankPointReward": 234,
        "characterExpReward": 810,
        "manaReward": 780,
        "poolExpReward": 810,
        "rushEventId": 700004,
        "rushEventFolderId": 3,
        "rushEventRound": 3
    },
    "700004008": {
        "name": "",
        "bRankTime": 0,
        "aRankTime": 0,
        "sRankTime": 0,
        "sPlusRankTime": 0,
        "rankPointReward": 10,
        "characterExpReward": 10,
        "manaReward": 10,
        "poolExpReward": 10,
        "rushEventId": 700004,
        "rushEventFolderId": 4,
        "rushEventRound": 0
    },
    "700005001": {
        "name": "",
        "bRankTime": 0,
        "aRankTime": 0,
        "sRankTime": 0,
        "sPlusRankTime": 0,
        "rankPointReward": 23,
        "characterExpReward": 58,
        "manaReward": 195,
        "poolExpReward": 58,
        "rushEventId": 700005,
        "rushEventFolderId": 1,
        "rushEventRound": 1
    },
    "700005002": {
        "name": "",
        "bRankTime": 0,
        "aRankTime": 0,
        "sRankTime": 0,
        "sPlusRankTime": 0,
        "rankPointReward": 23,
        "characterExpReward": 58,
        "manaReward": 195,
        "poolExpReward": 58,
        "rushEventId": 700005,
        "rushEventFolderId": 1,
        "rushEventRound": 2
    },
    "700005003": {
        "name": "",
        "bRankTime": 0,
        "aRankTime": 0,
        "sRankTime": 0,
        "sPlusRankTime": 0,
        "rankPointReward": 111,
        "characterExpReward": 225,
        "manaReward": 480,
        "poolExpReward": 225,
        "rushEventId": 700005,
        "rushEventFolderId": 2,
        "rushEventRound": 1
    },
    "700005004": {
        "name": "",
        "bRankTime": 0,
        "aRankTime": 0,
        "sRankTime": 0,
        "sPlusRankTime": 0,
        "rankPointReward": 111,
        "characterExpReward": 225,
        "manaReward": 480,
        "poolExpReward": 225,
        "rushEventId": 700005,
        "rushEventFolderId": 2,
        "rushEventRound": 2
    },
    "700005005": {
        "name": "",
        "bRankTime": 0,
        "aRankTime": 0,
        "sRankTime": 0,
        "sPlusRankTime": 0,
        "rankPointReward": 234,
        "characterExpReward": 810,
        "manaReward": 780,
        "poolExpReward": 810,
        "rushEventId": 700005,
        "rushEventFolderId": 3,
        "rushEventRound": 1
    },
    "700005006": {
        "name": "",
        "bRankTime": 0,
        "aRankTime": 0,
        "sRankTime": 0,
        "sPlusRankTime": 0,
        "rankPointReward": 234,
        "characterExpReward": 810,
        "manaReward": 780,
        "poolExpReward": 810,
        "rushEventId": 700005,
        "rushEventFolderId": 3,
        "rushEventRound": 2
    },
    "700005007": {
        "name": "",
        "bRankTime": 0,
        "aRankTime": 0,
        "sRankTime": 0,
        "sPlusRankTime": 0,
        "rankPointReward": 234,
        "characterExpReward": 810,
        "manaReward": 780,
        "poolExpReward": 810,
        "rushEventId": 700005,
        "rushEventFolderId": 3,
        "rushEventRound": 3
    },
    "700005008": {
        "name": "",
        "bRankTime": 0,
        "aRankTime": 0,
        "sRankTime": 0,
        "sPlusRankTime": 0,
        "rankPointReward": 10,
        "characterExpReward": 10,
        "manaReward": 10,
        "poolExpReward": 10,
        "rushEventId": 700005,
        "rushEventFolderId": 4,
        "rushEventRound": 0
    }
}