{
    "1": {
        "itemId": 30101,
        "count": 10,
        "availableCounts": {
            "1": 355,
            "2": 545,
            "3": 825,
            "4": 9806
        }
    },
    "2": {
        "itemId": 30102,
        "count": 10,
        "availableCounts": {
            "1": 397,
            "2": 584,
            "3": 863,
            "4": 893
        }
    },
    "3": {
        "itemId": 30103,
        "count": 10,
        "availableCounts": {
            "1": 397,
            "2": 584,
            "3": 863,
            "4": 893
        }
    },
    "4": {
        "itemId": 30104,
        "count": 10,
        "availableCounts": {
            "1": 835,
            "2": 835,
            "3": 835,
            "4": 835,
            "5": 1010
        }
    },
    "5": {
        "itemId": 30105,
        "count": 10,
        "availableCounts": {
            "1": 684,
            "2": 684,
            "3": 684,
            "4": 684,
            "5": 910
        }
    },
    "6": {
        "itemId": 30106,
        "count": 10,
        "availableCounts": {
            "1": 835,
            "2": 835,
            "3": 835,
            "4": 835,
            "5": 1010
        }
    },
    "7": {
        "itemId": 30107,
        "count": 10,
        "availableCounts": {
            "1": 684,
            "2": 684,
            "3": 684,
            "4": 684,
            "5": 910
        }
    },
    "8": {
        "itemId": 30108,
        "count": 10,
        "availableCounts": {
            "1": 835,
            "2": 835,
            "3": 835,
            "4": 835,
            "5": 1010
        }
    },
    "9": {
        "itemId": 30109,
        "count": 10,
        "availableCounts": {
            "1": 684,
            "2": 684,
            "3": 684,
            "4": 684,
            "5": 910
        }
    },
    "10": {
        "itemId": 30110,
        "count": 10,
        "availableCounts": {
            "1": 735,
            "2": 780,
            "3": 820,
            "4": 910,
            "5": 1310
        }
    },
    "11": {
        "itemId": 30111,
        "count": 10,
        "availableCounts": {
            "1": 735,
            "2": 781,
            "3": 821,
            "4": 910,
            "5": 1310
        }
    },
    "12": {
        "itemId": 30112,
        "count": 10,
        "availableCounts": {
            "1": 735,
            "2": 780,
            "3": 820,
            "4": 910,
            "5": 1310
        }
    },
    "13": {
        "itemId": 30113,
        "count": 10,
        "availableCounts": {
            "1": 735,
            "2": 780,
            "3": 820,
            "4": 910,
            "5": 1310
        }
    },
    "14": {
        "itemId": 30114,
        "count": 10,
        "availableCounts": {
            "1": 415,
            "2": 520,
            "3": 630,
            "4": 1310
        }
    },
    "15": {
        "itemId": 30115,
        "count": 10,
        "availableCounts": {
            "1": 570,
            "2": 645,
            "3": 730,
            "4": 910,
            "5": 1405
        }
    },
    "16": {
        "itemId": 30116,
        "count": 10,
        "availableCounts": {
            "1": 486,
            "2": 531,
            "3": 527,
            "4": 610,
            "5": 1413
        }
    },
    "17": {
        "itemId": 30117,
        "count": 10,
        "availableCounts": {
            "1": 571,
            "2": 647,
            "3": 732,
            "4": 910,
            "5": 1402
        }
    },
    "18": {
        "itemId": 30118,
        "count": 10,
        "availableCounts": {
            "1": 570,
            "2": 645,
            "3": 730,
            "4": 910,
            "5": 1401
        }
    },
    "19": {
        "itemId": 30119,
        "count": 10,
        "availableCounts": {
            "1": 486,
            "2": 531,
            "3": 527,
            "4": 610,
            "5": 1403
        }
    },
    "20": {
        "itemId": 30120,
        "count": 10,
        "availableCounts": {
            "1": 571,
            "2": 647,
            "3": 732,
            "4": 910,
            "5": 1402
        }
    },
    "21": {
        "itemId": 30121,
        "count": 10,
        "availableCounts": {
            "1": 486,
            "2": 531,
            "3": 527,
            "4": 610,
            "5": 1403
        }
    },
    "22": {
        "itemId": 30122,
        "count": 10,
        "availableCounts": {
            "1": 572,
            "2": 646,
            "3": 731,
            "4": 911,
            "5": 1401
        }
    },
    "23": {
        "itemId": 30123,
        "count": 10,
        "availableCounts": {
            "1": 570,
            "2": 645,
            "3": 730,
            "4": 910,
            "5": 1401
        }
    },
    "24": {
        "itemId": 30124,
        "count": 10,
        "availableCounts": {
            "1": 570,
            "2": 645,
            "3": 730,
            "4": 910,
            "5": 1401
        }
    },
    "25": {
        "itemId": 30126,
        "count": 10,
        "availableCounts": {
            "1": 486,
            "2": 532,
            "3": 528,
            "4": 610,
            "5": 1403
        }
    },
    "26": {
        "itemId": 30130,
        "count": 10,
        "availableCounts": {
            "1": 486,
            "2": 532,
            "3": 528,
            "4": 610,
            "5": 1403
        }
    },
    "1002": {
        "itemId": 30125,
        "count": 10,
        "availableCounts": {
            "1": 573,
            "2": 648,
            "3": 734,
            "4": 914,
            "5": 1401
        }
    },
    "1005": {
        "itemId": 30128,
        "count": 10,
        "availableCounts": {
            "1": 572,
            "2": 647,
            "3": 732,
            "4": 912,
            "5": 1401
        }
    },
    "1006": {
        "itemId": 30127,
        "count": 10,
        "availableCounts": {
            "1": 404,
            "2": 456,
            "3": 516,
            "4": 690,
            "5": 1064
        }
    },
    "1008": {
        "itemId": 30129,
        "count": 10,
        "availableCounts": {
            "1": 403,
            "2": 456,
            "3": 515,
            "4": 687,
            "5": 1064
        }
    },
    "1011": {
        "itemId": 30132,
        "count": 10,
        "availableCounts": {
            "1": 572,
            "2": 647,
            "3": 732,
            "4": 912,
            "5": 1401
        }
    },
    "1012": {
        "itemId": 30131,
        "count": 10,
        "availableCounts": {
            "1": 403,
            "2": 455,
            "3": 514,
            "4": 689,
            "5": 1064
        }
    }
}