{
    "101": {
        "name": "",
        "clearRewardId": 1
    },
    "102": {
        "name": "",
        "clearRewardId": 1
    },
    "103": {
        "name": "",
        "clearRewardId": 1
    },
    "301": {
        "name": "",
        "clearRewardId": 1
    },
    "302": {
        "name": "",
        "clearRewardId": 1
    },
    "303": {
        "name": "",
        "clearRewardId": 1
    },
    "1110041": {
        "name": "",
        "clearRewardId": 1
    },
    "1110042": {
        "name": "",
        "clearRewardId": 1
    },
    "1110043": {
        "name": "",
        "clearRewardId": 1
    },
    "1110051": {
        "name": "",
        "clearRewardId": 1
    },
    "1110052": {
        "name": "",
        "clearRewardId": 1
    },
    "1110053": {
        "name": "",
        "clearRewardId": 1
    },
    "1110071": {
        "name": "",
        "clearRewardId": 1
    },
    "1110072": {
        "name": "",
        "clearRewardId": 1
    },
    "1110073": {
        "name": "",
        "clearRewardId": 1
    },
    "1210031": {
        "name": "",
        "clearRewardId": 1
    },
    "1210032": {
        "name": "",
        "clearRewardId": 1
    },
    "1210033": {
        "name": "",
        "clearRewardId": 1
    },
    "1210041": {
        "name": "",
        "clearRewardId": 1
    },
    "1210042": {
        "name": "",
        "clearRewardId": 1
    },
    "1210043": {
        "name": "",
        "clearRewardId": 1
    },
    "1310031": {
        "name": "",
        "clearRewardId": 1
    },
    "1310032": {
        "name": "",
        "clearRewardId": 1
    },
    "1310033": {
        "name": "",
        "clearRewardId": 1
    },
    "1310051": {
        "name": "",
        "clearRewardId": 1
    },
    "1310052": {
        "name": "",
        "clearRewardId": 1
    },
    "1310053": {
        "name": "",
        "clearRewardId": 1
    },
    "1410031": {
        "name": "",
        "clearRewardId": 1
    },
    "1410032": {
        "name": "",
        "clearRewardId": 1
    },
    "1410033": {
        "name": "",
        "clearRewardId": 1
    },
    "1510031": {
        "name": "",
        "clearRewardId": 1
    },
    "1510032": {
        "name": "",
        "clearRewardId": 1
    },
    "1510033": {
        "name": "",
        "clearRewardId": 1
    },
    "1510041": {
        "name": "",
        "clearRewardId": 1
    },
    "1510042": {
        "name": "",
        "clearRewardId": 1
    },
    "1510043": {
        "name": "",
        "clearRewardId": 1
    },
    "1610041": {
        "name": "",
        "clearRewardId": 1
    },
    "1610042": {
        "name": "",
        "clearRewardId": 1
    },
    "1610043": {
        "name": "",
        "clearRewardId": 1
    },
    "2110061": {
        "name": "",
        "clearRewardId": 1
    },
    "2110062": {
        "name": "",
        "clearRewardId": 1
    },
    "2110063": {
        "name": "",
        "clearRewardId": 1
    },
    "2110071": {
        "name": "",
        "clearRewardId": 1
    },
    "2110072": {
        "name": "",
        "clearRewardId": 1
    },
    "2110073": {
        "name": "",
        "clearRewardId": 1
    },
    "2310071": {
        "name": "",
        "clearRewardId": 1
    },
    "2310072": {
        "name": "",
        "clearRewardId": 1
    },
    "2310073": {
        "name": "",
        "clearRewardId": 1
    },
    "2310081": {
        "name": "",
        "clearRewardId": 1
    },
    "2310082": {
        "name": "",
        "clearRewardId": 1
    },
    "2310083": {
        "name": "",
        "clearRewardId": 1
    },
    "2410061": {
        "name": "",
        "clearRewardId": 1
    },
    "2410062": {
        "name": "",
        "clearRewardId": 1
    },
    "2410063": {
        "name": "",
        "clearRewardId": 1
    },
    "2410081": {
        "name": "",
        "clearRewardId": 1
    },
    "2410082": {
        "name": "",
        "clearRewardId": 1
    },
    "2410083": {
        "name": "",
        "clearRewardId": 1
    },
    "2510081": {
        "name": "",
        "clearRewardId": 1
    },
    "2510082": {
        "name": "",
        "clearRewardId": 1
    },
    "2510083": {
        "name": "",
        "clearRewardId": 1
    },
    "2610061": {
        "name": "",
        "clearRewardId": 1
    },
    "2610062": {
        "name": "",
        "clearRewardId": 1
    },
    "2610063": {
        "name": "",
        "clearRewardId": 1
    },
    "2630011": {
        "name": "",
        "clearRewardId": 1
    },
    "2630012": {
        "name": "",
        "clearRewardId": 1
    },
    "2630013": {
        "name": "",
        "clearRewardId": 1
    },
    "3230011": {
        "name": "",
        "clearRewardId": 1
    },
    "3230012": {
        "name": "",
        "clearRewardId": 1
    },
    "3310121": {
        "name": "",
        "clearRewardId": 1
    },
    "3310122": {
        "name": "",
        "clearRewardId": 1
    },
    "3330011": {
        "name": "",
        "clearRewardId": 1
    },
    "3330012": {
        "name": "",
        "clearRewardId": 1
    },
    "3410101": {
        "name": "",
        "clearRewardId": 1
    },
    "3410102": {
        "name": "",
        "clearRewardId": 1
    },
    "3510081": {
        "name": "",
        "clearRewardId": 1
    },
    "3510082": {
        "name": "",
        "clearRewardId": 1
    },
    "9000446": {
        "name": "",
        "clearRewardId": 1
    },
    "9000447": {
        "name": "",
        "clearRewardId": 1
    },
    "9000448": {
        "name": "",
        "clearRewardId": 1
    },
    "9000449": {
        "name": "",
        "clearRewardId": 1
    },
    "9000450": {
        "name": "",
        "clearRewardId": 1
    },
    "9000451": {
        "name": "",
        "clearRewardId": 1
    },
    "9000511": {
        "name": "",
        "clearRewardId": 1
    },
    "9000512": {
        "name": "",
        "clearRewardId": 1
    },
    "11100101": {
        "name": "",
        "clearRewardId": 1
    },
    "11100102": {
        "name": "",
        "clearRewardId": 1
    },
    "11100103": {
        "name": "",
        "clearRewardId": 1
    },
    "11100201": {
        "name": "",
        "clearRewardId": 1
    },
    "11100202": {
        "name": "",
        "clearRewardId": 1
    },
    "11100203": {
        "name": "",
        "clearRewardId": 1
    },
    "11100301": {
        "name": "",
        "clearRewardId": 1
    },
    "11100302": {
        "name": "",
        "clearRewardId": 1
    },
    "11100303": {
        "name": "",
        "clearRewardId": 1
    },
    "11100601": {
        "name": "",
        "clearRewardId": 1
    },
    "11100602": {
        "name": "",
        "clearRewardId": 1
    },
    "11100603": {
        "name": "",
        "clearRewardId": 1
    },
    "11100901": {
        "name": "",
        "clearRewardId": 1
    },
    "11100902": {
        "name": "",
        "clearRewardId": 1
    },
    "11100903": {
        "name": "",
        "clearRewardId": 1
    },
    "11101501": {
        "name": "",
        "clearRewardId": 1
    },
    "11101502": {
        "name": "",
        "clearRewardId": 1
    },
    "11101503": {
        "name": "",
        "clearRewardId": 1
    },
    "11102101": {
        "name": "",
        "clearRewardId": 1
    },
    "11102102": {
        "name": "",
        "clearRewardId": 1
    },
    "11102103": {
        "name": "",
        "clearRewardId": 1
    },
    "11102701": {
        "name": "",
        "clearRewardId": 1
    },
    "11102702": {
        "name": "",
        "clearRewardId": 1
    },
    "11102703": {
        "name": "",
        "clearRewardId": 1
    },
    "11103301": {
        "name": "",
        "clearRewardId": 1
    },
    "11103302": {
        "name": "",
        "clearRewardId": 1
    },
    "11103303": {
        "name": "",
        "clearRewardId": 1
    },
    "11103901": {
        "name": "",
        "clearRewardId": 1
    },
    "11103902": {
        "name": "",
        "clearRewardId": 1
    },
    "11103903": {
        "name": "",
        "clearRewardId": 1
    },
    "11104501": {
        "name": "",
        "clearRewardId": 1
    },
    "11104502": {
        "name": "",
        "clearRewardId": 1
    },
    "11104503": {
        "name": "",
        "clearRewardId": 1
    },
    "11105101": {
        "name": "",
        "clearRewardId": 1
    },
    "11105102": {
        "name": "",
        "clearRewardId": 1
    },
    "11105103": {
        "name": "",
        "clearRewardId": 1
    },
    "11105701": {
        "name": "",
        "clearRewardId": 1
    },
    "11105702": {
        "name": "",
        "clearRewardId": 1
    },
    "11105703": {
        "name": "",
        "clearRewardId": 1
    },
    "11106301": {
        "name": "",
        "clearRewardId": 1
    },
    "11106302": {
        "name": "",
        "clearRewardId": 1
    },
    "11106303": {
        "name": "",
        "clearRewardId": 1
    },
    "11108101": {
        "name": "",
        "clearRewardId": 1
    },
    "11108102": {
        "name": "",
        "clearRewardId": 1
    },
    "11108103": {
        "name": "",
        "clearRewardId": 1
    },
    "11108701": {
        "name": "",
        "clearRewardId": 1
    },
    "11108702": {
        "name": "",
        "clearRewardId": 1
    },
    "11108703": {
        "name": "",
        "clearRewardId": 1
    },
    "11109301": {
        "name": "",
        "clearRewardId": 1
    },
    "11109302": {
        "name": "",
        "clearRewardId": 1
    },
    "11109303": {
        "name": "",
        "clearRewardId": 1
    },
    "11109901": {
        "name": "",
        "clearRewardId": 1
    },
    "11109902": {
        "name": "",
        "clearRewardId": 1
    },
    "11109903": {
        "name": "",
        "clearRewardId": 1
    },
    "11110501": {
        "name": "",
        "clearRewardId": 1
    },
    "11110502": {
        "name": "",
        "clearRewardId": 1
    },
    "11110503": {
        "name": "",
        "clearRewardId": 1
    },
    "11111101": {
        "name": "",
        "clearRewardId": 1
    },
    "11111102": {
        "name": "",
        "clearRewardId": 1
    },
    "11111103": {
        "name": "",
        "clearRewardId": 1
    },
    "11112301": {
        "name": "",
        "clearRewardId": 1
    },
    "11112302": {
        "name": "",
        "clearRewardId": 1
    },
    "11112303": {
        "name": "",
        "clearRewardId": 1
    },
    "11112901": {
        "name": "",
        "clearRewardId": 1
    },
    "11112902": {
        "name": "",
        "clearRewardId": 1
    },
    "11112903": {
        "name": "",
        "clearRewardId": 1
    },
    "11113501": {
        "name": "",
        "clearRewardId": 1
    },
    "11113502": {
        "name": "",
        "clearRewardId": 1
    },
    "11113503": {
        "name": "",
        "clearRewardId": 1
    },
    "11114101": {
        "name": "",
        "clearRewardId": 1
    },
    "11114102": {
        "name": "",
        "clearRewardId": 1
    },
    "11114103": {
        "name": "",
        "clearRewardId": 1
    },
    "11114701": {
        "name": "",
        "clearRewardId": 1
    },
    "11114702": {
        "name": "",
        "clearRewardId": 1
    },
    "11114703": {
        "name": "",
        "clearRewardId": 1
    },
    "11115301": {
        "name": "",
        "clearRewardId": 1
    },
    "11115302": {
        "name": "",
        "clearRewardId": 1
    },
    "11115303": {
        "name": "",
        "clearRewardId": 1
    },
    "11115901": {
        "name": "",
        "clearRewardId": 1
    },
    "11115902": {
        "name": "",
        "clearRewardId": 1
    },
    "11115903": {
        "name": "",
        "clearRewardId": 1
    },
    "11116501": {
        "name": "",
        "clearRewardId": 1
    },
    "11116502": {
        "name": "",
        "clearRewardId": 1
    },
    "11116503": {
        "name": "",
        "clearRewardId": 1
    },
    "11300101": {
        "name": "",
        "clearRewardId": 1
    },
    "11300102": {
        "name": "",
        "clearRewardId": 1
    },
    "11300103": {
        "name": "",
        "clearRewardId": 1
    },
    "12100101": {
        "name": "",
        "clearRewardId": 1
    },
    "12100102": {
        "name": "",
        "clearRewardId": 1
    },
    "12100103": {
        "name": "",
        "clearRewardId": 1
    },
    "12100201": {
        "name": "",
        "clearRewardId": 1
    },
    "12100202": {
        "name": "",
        "clearRewardId": 1
    },
    "12100203": {
        "name": "",
        "clearRewardId": 1
    },
    "12100501": {
        "name": "",
        "clearRewardId": 1
    },
    "12100502": {
        "name": "",
        "clearRewardId": 1
    },
    "12100503": {
        "name": "",
        "clearRewardId": 1
    },
    "12100601": {
        "name": "",
        "clearRewardId": 1
    },
    "12100602": {
        "name": "",
        "clearRewardId": 1
    },
    "12100603": {
        "name": "",
        "clearRewardId": 1
    },
    "12100701": {
        "name": "",
        "clearRewardId": 1
    },
    "12100702": {
        "name": "",
        "clearRewardId": 1
    },
    "12100703": {
        "name": "",
        "clearRewardId": 1
    },
    "12100801": {
        "name": "",
        "clearRewardId": 1
    },
    "12100802": {
        "name": "",
        "clearRewardId": 1
    },
    "12100803": {
        "name": "",
        "clearRewardId": 1
    },
    "12100901": {
        "name": "",
        "clearRewardId": 1
    },
    "12100902": {
        "name": "",
        "clearRewardId": 1
    },
    "12100903": {
        "name": "",
        "clearRewardId": 1
    },
    "12101501": {
        "name": "",
        "clearRewardId": 1
    },
    "12101502": {
        "name": "",
        "clearRewardId": 1
    },
    "12101503": {
        "name": "",
        "clearRewardId": 1
    },
    "12102101": {
        "name": "",
        "clearRewardId": 1
    },
    "12102102": {
        "name": "",
        "clearRewardId": 1
    },
    "12102103": {
        "name": "",
        "clearRewardId": 1
    },
    "12102701": {
        "name": "",
        "clearRewardId": 1
    },
    "12102702": {
        "name": "",
        "clearRewardId": 1
    },
    "12102703": {
        "name": "",
        "clearRewardId": 1
    },
    "12103301": {
        "name": "",
        "clearRewardId": 1
    },
    "12103302": {
        "name": "",
        "clearRewardId": 1
    },
    "12103303": {
        "name": "",
        "clearRewardId": 1
    },
    "12103901": {
        "name": "",
        "clearRewardId": 1
    },
    "12103902": {
        "name": "",
        "clearRewardId": 1
    },
    "12103903": {
        "name": "",
        "clearRewardId": 1
    },
    "12104501": {
        "name": "",
        "clearRewardId": 1
    },
    "12104502": {
        "name": "",
        "clearRewardId": 1
    },
    "12104503": {
        "name": "",
        "clearRewardId": 1
    },
    "12105101": {
        "name": "",
        "clearRewardId": 1
    },
    "12105102": {
        "name": "",
        "clearRewardId": 1
    },
    "12105103": {
        "name": "",
        "clearRewardId": 1
    },
    "12106901": {
        "name": "",
        "clearRewardId": 1
    },
    "12106902": {
        "name": "",
        "clearRewardId": 1
    },
    "12106903": {
        "name": "",
        "clearRewardId": 1
    },
    "12107001": {
        "name": "",
        "clearRewardId": 1
    },
    "12107002": {
        "name": "",
        "clearRewardId": 1
    },
    "12107003": {
        "name": "",
        "clearRewardId": 1
    },
    "12107501": {
        "name": "",
        "clearRewardId": 1
    },
    "12107502": {
        "name": "",
        "clearRewardId": 1
    },
    "12107503": {
        "name": "",
        "clearRewardId": 1
    },
    "12108101": {
        "name": "",
        "clearRewardId": 1
    },
    "12108102": {
        "name": "",
        "clearRewardId": 1
    },
    "12108103": {
        "name": "",
        "clearRewardId": 1
    },
    "12108701": {
        "name": "",
        "clearRewardId": 1
    },
    "12108702": {
        "name": "",
        "clearRewardId": 1
    },
    "12108703": {
        "name": "",
        "clearRewardId": 1
    },
    "12109301": {
        "name": "",
        "clearRewardId": 1
    },
    "12109302": {
        "name": "",
        "clearRewardId": 1
    },
    "12109303": {
        "name": "",
        "clearRewardId": 1
    },
    "12109901": {
        "name": "",
        "clearRewardId": 1
    },
    "12109902": {
        "name": "",
        "clearRewardId": 1
    },
    "12109903": {
        "name": "",
        "clearRewardId": 1
    },
    "12110501": {
        "name": "",
        "clearRewardId": 1
    },
    "12110502": {
        "name": "",
        "clearRewardId": 1
    },
    "12110503": {
        "name": "",
        "clearRewardId": 1
    },
    "12111101": {
        "name": "",
        "clearRewardId": 1
    },
    "12111102": {
        "name": "",
        "clearRewardId": 1
    },
    "12111103": {
        "name": "",
        "clearRewardId": 1
    },
    "12111701": {
        "name": "",
        "clearRewardId": 1
    },
    "12111702": {
        "name": "",
        "clearRewardId": 1
    },
    "12111703": {
        "name": "",
        "clearRewardId": 1
    },
    "12112901": {
        "name": "",
        "clearRewardId": 1
    },
    "12112902": {
        "name": "",
        "clearRewardId": 1
    },
    "12112903": {
        "name": "",
        "clearRewardId": 1
    },
    "12113501": {
        "name": "",
        "clearRewardId": 1
    },
    "12113502": {
        "name": "",
        "clearRewardId": 1
    },
    "12113503": {
        "name": "",
        "clearRewardId": 1
    },
    "12114101": {
        "name": "",
        "clearRewardId": 1
    },
    "12114102": {
        "name": "",
        "clearRewardId": 1
    },
    "12114103": {
        "name": "",
        "clearRewardId": 1
    },
    "12114701": {
        "name": "",
        "clearRewardId": 1
    },
    "12114702": {
        "name": "",
        "clearRewardId": 1
    },
    "12114703": {
        "name": "",
        "clearRewardId": 1
    },
    "12115301": {
        "name": "",
        "clearRewardId": 1
    },
    "12115302": {
        "name": "",
        "clearRewardId": 1
    },
    "12115303": {
        "name": "",
        "clearRewardId": 1
    },
    "12115901": {
        "name": "",
        "clearRewardId": 1
    },
    "12115902": {
        "name": "",
        "clearRewardId": 1
    },
    "12115903": {
        "name": "",
        "clearRewardId": 1
    },
    "12116501": {
        "name": "",
        "clearRewardId": 1
    },
    "12116502": {
        "name": "",
        "clearRewardId": 1
    },
    "12116503": {
        "name": "",
        "clearRewardId": 1
    },
    "13100101": {
        "name": "",
        "clearRewardId": 1
    },
    "13100102": {
        "name": "",
        "clearRewardId": 1
    },
    "13100103": {
        "name": "",
        "clearRewardId": 1
    },
    "13100201": {
        "name": "",
        "clearRewardId": 1
    },
    "13100202": {
        "name": "",
        "clearRewardId": 1
    },
    "13100203": {
        "name": "",
        "clearRewardId": 1
    },
    "13100401": {
        "name": "",
        "clearRewardId": 1
    },
    "13100402": {
        "name": "",
        "clearRewardId": 1
    },
    "13100403": {
        "name": "",
        "clearRewardId": 1
    },
    "13101101": {
        "name": "",
        "clearRewardId": 1
    },
    "13101102": {
        "name": "",
        "clearRewardId": 1
    },
    "13101103": {
        "name": "",
        "clearRewardId": 1
    },
    "13101201": {
        "name": "",
        "clearRewardId": 1
    },
    "13101202": {
        "name": "",
        "clearRewardId": 1
    },
    "13101203": {
        "name": "",
        "clearRewardId": 1
    },
    "13101301": {
        "name": "",
        "clearRewardId": 1
    },
    "13101302": {
        "name": "",
        "clearRewardId": 1
    },
    "13101303": {
        "name": "",
        "clearRewardId": 1
    },
    "13101401": {
        "name": "",
        "clearRewardId": 1
    },
    "13101402": {
        "name": "",
        "clearRewardId": 1
    },
    "13101403": {
        "name": "",
        "clearRewardId": 1
    },
    "13102001": {
        "name": "",
        "clearRewardId": 1
    },
    "13102002": {
        "name": "",
        "clearRewardId": 1
    },
    "13102003": {
        "name": "",
        "clearRewardId": 1
    },
    "13102601": {
        "name": "",
        "clearRewardId": 1
    },
    "13102602": {
        "name": "",
        "clearRewardId": 1
    },
    "13102603": {
        "name": "",
        "clearRewardId": 1
    },
    "13103201": {
        "name": "",
        "clearRewardId": 1
    },
    "13103202": {
        "name": "",
        "clearRewardId": 1
    },
    "13103203": {
        "name": "",
        "clearRewardId": 1
    },
    "13103801": {
        "name": "",
        "clearRewardId": 1
    },
    "13103802": {
        "name": "",
        "clearRewardId": 1
    },
    "13103803": {
        "name": "",
        "clearRewardId": 1
    },
    "13104401": {
        "name": "",
        "clearRewardId": 1
    },
    "13104402": {
        "name": "",
        "clearRewardId": 1
    },
    "13104403": {
        "name": "",
        "clearRewardId": 1
    },
    "13105001": {
        "name": "",
        "clearRewardId": 1
    },
    "13105002": {
        "name": "",
        "clearRewardId": 1
    },
    "13105003": {
        "name": "",
        "clearRewardId": 1
    },
    "13105601": {
        "name": "",
        "clearRewardId": 1
    },
    "13105602": {
        "name": "",
        "clearRewardId": 1
    },
    "13105603": {
        "name": "",
        "clearRewardId": 1
    },
    "13106201": {
        "name": "",
        "clearRewardId": 1
    },
    "13106202": {
        "name": "",
        "clearRewardId": 1
    },
    "13106203": {
        "name": "",
        "clearRewardId": 1
    },
    "13106801": {
        "name": "",
        "clearRewardId": 1
    },
    "13106802": {
        "name": "",
        "clearRewardId": 1
    },
    "13106803": {
        "name": "",
        "clearRewardId": 1
    },
    "13107401": {
        "name": "",
        "clearRewardId": 1
    },
    "13107402": {
        "name": "",
        "clearRewardId": 1
    },
    "13107403": {
        "name": "",
        "clearRewardId": 1
    },
    "13108001": {
        "name": "",
        "clearRewardId": 1
    },
    "13108002": {
        "name": "",
        "clearRewardId": 1
    },
    "13108003": {
        "name": "",
        "clearRewardId": 1
    },
    "13108601": {
        "name": "",
        "clearRewardId": 1
    },
    "13108602": {
        "name": "",
        "clearRewardId": 1
    },
    "13108603": {
        "name": "",
        "clearRewardId": 1
    },
    "13109201": {
        "name": "",
        "clearRewardId": 1
    },
    "13109202": {
        "name": "",
        "clearRewardId": 1
    },
    "13109203": {
        "name": "",
        "clearRewardId": 1
    },
    "13109801": {
        "name": "",
        "clearRewardId": 1
    },
    "13109802": {
        "name": "",
        "clearRewardId": 1
    },
    "13109803": {
        "name": "",
        "clearRewardId": 1
    },
    "13110401": {
        "name": "",
        "clearRewardId": 1
    },
    "13110402": {
        "name": "",
        "clearRewardId": 1
    },
    "13110403": {
        "name": "",
        "clearRewardId": 1
    },
    "13111001": {
        "name": "",
        "clearRewardId": 1
    },
    "13111002": {
        "name": "",
        "clearRewardId": 1
    },
    "13111003": {
        "name": "",
        "clearRewardId": 1
    },
    "13111601": {
        "name": "",
        "clearRewardId": 1
    },
    "13111602": {
        "name": "",
        "clearRewardId": 1
    },
    "13111603": {
        "name": "",
        "clearRewardId": 1
    },
    "13112201": {
        "name": "",
        "clearRewardId": 1
    },
    "13112202": {
        "name": "",
        "clearRewardId": 1
    },
    "13112203": {
        "name": "",
        "clearRewardId": 1
    },
    "13112801": {
        "name": "",
        "clearRewardId": 1
    },
    "13112802": {
        "name": "",
        "clearRewardId": 1
    },
    "13112803": {
        "name": "",
        "clearRewardId": 1
    },
    "13113401": {
        "name": "",
        "clearRewardId": 1
    },
    "13113402": {
        "name": "",
        "clearRewardId": 1
    },
    "13113403": {
        "name": "",
        "clearRewardId": 1
    },
    "13114001": {
        "name": "",
        "clearRewardId": 1
    },
    "13114002": {
        "name": "",
        "clearRewardId": 1
    },
    "13114003": {
        "name": "",
        "clearRewardId": 1
    },
    "13114601": {
        "name": "",
        "clearRewardId": 1
    },
    "13114602": {
        "name": "",
        "clearRewardId": 1
    },
    "13114603": {
        "name": "",
        "clearRewardId": 1
    },
    "13115201": {
        "name": "",
        "clearRewardId": 1
    },
    "13115202": {
        "name": "",
        "clearRewardId": 1
    },
    "13115203": {
        "name": "",
        "clearRewardId": 1
    },
    "13115801": {
        "name": "",
        "clearRewardId": 1
    },
    "13115802": {
        "name": "",
        "clearRewardId": 1
    },
    "13115803": {
        "name": "",
        "clearRewardId": 1
    },
    "14100101": {
        "name": "",
        "clearRewardId": 1
    },
    "14100102": {
        "name": "",
        "clearRewardId": 1
    },
    "14100103": {
        "name": "",
        "clearRewardId": 1
    },
    "14100201": {
        "name": "",
        "clearRewardId": 1
    },
    "14100202": {
        "name": "",
        "clearRewardId": 1
    },
    "14100203": {
        "name": "",
        "clearRewardId": 1
    },
    "14100301": {
        "name": "",
        "clearRewardId": 1
    },
    "14100302": {
        "name": "",
        "clearRewardId": 1
    },
    "14100303": {
        "name": "",
        "clearRewardId": 1
    },
    "14100501": {
        "name": "",
        "clearRewardId": 1
    },
    "14100502": {
        "name": "",
        "clearRewardId": 1
    },
    "14100503": {
        "name": "",
        "clearRewardId": 1
    },
    "14100601": {
        "name": "",
        "clearRewardId": 1
    },
    "14100602": {
        "name": "",
        "clearRewardId": 1
    },
    "14100603": {
        "name": "",
        "clearRewardId": 1
    },
    "14100701": {
        "name": "",
        "clearRewardId": 1
    },
    "14100702": {
        "name": "",
        "clearRewardId": 1
    },
    "14100703": {
        "name": "",
        "clearRewardId": 1
    },
    "14100801": {
        "name": "",
        "clearRewardId": 1
    },
    "14100802": {
        "name": "",
        "clearRewardId": 1
    },
    "14100803": {
        "name": "",
        "clearRewardId": 1
    },
    "14100901": {
        "name": "",
        "clearRewardId": 1
    },
    "14100902": {
        "name": "",
        "clearRewardId": 1
    },
    "14100903": {
        "name": "",
        "clearRewardId": 1
    },
    "14101501": {
        "name": "",
        "clearRewardId": 1
    },
    "14101502": {
        "name": "",
        "clearRewardId": 1
    },
    "14101503": {
        "name": "",
        "clearRewardId": 1
    },
    "14102101": {
        "name": "",
        "clearRewardId": 1
    },
    "14102102": {
        "name": "",
        "clearRewardId": 1
    },
    "14102103": {
        "name": "",
        "clearRewardId": 1
    },
    "14102701": {
        "name": "",
        "clearRewardId": 1
    },
    "14102702": {
        "name": "",
        "clearRewardId": 1
    },
    "14102703": {
        "name": "",
        "clearRewardId": 1
    },
    "14103301": {
        "name": "",
        "clearRewardId": 1
    },
    "14103302": {
        "name": "",
        "clearRewardId": 1
    },
    "14103303": {
        "name": "",
        "clearRewardId": 1
    },
    "14103901": {
        "name": "",
        "clearRewardId": 1
    },
    "14103902": {
        "name": "",
        "clearRewardId": 1
    },
    "14103903": {
        "name": "",
        "clearRewardId": 1
    },
    "14104501": {
        "name": "",
        "clearRewardId": 1
    },
    "14104502": {
        "name": "",
        "clearRewardId": 1
    },
    "14104503": {
        "name": "",
        "clearRewardId": 1
    },
    "14105101": {
        "name": "",
        "clearRewardId": 1
    },
    "14105102": {
        "name": "",
        "clearRewardId": 1
    },
    "14105103": {
        "name": "",
        "clearRewardId": 1
    },
    "14105701": {
        "name": "",
        "clearRewardId": 1
    },
    "14105702": {
        "name": "",
        "clearRewardId": 1
    },
    "14105703": {
        "name": "",
        "clearRewardId": 1
    },
    "14106301": {
        "name": "",
        "clearRewardId": 1
    },
    "14106302": {
        "name": "",
        "clearRewardId": 1
    },
    "14106303": {
        "name": "",
        "clearRewardId": 1
    },
    "14106901": {
        "name": "",
        "clearRewardId": 1
    },
    "14106902": {
        "name": "",
        "clearRewardId": 1
    },
    "14106903": {
        "name": "",
        "clearRewardId": 1
    },
    "14108101": {
        "name": "",
        "clearRewardId": 1
    },
    "14108102": {
        "name": "",
        "clearRewardId": 1
    },
    "14108103": {
        "name": "",
        "clearRewardId": 1
    },
    "14108701": {
        "name": "",
        "clearRewardId": 1
    },
    "14108702": {
        "name": "",
        "clearRewardId": 1
    },
    "14108703": {
        "name": "",
        "clearRewardId": 1
    },
    "14109301": {
        "name": "",
        "clearRewardId": 1
    },
    "14109302": {
        "name": "",
        "clearRewardId": 1
    },
    "14109303": {
        "name": "",
        "clearRewardId": 1
    },
    "14109901": {
        "name": "",
        "clearRewardId": 1
    },
    "14109902": {
        "name": "",
        "clearRewardId": 1
    },
    "14109903": {
        "name": "",
        "clearRewardId": 1
    },
    "14110501": {
        "name": "",
        "clearRewardId": 1
    },
    "14110502": {
        "name": "",
        "clearRewardId": 1
    },
    "14110503": {
        "name": "",
        "clearRewardId": 1
    },
    "14111101": {
        "name": "",
        "clearRewardId": 1
    },
    "14111102": {
        "name": "",
        "clearRewardId": 1
    },
    "14111103": {
        "name": "",
        "clearRewardId": 1
    },
    "14111701": {
        "name": "",
        "clearRewardId": 1
    },
    "14111702": {
        "name": "",
        "clearRewardId": 1
    },
    "14111703": {
        "name": "",
        "clearRewardId": 1
    },
    "14112301": {
        "name": "",
        "clearRewardId": 1
    },
    "14112302": {
        "name": "",
        "clearRewardId": 1
    },
    "14112303": {
        "name": "",
        "clearRewardId": 1
    },
    "14113501": {
        "name": "",
        "clearRewardId": 1
    },
    "14113502": {
        "name": "",
        "clearRewardId": 1
    },
    "14113503": {
        "name": "",
        "clearRewardId": 1
    },
    "14114101": {
        "name": "",
        "clearRewardId": 1
    },
    "14114102": {
        "name": "",
        "clearRewardId": 1
    },
    "14114103": {
        "name": "",
        "clearRewardId": 1
    },
    "14114701": {
        "name": "",
        "clearRewardId": 1
    },
    "14114702": {
        "name": "",
        "clearRewardId": 1
    },
    "14114703": {
        "name": "",
        "clearRewardId": 1
    },
    "14115301": {
        "name": "",
        "clearRewardId": 1
    },
    "14115302": {
        "name": "",
        "clearRewardId": 1
    },
    "14115303": {
        "name": "",
        "clearRewardId": 1
    },
    "14115901": {
        "name": "",
        "clearRewardId": 1
    },
    "14115902": {
        "name": "",
        "clearRewardId": 1
    },
    "14115903": {
        "name": "",
        "clearRewardId": 1
    },
    "14116501": {
        "name": "",
        "clearRewardId": 1
    },
    "14116502": {
        "name": "",
        "clearRewardId": 1
    },
    "14116503": {
        "name": "",
        "clearRewardId": 1
    },
    "14117101": {
        "name": "",
        "clearRewardId": 1
    },
    "14117102": {
        "name": "",
        "clearRewardId": 1
    },
    "14117103": {
        "name": "",
        "clearRewardId": 1
    },
    "15100101": {
        "name": "",
        "clearRewardId": 1
    },
    "15100102": {
        "name": "",
        "clearRewardId": 1
    },
    "15100103": {
        "name": "",
        "clearRewardId": 1
    },
    "15100201": {
        "name": "",
        "clearRewardId": 1
    },
    "15100202": {
        "name": "",
        "clearRewardId": 1
    },
    "15100203": {
        "name": "",
        "clearRewardId": 1
    },
    "15100501": {
        "name": "",
        "clearRewardId": 1
    },
    "15100502": {
        "name": "",
        "clearRewardId": 1
    },
    "15100503": {
        "name": "",
        "clearRewardId": 1
    },
    "15100601": {
        "name": "",
        "clearRewardId": 1
    },
    "15100602": {
        "name": "",
        "clearRewardId": 1
    },
    "15100603": {
        "name": "",
        "clearRewardId": 1
    },
    "15100701": {
        "name": "",
        "clearRewardId": 1
    },
    "15100702": {
        "name": "",
        "clearRewardId": 1
    },
    "15100703": {
        "name": "",
        "clearRewardId": 1
    },
    "15100901": {
        "name": "",
        "clearRewardId": 1
    },
    "15100902": {
        "name": "",
        "clearRewardId": 1
    },
    "15100903": {
        "name": "",
        "clearRewardId": 1
    },
    "15101101": {
        "name": "",
        "clearRewardId": 1
    },
    "15101102": {
        "name": "",
        "clearRewardId": 1
    },
    "15101103": {
        "name": "",
        "clearRewardId": 1
    },
    "15101201": {
        "name": "",
        "clearRewardId": 1
    },
    "15101202": {
        "name": "",
        "clearRewardId": 1
    },
    "15101203": {
        "name": "",
        "clearRewardId": 1
    },
    "15101301": {
        "name": "",
        "clearRewardId": 1
    },
    "15101302": {
        "name": "",
        "clearRewardId": 1
    },
    "15101303": {
        "name": "",
        "clearRewardId": 1
    },
    "15101401": {
        "name": "",
        "clearRewardId": 1
    },
    "15101402": {
        "name": "",
        "clearRewardId": 1
    },
    "15101403": {
        "name": "",
        "clearRewardId": 1
    },
    "15101501": {
        "name": "",
        "clearRewardId": 1
    },
    "15101502": {
        "name": "",
        "clearRewardId": 1
    },
    "15101503": {
        "name": "",
        "clearRewardId": 1
    },
    "15102101": {
        "name": "",
        "clearRewardId": 1
    },
    "15102102": {
        "name": "",
        "clearRewardId": 1
    },
    "15102103": {
        "name": "",
        "clearRewardId": 1
    },
    "15102701": {
        "name": "",
        "clearRewardId": 1
    },
    "15102702": {
        "name": "",
        "clearRewardId": 1
    },
    "15102703": {
        "name": "",
        "clearRewardId": 1
    },
    "15103301": {
        "name": "",
        "clearRewardId": 1
    },
    "15103302": {
        "name": "",
        "clearRewardId": 1
    },
    "15103303": {
        "name": "",
        "clearRewardId": 1
    },
    "15103901": {
        "name": "",
        "clearRewardId": 1
    },
    "15103902": {
        "name": "",
        "clearRewardId": 1
    },
    "15103903": {
        "name": "",
        "clearRewardId": 1
    },
    "15104501": {
        "name": "",
        "clearRewardId": 1
    },
    "15104502": {
        "name": "",
        "clearRewardId": 1
    },
    "15104503": {
        "name": "",
        "clearRewardId": 1
    },
    "15105101": {
        "name": "",
        "clearRewardId": 1
    },
    "15105102": {
        "name": "",
        "clearRewardId": 1
    },
    "15105103": {
        "name": "",
        "clearRewardId": 1
    },
    "15106301": {
        "name": "",
        "clearRewardId": 1
    },
    "15106302": {
        "name": "",
        "clearRewardId": 1
    },
    "15106303": {
        "name": "",
        "clearRewardId": 1
    },
    "15106901": {
        "name": "",
        "clearRewardId": 1
    },
    "15106902": {
        "name": "",
        "clearRewardId": 1
    },
    "15106903": {
        "name": "",
        "clearRewardId": 1
    },
    "15107501": {
        "name": "",
        "clearRewardId": 1
    },
    "15107502": {
        "name": "",
        "clearRewardId": 1
    },
    "15107503": {
        "name": "",
        "clearRewardId": 1
    },
    "15108101": {
        "name": "",
        "clearRewardId": 1
    },
    "15108102": {
        "name": "",
        "clearRewardId": 1
    },
    "15108103": {
        "name": "",
        "clearRewardId": 1
    },
    "15108701": {
        "name": "",
        "clearRewardId": 1
    },
    "15108702": {
        "name": "",
        "clearRewardId": 1
    },
    "15108703": {
        "name": "",
        "clearRewardId": 1
    },
    "15109301": {
        "name": "",
        "clearRewardId": 1
    },
    "15109302": {
        "name": "",
        "clearRewardId": 1
    },
    "15109303": {
        "name": "",
        "clearRewardId": 1
    },
    "15109901": {
        "name": "",
        "clearRewardId": 1
    },
    "15109902": {
        "name": "",
        "clearRewardId": 1
    },
    "15109903": {
        "name": "",
        "clearRewardId": 1
    },
    "15110501": {
        "name": "",
        "clearRewardId": 1
    },
    "15110502": {
        "name": "",
        "clearRewardId": 1
    },
    "15110503": {
        "name": "",
        "clearRewardId": 1
    },
    "15111701": {
        "name": "",
        "clearRewardId": 1
    },
    "15111702": {
        "name": "",
        "clearRewardId": 1
    },
    "15111703": {
        "name": "",
        "clearRewardId": 1
    },
    "15112301": {
        "name": "",
        "clearRewardId": 1
    },
    "15112302": {
        "name": "",
        "clearRewardId": 1
    },
    "15112303": {
        "name": "",
        "clearRewardId": 1
    },
    "15112901": {
        "name": "",
        "clearRewardId": 1
    },
    "15112902": {
        "name": "",
        "clearRewardId": 1
    },
    "15112903": {
        "name": "",
        "clearRewardId": 1
    },
    "15114101": {
        "name": "",
        "clearRewardId": 1
    },
    "15114102": {
        "name": "",
        "clearRewardId": 1
    },
    "15114103": {
        "name": "",
        "clearRewardId": 1
    },
    "15114701": {
        "name": "",
        "clearRewardId": 1
    },
    "15114702": {
        "name": "",
        "clearRewardId": 1
    },
    "15114703": {
        "name": "",
        "clearRewardId": 1
    },
    "15115301": {
        "name": "",
        "clearRewardId": 1
    },
    "15115302": {
        "name": "",
        "clearRewardId": 1
    },
    "15115303": {
        "name": "",
        "clearRewardId": 1
    },
    "15115901": {
        "name": "",
        "clearRewardId": 1
    },
    "15115902": {
        "name": "",
        "clearRewardId": 1
    },
    "15115903": {
        "name": "",
        "clearRewardId": 1
    },
    "15116501": {
        "name": "",
        "clearRewardId": 1
    },
    "15116502": {
        "name": "",
        "clearRewardId": 1
    },
    "15116503": {
        "name": "",
        "clearRewardId": 1
    },
    "15117101": {
        "name": "",
        "clearRewardId": 1
    },
    "15117102": {
        "name": "",
        "clearRewardId": 1
    },
    "15117103": {
        "name": "",
        "clearRewardId": 1
    },
    "15300101": {
        "name": "",
        "clearRewardId": 1
    },
    "15300102": {
        "name": "",
        "clearRewardId": 1
    },
    "15300103": {
        "name": "",
        "clearRewardId": 1
    },
    "16100101": {
        "name": "",
        "clearRewardId": 1
    },
    "16100102": {
        "name": "",
        "clearRewardId": 1
    },
    "16100103": {
        "name": "",
        "clearRewardId": 1
    },
    "16100201": {
        "name": "",
        "clearRewardId": 1
    },
    "16100202": {
        "name": "",
        "clearRewardId": 1
    },
    "16100203": {
        "name": "",
        "clearRewardId": 1
    },
    "16100501": {
        "name": "",
        "clearRewardId": 1
    },
    "16100502": {
        "name": "",
        "clearRewardId": 1
    },
    "16100503": {
        "name": "",
        "clearRewardId": 1
    },
    "16100601": {
        "name": "",
        "clearRewardId": 1
    },
    "16100602": {
        "name": "",
        "clearRewardId": 1
    },
    "16100603": {
        "name": "",
        "clearRewardId": 1
    },
    "16100701": {
        "name": "",
        "clearRewardId": 1
    },
    "16100702": {
        "name": "",
        "clearRewardId": 1
    },
    "16100703": {
        "name": "",
        "clearRewardId": 1
    },
    "16100801": {
        "name": "",
        "clearRewardId": 1
    },
    "16100802": {
        "name": "",
        "clearRewardId": 1
    },
    "16100803": {
        "name": "",
        "clearRewardId": 1
    },
    "16100901": {
        "name": "",
        "clearRewardId": 1
    },
    "16100902": {
        "name": "",
        "clearRewardId": 1
    },
    "16100903": {
        "name": "",
        "clearRewardId": 1
    },
    "16101501": {
        "name": "",
        "clearRewardId": 1
    },
    "16101502": {
        "name": "",
        "clearRewardId": 1
    },
    "16101503": {
        "name": "",
        "clearRewardId": 1
    },
    "16102101": {
        "name": "",
        "clearRewardId": 1
    },
    "16102102": {
        "name": "",
        "clearRewardId": 1
    },
    "16102103": {
        "name": "",
        "clearRewardId": 1
    },
    "16102701": {
        "name": "",
        "clearRewardId": 1
    },
    "16102702": {
        "name": "",
        "clearRewardId": 1
    },
    "16102703": {
        "name": "",
        "clearRewardId": 1
    },
    "16103301": {
        "name": "",
        "clearRewardId": 1
    },
    "16103302": {
        "name": "",
        "clearRewardId": 1
    },
    "16103303": {
        "name": "",
        "clearRewardId": 1
    },
    "16103901": {
        "name": "",
        "clearRewardId": 1
    },
    "16103902": {
        "name": "",
        "clearRewardId": 1
    },
    "16103903": {
        "name": "",
        "clearRewardId": 1
    },
    "16104501": {
        "name": "",
        "clearRewardId": 1
    },
    "16104502": {
        "name": "",
        "clearRewardId": 1
    },
    "16104503": {
        "name": "",
        "clearRewardId": 1
    },
    "16105101": {
        "name": "",
        "clearRewardId": 1
    },
    "16105102": {
        "name": "",
        "clearRewardId": 1
    },
    "16105103": {
        "name": "",
        "clearRewardId": 1
    },
    "16105701": {
        "name": "",
        "clearRewardId": 1
    },
    "16105702": {
        "name": "",
        "clearRewardId": 1
    },
    "16105703": {
        "name": "",
        "clearRewardId": 1
    },
    "16106301": {
        "name": "",
        "clearRewardId": 1
    },
    "16106302": {
        "name": "",
        "clearRewardId": 1
    },
    "16106303": {
        "name": "",
        "clearRewardId": 1
    },
    "16106901": {
        "name": "",
        "clearRewardId": 1
    },
    "16106902": {
        "name": "",
        "clearRewardId": 1
    },
    "16106903": {
        "name": "",
        "clearRewardId": 1
    },
    "16108101": {
        "name": "",
        "clearRewardId": 1
    },
    "16108102": {
        "name": "",
        "clearRewardId": 1
    },
    "16108103": {
        "name": "",
        "clearRewardId": 1
    },
    "16108201": {
        "name": "",
        "clearRewardId": 1
    },
    "16108202": {
        "name": "",
        "clearRewardId": 1
    },
    "16108203": {
        "name": "",
        "clearRewardId": 1
    },
    "16108701": {
        "name": "",
        "clearRewardId": 1
    },
    "16108702": {
        "name": "",
        "clearRewardId": 1
    },
    "16108703": {
        "name": "",
        "clearRewardId": 1
    },
    "16109301": {
        "name": "",
        "clearRewardId": 1
    },
    "16109302": {
        "name": "",
        "clearRewardId": 1
    },
    "16109303": {
        "name": "",
        "clearRewardId": 1
    },
    "16109901": {
        "name": "",
        "clearRewardId": 1
    },
    "16109902": {
        "name": "",
        "clearRewardId": 1
    },
    "16109903": {
        "name": "",
        "clearRewardId": 1
    },
    "16110501": {
        "name": "",
        "clearRewardId": 1
    },
    "16110502": {
        "name": "",
        "clearRewardId": 1
    },
    "16110503": {
        "name": "",
        "clearRewardId": 1
    },
    "16111101": {
        "name": "",
        "clearRewardId": 1
    },
    "16111102": {
        "name": "",
        "clearRewardId": 1
    },
    "16111103": {
        "name": "",
        "clearRewardId": 1
    },
    "16111701": {
        "name": "",
        "clearRewardId": 1
    },
    "16111702": {
        "name": "",
        "clearRewardId": 1
    },
    "16111703": {
        "name": "",
        "clearRewardId": 1
    },
    "16112301": {
        "name": "",
        "clearRewardId": 1
    },
    "16112302": {
        "name": "",
        "clearRewardId": 1
    },
    "16112303": {
        "name": "",
        "clearRewardId": 1
    },
    "16112901": {
        "name": "",
        "clearRewardId": 1
    },
    "16112902": {
        "name": "",
        "clearRewardId": 1
    },
    "16112903": {
        "name": "",
        "clearRewardId": 1
    },
    "16113501": {
        "name": "",
        "clearRewardId": 1
    },
    "16113502": {
        "name": "",
        "clearRewardId": 1
    },
    "16113503": {
        "name": "",
        "clearRewardId": 1
    },
    "16114701": {
        "name": "",
        "clearRewardId": 1
    },
    "16114702": {
        "name": "",
        "clearRewardId": 1
    },
    "16114703": {
        "name": "",
        "clearRewardId": 1
    },
    "16115301": {
        "name": "",
        "clearRewardId": 1
    },
    "16115302": {
        "name": "",
        "clearRewardId": 1
    },
    "16115303": {
        "name": "",
        "clearRewardId": 1
    },
    "16115901": {
        "name": "",
        "clearRewardId": 1
    },
    "16115902": {
        "name": "",
        "clearRewardId": 1
    },
    "16115903": {
        "name": "",
        "clearRewardId": 1
    },
    "16116501": {
        "name": "",
        "clearRewardId": 1
    },
    "16116502": {
        "name": "",
        "clearRewardId": 1
    },
    "16116503": {
        "name": "",
        "clearRewardId": 1
    },
    "16117101": {
        "name": "",
        "clearRewardId": 1
    },
    "16117102": {
        "name": "",
        "clearRewardId": 1
    },
    "16117103": {
        "name": "",
        "clearRewardId": 1
    },
    "16117701": {
        "name": "",
        "clearRewardId": 1
    },
    "16117702": {
        "name": "",
        "clearRewardId": 1
    },
    "16117703": {
        "name": "",
        "clearRewardId": 1
    },
    "16118301": {
        "name": "",
        "clearRewardId": 1
    },
    "16118302": {
        "name": "",
        "clearRewardId": 1
    },
    "16118303": {
        "name": "",
        "clearRewardId": 1
    },
    "16118901": {
        "name": "",
        "clearRewardId": 1
    },
    "16118902": {
        "name": "",
        "clearRewardId": 1
    },
    "16118903": {
        "name": "",
        "clearRewardId": 1
    },
    "16300101": {
        "name": "",
        "clearRewardId": 1
    },
    "16300102": {
        "name": "",
        "clearRewardId": 1
    },
    "16300103": {
        "name": "",
        "clearRewardId": 1
    },
    "21100101": {
        "name": "",
        "clearRewardId": 1
    },
    "21100102": {
        "name": "",
        "clearRewardId": 1
    },
    "21100103": {
        "name": "",
        "clearRewardId": 1
    },
    "21100201": {
        "name": "",
        "clearRewardId": 1
    },
    "21100202": {
        "name": "",
        "clearRewardId": 1
    },
    "21100203": {
        "name": "",
        "clearRewardId": 1
    },
    "21100301": {
        "name": "",
        "clearRewardId": 1
    },
    "21100302": {
        "name": "",
        "clearRewardId": 1
    },
    "21100303": {
        "name": "",
        "clearRewardId": 1
    },
    "21100401": {
        "name": "",
        "clearRewardId": 1
    },
    "21100402": {
        "name": "",
        "clearRewardId": 1
    },
    "21100403": {
        "name": "",
        "clearRewardId": 1
    },
    "21100501": {
        "name": "",
        "clearRewardId": 1
    },
    "21100502": {
        "name": "",
        "clearRewardId": 1
    },
    "21100503": {
        "name": "",
        "clearRewardId": 1
    },
    "21100801": {
        "name": "",
        "clearRewardId": 1
    },
    "21100802": {
        "name": "",
        "clearRewardId": 1
    },
    "21100803": {
        "name": "",
        "clearRewardId": 1
    },
    "21100901": {
        "name": "",
        "clearRewardId": 1
    },
    "21100902": {
        "name": "",
        "clearRewardId": 1
    },
    "21100903": {
        "name": "",
        "clearRewardId": 1
    },
    "21101001": {
        "name": "",
        "clearRewardId": 1
    },
    "21101002": {
        "name": "",
        "clearRewardId": 1
    },
    "21101003": {
        "name": "",
        "clearRewardId": 1
    },
    "21101101": {
        "name": "",
        "clearRewardId": 1
    },
    "21101102": {
        "name": "",
        "clearRewardId": 1
    },
    "21101103": {
        "name": "",
        "clearRewardId": 1
    },
    "21101201": {
        "name": "",
        "clearRewardId": 1
    },
    "21101202": {
        "name": "",
        "clearRewardId": 1
    },
    "21101203": {
        "name": "",
        "clearRewardId": 1
    },
    "21101301": {
        "name": "",
        "clearRewardId": 1
    },
    "21101302": {
        "name": "",
        "clearRewardId": 1
    },
    "21101303": {
        "name": "",
        "clearRewardId": 1
    },
    "21101401": {
        "name": "",
        "clearRewardId": 1
    },
    "21101402": {
        "name": "",
        "clearRewardId": 1
    },
    "21101403": {
        "name": "",
        "clearRewardId": 1
    },
    "21102001": {
        "name": "",
        "clearRewardId": 1
    },
    "21102002": {
        "name": "",
        "clearRewardId": 1
    },
    "21102003": {
        "name": "",
        "clearRewardId": 1
    },
    "21102601": {
        "name": "",
        "clearRewardId": 1
    },
    "21102602": {
        "name": "",
        "clearRewardId": 1
    },
    "21102603": {
        "name": "",
        "clearRewardId": 1
    },
    "21103201": {
        "name": "",
        "clearRewardId": 1
    },
    "21103202": {
        "name": "",
        "clearRewardId": 1
    },
    "21103203": {
        "name": "",
        "clearRewardId": 1
    },
    "21103801": {
        "name": "",
        "clearRewardId": 1
    },
    "21103802": {
        "name": "",
        "clearRewardId": 1
    },
    "21103803": {
        "name": "",
        "clearRewardId": 1
    },
    "21104401": {
        "name": "",
        "clearRewardId": 1
    },
    "21104402": {
        "name": "",
        "clearRewardId": 1
    },
    "21104403": {
        "name": "",
        "clearRewardId": 1
    },
    "21105001": {
        "name": "",
        "clearRewardId": 1
    },
    "21105002": {
        "name": "",
        "clearRewardId": 1
    },
    "21105003": {
        "name": "",
        "clearRewardId": 1
    },
    "21105601": {
        "name": "",
        "clearRewardId": 1
    },
    "21105602": {
        "name": "",
        "clearRewardId": 1
    },
    "21105603": {
        "name": "",
        "clearRewardId": 1
    },
    "21106201": {
        "name": "",
        "clearRewardId": 1
    },
    "21106202": {
        "name": "",
        "clearRewardId": 1
    },
    "21106203": {
        "name": "",
        "clearRewardId": 1
    },
    "21300101": {
        "name": "",
        "clearRewardId": 1
    },
    "21300102": {
        "name": "",
        "clearRewardId": 1
    },
    "21300103": {
        "name": "",
        "clearRewardId": 1
    },
    "21301301": {
        "name": "",
        "clearRewardId": 1
    },
    "21301302": {
        "name": "",
        "clearRewardId": 1
    },
    "21301303": {
        "name": "",
        "clearRewardId": 1
    },
    "22100101": {
        "name": "",
        "clearRewardId": 1
    },
    "22100102": {
        "name": "",
        "clearRewardId": 1
    },
    "22100103": {
        "name": "",
        "clearRewardId": 1
    },
    "22100201": {
        "name": "",
        "clearRewardId": 1
    },
    "22100202": {
        "name": "",
        "clearRewardId": 1
    },
    "22100203": {
        "name": "",
        "clearRewardId": 1
    },
    "22100301": {
        "name": "",
        "clearRewardId": 1
    },
    "22100302": {
        "name": "",
        "clearRewardId": 1
    },
    "22100303": {
        "name": "",
        "clearRewardId": 1
    },
    "22100401": {
        "name": "",
        "clearRewardId": 1
    },
    "22100402": {
        "name": "",
        "clearRewardId": 1
    },
    "22100403": {
        "name": "",
        "clearRewardId": 1
    },
    "22100601": {
        "name": "",
        "clearRewardId": 1
    },
    "22100602": {
        "name": "",
        "clearRewardId": 1
    },
    "22100603": {
        "name": "",
        "clearRewardId": 1
    },
    "22100701": {
        "name": "",
        "clearRewardId": 1
    },
    "22100702": {
        "name": "",
        "clearRewardId": 1
    },
    "22100703": {
        "name": "",
        "clearRewardId": 1
    },
    "22100801": {
        "name": "",
        "clearRewardId": 1
    },
    "22100802": {
        "name": "",
        "clearRewardId": 1
    },
    "22100803": {
        "name": "",
        "clearRewardId": 1
    },
    "22100901": {
        "name": "",
        "clearRewardId": 1
    },
    "22100902": {
        "name": "",
        "clearRewardId": 1
    },
    "22100903": {
        "name": "",
        "clearRewardId": 1
    },
    "22101001": {
        "name": "",
        "clearRewardId": 1
    },
    "22101002": {
        "name": "",
        "clearRewardId": 1
    },
    "22101003": {
        "name": "",
        "clearRewardId": 1
    },
    "22101101": {
        "name": "",
        "clearRewardId": 1
    },
    "22101102": {
        "name": "",
        "clearRewardId": 1
    },
    "22101103": {
        "name": "",
        "clearRewardId": 1
    },
    "22101701": {
        "name": "",
        "clearRewardId": 1
    },
    "22101702": {
        "name": "",
        "clearRewardId": 1
    },
    "22101703": {
        "name": "",
        "clearRewardId": 1
    },
    "22102201": {
        "name": "",
        "clearRewardId": 1
    },
    "22102202": {
        "name": "",
        "clearRewardId": 1
    },
    "22102203": {
        "name": "",
        "clearRewardId": 1
    },
    "22102801": {
        "name": "",
        "clearRewardId": 1
    },
    "22102802": {
        "name": "",
        "clearRewardId": 1
    },
    "22102803": {
        "name": "",
        "clearRewardId": 1
    },
    "22103401": {
        "name": "",
        "clearRewardId": 1
    },
    "22103402": {
        "name": "",
        "clearRewardId": 1
    },
    "22103403": {
        "name": "",
        "clearRewardId": 1
    },
    "22104001": {
        "name": "",
        "clearRewardId": 1
    },
    "22104002": {
        "name": "",
        "clearRewardId": 1
    },
    "22104003": {
        "name": "",
        "clearRewardId": 1
    },
    "22105301": {
        "name": "",
        "clearRewardId": 1
    },
    "22105302": {
        "name": "",
        "clearRewardId": 1
    },
    "22105303": {
        "name": "",
        "clearRewardId": 1
    },
    "22105401": {
        "name": "",
        "clearRewardId": 1
    },
    "22105402": {
        "name": "",
        "clearRewardId": 1
    },
    "22105403": {
        "name": "",
        "clearRewardId": 1
    },
    "22106001": {
        "name": "",
        "clearRewardId": 1
    },
    "22106002": {
        "name": "",
        "clearRewardId": 1
    },
    "22106003": {
        "name": "",
        "clearRewardId": 1
    },
    "22106601": {
        "name": "",
        "clearRewardId": 1
    },
    "22106602": {
        "name": "",
        "clearRewardId": 1
    },
    "22106603": {
        "name": "",
        "clearRewardId": 1
    },
    "22107201": {
        "name": "",
        "clearRewardId": 1
    },
    "22107202": {
        "name": "",
        "clearRewardId": 1
    },
    "22107203": {
        "name": "",
        "clearRewardId": 1
    },
    "22107801": {
        "name": "",
        "clearRewardId": 1
    },
    "22107802": {
        "name": "",
        "clearRewardId": 1
    },
    "22107803": {
        "name": "",
        "clearRewardId": 1
    },
    "22200101": {
        "name": "",
        "clearRewardId": 1
    },
    "22200102": {
        "name": "",
        "clearRewardId": 1
    },
    "22200103": {
        "name": "",
        "clearRewardId": 1
    },
    "22300101": {
        "name": "",
        "clearRewardId": 1
    },
    "22300102": {
        "name": "",
        "clearRewardId": 1
    },
    "22300103": {
        "name": "",
        "clearRewardId": 1
    },
    "22300701": {
        "name": "",
        "clearRewardId": 1
    },
    "22300702": {
        "name": "",
        "clearRewardId": 1
    },
    "22300703": {
        "name": "",
        "clearRewardId": 1
    },
    "22301301": {
        "name": "",
        "clearRewardId": 1
    },
    "22301302": {
        "name": "",
        "clearRewardId": 1
    },
    "22301303": {
        "name": "",
        "clearRewardId": 1
    },
    "22301901": {
        "name": "",
        "clearRewardId": 1
    },
    "22301902": {
        "name": "",
        "clearRewardId": 1
    },
    "22301903": {
        "name": "",
        "clearRewardId": 1
    },
    "23100101": {
        "name": "",
        "clearRewardId": 1
    },
    "23100102": {
        "name": "",
        "clearRewardId": 1
    },
    "23100103": {
        "name": "",
        "clearRewardId": 1
    },
    "23100201": {
        "name": "",
        "clearRewardId": 1
    },
    "23100202": {
        "name": "",
        "clearRewardId": 1
    },
    "23100203": {
        "name": "",
        "clearRewardId": 1
    },
    "23100301": {
        "name": "",
        "clearRewardId": 1
    },
    "23100302": {
        "name": "",
        "clearRewardId": 1
    },
    "23100303": {
        "name": "",
        "clearRewardId": 1
    },
    "23100401": {
        "name": "",
        "clearRewardId": 1
    },
    "23100402": {
        "name": "",
        "clearRewardId": 1
    },
    "23100403": {
        "name": "",
        "clearRewardId": 1
    },
    "23100501": {
        "name": "",
        "clearRewardId": 1
    },
    "23100502": {
        "name": "",
        "clearRewardId": 1
    },
    "23100503": {
        "name": "",
        "clearRewardId": 1
    },
    "23100901": {
        "name": "",
        "clearRewardId": 1
    },
    "23100902": {
        "name": "",
        "clearRewardId": 1
    },
    "23100903": {
        "name": "",
        "clearRewardId": 1
    },
    "23101201": {
        "name": "",
        "clearRewardId": 1
    },
    "23101202": {
        "name": "",
        "clearRewardId": 1
    },
    "23101203": {
        "name": "",
        "clearRewardId": 1
    },
    "23101301": {
        "name": "",
        "clearRewardId": 1
    },
    "23101302": {
        "name": "",
        "clearRewardId": 1
    },
    "23101303": {
        "name": "",
        "clearRewardId": 1
    },
    "23101401": {
        "name": "",
        "clearRewardId": 1
    },
    "23101402": {
        "name": "",
        "clearRewardId": 1
    },
    "23101403": {
        "name": "",
        "clearRewardId": 1
    },
    "23102001": {
        "name": "",
        "clearRewardId": 1
    },
    "23102002": {
        "name": "",
        "clearRewardId": 1
    },
    "23102003": {
        "name": "",
        "clearRewardId": 1
    },
    "23103201": {
        "name": "",
        "clearRewardId": 1
    },
    "23103202": {
        "name": "",
        "clearRewardId": 1
    },
    "23103203": {
        "name": "",
        "clearRewardId": 1
    },
    "23103801": {
        "name": "",
        "clearRewardId": 1
    },
    "23103802": {
        "name": "",
        "clearRewardId": 1
    },
    "23103803": {
        "name": "",
        "clearRewardId": 1
    },
    "23104401": {
        "name": "",
        "clearRewardId": 1
    },
    "23104402": {
        "name": "",
        "clearRewardId": 1
    },
    "23104403": {
        "name": "",
        "clearRewardId": 1
    },
    "23105001": {
        "name": "",
        "clearRewardId": 1
    },
    "23105002": {
        "name": "",
        "clearRewardId": 1
    },
    "23105003": {
        "name": "",
        "clearRewardId": 1
    },
    "23105601": {
        "name": "",
        "clearRewardId": 1
    },
    "23105602": {
        "name": "",
        "clearRewardId": 1
    },
    "23105603": {
        "name": "",
        "clearRewardId": 1
    },
    "23106301": {
        "name": "",
        "clearRewardId": 1
    },
    "23106302": {
        "name": "",
        "clearRewardId": 1
    },
    "23106303": {
        "name": "",
        "clearRewardId": 1
    },
    "23106901": {
        "name": "",
        "clearRewardId": 1
    },
    "23106902": {
        "name": "",
        "clearRewardId": 1
    },
    "23106903": {
        "name": "",
        "clearRewardId": 1
    },
    "23107501": {
        "name": "",
        "clearRewardId": 1
    },
    "23107502": {
        "name": "",
        "clearRewardId": 1
    },
    "23107503": {
        "name": "",
        "clearRewardId": 1
    },
    "23108101": {
        "name": "",
        "clearRewardId": 1
    },
    "23108102": {
        "name": "",
        "clearRewardId": 1
    },
    "23108103": {
        "name": "",
        "clearRewardId": 1
    },
    "23108701": {
        "name": "",
        "clearRewardId": 1
    },
    "23108702": {
        "name": "",
        "clearRewardId": 1
    },
    "23108703": {
        "name": "",
        "clearRewardId": 1
    },
    "23109301": {
        "name": "",
        "clearRewardId": 1
    },
    "23109302": {
        "name": "",
        "clearRewardId": 1
    },
    "23109303": {
        "name": "",
        "clearRewardId": 1
    },
    "23109901": {
        "name": "",
        "clearRewardId": 1
    },
    "23109902": {
        "name": "",
        "clearRewardId": 1
    },
    "23109903": {
        "name": "",
        "clearRewardId": 1
    },
    "23300101": {
        "name": "",
        "clearRewardId": 1
    },
    "23300102": {
        "name": "",
        "clearRewardId": 1
    },
    "23300103": {
        "name": "",
        "clearRewardId": 1
    },
    "23300701": {
        "name": "",
        "clearRewardId": 1
    },
    "23300702": {
        "name": "",
        "clearRewardId": 1
    },
    "23300703": {
        "name": "",
        "clearRewardId": 1
    },
    "23301301": {
        "name": "",
        "clearRewardId": 1
    },
    "23301302": {
        "name": "",
        "clearRewardId": 1
    },
    "23301303": {
        "name": "",
        "clearRewardId": 1
    },
    "24100101": {
        "name": "",
        "clearRewardId": 1
    },
    "24100102": {
        "name": "",
        "clearRewardId": 1
    },
    "24100103": {
        "name": "",
        "clearRewardId": 1
    },
    "24100201": {
        "name": "",
        "clearRewardId": 1
    },
    "24100202": {
        "name": "",
        "clearRewardId": 1
    },
    "24100203": {
        "name": "",
        "clearRewardId": 1
    },
    "24100301": {
        "name": "",
        "clearRewardId": 1
    },
    "24100302": {
        "name": "",
        "clearRewardId": 1
    },
    "24100303": {
        "name": "",
        "clearRewardId": 1
    },
    "24100401": {
        "name": "",
        "clearRewardId": 1
    },
    "24100402": {
        "name": "",
        "clearRewardId": 1
    },
    "24100403": {
        "name": "",
        "clearRewardId": 1
    },
    "24100701": {
        "name": "",
        "clearRewardId": 1
    },
    "24100702": {
        "name": "",
        "clearRewardId": 1
    },
    "24100703": {
        "name": "",
        "clearRewardId": 1
    },
    "24100901": {
        "name": "",
        "clearRewardId": 1
    },
    "24100902": {
        "name": "",
        "clearRewardId": 1
    },
    "24100903": {
        "name": "",
        "clearRewardId": 1
    },
    "24101501": {
        "name": "",
        "clearRewardId": 1
    },
    "24101502": {
        "name": "",
        "clearRewardId": 1
    },
    "24101503": {
        "name": "",
        "clearRewardId": 1
    },
    "24102101": {
        "name": "",
        "clearRewardId": 1
    },
    "24102102": {
        "name": "",
        "clearRewardId": 1
    },
    "24102103": {
        "name": "",
        "clearRewardId": 1
    },
    "24102701": {
        "name": "",
        "clearRewardId": 1
    },
    "24102702": {
        "name": "",
        "clearRewardId": 1
    },
    "24102703": {
        "name": "",
        "clearRewardId": 1
    },
    "24103301": {
        "name": "",
        "clearRewardId": 1
    },
    "24103302": {
        "name": "",
        "clearRewardId": 1
    },
    "24103303": {
        "name": "",
        "clearRewardId": 1
    },
    "24103901": {
        "name": "",
        "clearRewardId": 1
    },
    "24103902": {
        "name": "",
        "clearRewardId": 1
    },
    "24103903": {
        "name": "",
        "clearRewardId": 1
    },
    "24104501": {
        "name": "",
        "clearRewardId": 1
    },
    "24104502": {
        "name": "",
        "clearRewardId": 1
    },
    "24104503": {
        "name": "",
        "clearRewardId": 1
    },
    "24105101": {
        "name": "",
        "clearRewardId": 1
    },
    "24105102": {
        "name": "",
        "clearRewardId": 1
    },
    "24105103": {
        "name": "",
        "clearRewardId": 1
    },
    "24105701": {
        "name": "",
        "clearRewardId": 1
    },
    "24105702": {
        "name": "",
        "clearRewardId": 1
    },
    "24105703": {
        "name": "",
        "clearRewardId": 1
    },
    "24106301": {
        "name": "",
        "clearRewardId": 1
    },
    "24106302": {
        "name": "",
        "clearRewardId": 1
    },
    "24106303": {
        "name": "",
        "clearRewardId": 1
    },
    "24106901": {
        "name": "",
        "clearRewardId": 1
    },
    "24106902": {
        "name": "",
        "clearRewardId": 1
    },
    "24106903": {
        "name": "",
        "clearRewardId": 1
    },
    "24300101": {
        "name": "",
        "clearRewardId": 1
    },
    "24300102": {
        "name": "",
        "clearRewardId": 1
    },
    "24300103": {
        "name": "",
        "clearRewardId": 1
    },
    "24300701": {
        "name": "",
        "clearRewardId": 1
    },
    "24300702": {
        "name": "",
        "clearRewardId": 1
    },
    "24300703": {
        "name": "",
        "clearRewardId": 1
    },
    "24301301": {
        "name": "",
        "clearRewardId": 1
    },
    "24301302": {
        "name": "",
        "clearRewardId": 1
    },
    "24301303": {
        "name": "",
        "clearRewardId": 1
    },
    "24301901": {
        "name": "",
        "clearRewardId": 1
    },
    "24301902": {
        "name": "",
        "clearRewardId": 1
    },
    "24301903": {
        "name": "",
        "clearRewardId": 1
    },
    "25100101": {
        "name": "",
        "clearRewardId": 1
    },
    "25100102": {
        "name": "",
        "clearRewardId": 1
    },
    "25100103": {
        "name": "",
        "clearRewardId": 1
    },
    "25100201": {
        "name": "",
        "clearRewardId": 1
    },
    "25100202": {
        "name": "",
        "clearRewardId": 1
    },
    "25100301": {
        "name": "",
        "clearRewardId": 1
    },
    "25100302": {
        "name": "",
        "clearRewardId": 1
    },
    "25100303": {
        "name": "",
        "clearRewardId": 1
    },
    "25100401": {
        "name": "",
        "clearRewardId": 1
    },
    "25100402": {
        "name": "",
        "clearRewardId": 1
    },
    "25100403": {
        "name": "",
        "clearRewardId": 1
    },
    "25100501": {
        "name": "",
        "clearRewardId": 1
    },
    "25100502": {
        "name": "",
        "clearRewardId": 1
    },
    "25100503": {
        "name": "",
        "clearRewardId": 1
    },
    "25100601": {
        "name": "",
        "clearRewardId": 1
    },
    "25100602": {
        "name": "",
        "clearRewardId": 1
    },
    "25100603": {
        "name": "",
        "clearRewardId": 1
    },
    "25100701": {
        "name": "",
        "clearRewardId": 1
    },
    "25100702": {
        "name": "",
        "clearRewardId": 1
    },
    "25100703": {
        "name": "",
        "clearRewardId": 1
    },
    "25100901": {
        "name": "",
        "clearRewardId": 1
    },
    "25100902": {
        "name": "",
        "clearRewardId": 1
    },
    "25100903": {
        "name": "",
        "clearRewardId": 1
    },
    "25101001": {
        "name": "",
        "clearRewardId": 1
    },
    "25101002": {
        "name": "",
        "clearRewardId": 1
    },
    "25101003": {
        "name": "",
        "clearRewardId": 1
    },
    "25101101": {
        "name": "",
        "clearRewardId": 1
    },
    "25101102": {
        "name": "",
        "clearRewardId": 1
    },
    "25101103": {
        "name": "",
        "clearRewardId": 1
    },
    "25101701": {
        "name": "",
        "clearRewardId": 1
    },
    "25101702": {
        "name": "",
        "clearRewardId": 1
    },
    "25101703": {
        "name": "",
        "clearRewardId": 1
    },
    "25102301": {
        "name": "",
        "clearRewardId": 1
    },
    "25102302": {
        "name": "",
        "clearRewardId": 1
    },
    "25102303": {
        "name": "",
        "clearRewardId": 1
    },
    "25102901": {
        "name": "",
        "clearRewardId": 1
    },
    "25102902": {
        "name": "",
        "clearRewardId": 1
    },
    "25102903": {
        "name": "",
        "clearRewardId": 1
    },
    "25103501": {
        "name": "",
        "clearRewardId": 1
    },
    "25103502": {
        "name": "",
        "clearRewardId": 1
    },
    "25103503": {
        "name": "",
        "clearRewardId": 1
    },
    "25104101": {
        "name": "",
        "clearRewardId": 1
    },
    "25104102": {
        "name": "",
        "clearRewardId": 1
    },
    "25104103": {
        "name": "",
        "clearRewardId": 1
    },
    "25104701": {
        "name": "",
        "clearRewardId": 1
    },
    "25104702": {
        "name": "",
        "clearRewardId": 1
    },
    "25104703": {
        "name": "",
        "clearRewardId": 1
    },
    "25105301": {
        "name": "",
        "clearRewardId": 1
    },
    "25105302": {
        "name": "",
        "clearRewardId": 1
    },
    "25105303": {
        "name": "",
        "clearRewardId": 1
    },
    "25105901": {
        "name": "",
        "clearRewardId": 1
    },
    "25105902": {
        "name": "",
        "clearRewardId": 1
    },
    "25105903": {
        "name": "",
        "clearRewardId": 1
    },
    "25106501": {
        "name": "",
        "clearRewardId": 1
    },
    "25106502": {
        "name": "",
        "clearRewardId": 1
    },
    "25106503": {
        "name": "",
        "clearRewardId": 1
    },
    "25107101": {
        "name": "",
        "clearRewardId": 1
    },
    "25107102": {
        "name": "",
        "clearRewardId": 1
    },
    "25107103": {
        "name": "",
        "clearRewardId": 1
    },
    "25107701": {
        "name": "",
        "clearRewardId": 1
    },
    "25107702": {
        "name": "",
        "clearRewardId": 1
    },
    "25107703": {
        "name": "",
        "clearRewardId": 1
    },
    "25200203": {
        "name": "",
        "clearRewardId": 1
    },
    "25300101": {
        "name": "",
        "clearRewardId": 1
    },
    "25300102": {
        "name": "",
        "clearRewardId": 1
    },
    "25300103": {
        "name": "",
        "clearRewardId": 1
    },
    "25300701": {
        "name": "",
        "clearRewardId": 1
    },
    "25300702": {
        "name": "",
        "clearRewardId": 1
    },
    "25300703": {
        "name": "",
        "clearRewardId": 1
    },
    "25301301": {
        "name": "",
        "clearRewardId": 1
    },
    "25301302": {
        "name": "",
        "clearRewardId": 1
    },
    "25301303": {
        "name": "",
        "clearRewardId": 1
    },
    "25301901": {
        "name": "",
        "clearRewardId": 1
    },
    "25301902": {
        "name": "",
        "clearRewardId": 1
    },
    "25301903": {
        "name": "",
        "clearRewardId": 1
    },
    "26100101": {
        "name": "",
        "clearRewardId": 1
    },
    "26100102": {
        "name": "",
        "clearRewardId": 1
    },
    "26100103": {
        "name": "",
        "clearRewardId": 1
    },
    "26100301": {
        "name": "",
        "clearRewardId": 1
    },
    "26100302": {
        "name": "",
        "clearRewardId": 1
    },
    "26100303": {
        "name": "",
        "clearRewardId": 1
    },
    "26100401": {
        "name": "",
        "clearRewardId": 1
    },
    "26100402": {
        "name": "",
        "clearRewardId": 1
    },
    "26100403": {
        "name": "",
        "clearRewardId": 1
    },
    "26100501": {
        "name": "",
        "clearRewardId": 1
    },
    "26100502": {
        "name": "",
        "clearRewardId": 1
    },
    "26100503": {
        "name": "",
        "clearRewardId": 1
    },
    "26100701": {
        "name": "",
        "clearRewardId": 1
    },
    "26100702": {
        "name": "",
        "clearRewardId": 1
    },
    "26100703": {
        "name": "",
        "clearRewardId": 1
    },
    "26100801": {
        "name": "",
        "clearRewardId": 1
    },
    "26100802": {
        "name": "",
        "clearRewardId": 1
    },
    "26100803": {
        "name": "",
        "clearRewardId": 1
    },
    "26100901": {
        "name": "",
        "clearRewardId": 1
    },
    "26100902": {
        "name": "",
        "clearRewardId": 1
    },
    "26100903": {
        "name": "",
        "clearRewardId": 1
    },
    "26101001": {
        "name": "",
        "clearRewardId": 1
    },
    "26101002": {
        "name": "",
        "clearRewardId": 1
    },
    "26101003": {
        "name": "",
        "clearRewardId": 1
    },
    "26101101": {
        "name": "",
        "clearRewardId": 1
    },
    "26101102": {
        "name": "",
        "clearRewardId": 1
    },
    "26101103": {
        "name": "",
        "clearRewardId": 1
    },
    "26101701": {
        "name": "",
        "clearRewardId": 1
    },
    "26101702": {
        "name": "",
        "clearRewardId": 1
    },
    "26101703": {
        "name": "",
        "clearRewardId": 1
    },
    "26102301": {
        "name": "",
        "clearRewardId": 1
    },
    "26102302": {
        "name": "",
        "clearRewardId": 1
    },
    "26102303": {
        "name": "",
        "clearRewardId": 1
    },
    "26102901": {
        "name": "",
        "clearRewardId": 1
    },
    "26102902": {
        "name": "",
        "clearRewardId": 1
    },
    "26102903": {
        "name": "",
        "clearRewardId": 1
    },
    "26103501": {
        "name": "",
        "clearRewardId": 1
    },
    "26103502": {
        "name": "",
        "clearRewardId": 1
    },
    "26103503": {
        "name": "",
        "clearRewardId": 1
    },
    "26104101": {
        "name": "",
        "clearRewardId": 1
    },
    "26104102": {
        "name": "",
        "clearRewardId": 1
    },
    "26104103": {
        "name": "",
        "clearRewardId": 1
    },
    "26104701": {
        "name": "",
        "clearRewardId": 1
    },
    "26104702": {
        "name": "",
        "clearRewardId": 1
    },
    "26104703": {
        "name": "",
        "clearRewardId": 1
    },
    "26105901": {
        "name": "",
        "clearRewardId": 1
    },
    "26105902": {
        "name": "",
        "clearRewardId": 1
    },
    "26105903": {
        "name": "",
        "clearRewardId": 1
    },
    "26106501": {
        "name": "",
        "clearRewardId": 1
    },
    "26106502": {
        "name": "",
        "clearRewardId": 1
    },
    "26106503": {
        "name": "",
        "clearRewardId": 1
    },
    "26107101": {
        "name": "",
        "clearRewardId": 1
    },
    "26107102": {
        "name": "",
        "clearRewardId": 1
    },
    "26107103": {
        "name": "",
        "clearRewardId": 1
    },
    "26107701": {
        "name": "",
        "clearRewardId": 1
    },
    "26107702": {
        "name": "",
        "clearRewardId": 1
    },
    "26107703": {
        "name": "",
        "clearRewardId": 1
    },
    "26108301": {
        "name": "",
        "clearRewardId": 1
    },
    "26108302": {
        "name": "",
        "clearRewardId": 1
    },
    "26108303": {
        "name": "",
        "clearRewardId": 1
    },
    "26108901": {
        "name": "",
        "clearRewardId": 1
    },
    "26108902": {
        "name": "",
        "clearRewardId": 1
    },
    "26108903": {
        "name": "",
        "clearRewardId": 1
    },
    "26300201": {
        "name": "",
        "clearRewardId": 1
    },
    "26300202": {
        "name": "",
        "clearRewardId": 1
    },
    "26300203": {
        "name": "",
        "clearRewardId": 1
    },
    "26300301": {
        "name": "",
        "clearRewardId": 1
    },
    "26300302": {
        "name": "",
        "clearRewardId": 1
    },
    "26300303": {
        "name": "",
        "clearRewardId": 1
    },
    "26300901": {
        "name": "",
        "clearRewardId": 1
    },
    "26300902": {
        "name": "",
        "clearRewardId": 1
    },
    "26300903": {
        "name": "",
        "clearRewardId": 1
    },
    "31100101": {
        "name": "",
        "clearRewardId": 1
    },
    "31100102": {
        "name": "",
        "clearRewardId": 1
    },
    "31100201": {
        "name": "",
        "clearRewardId": 1
    },
    "31100202": {
        "name": "",
        "clearRewardId": 1
    },
    "31100301": {
        "name": "",
        "clearRewardId": 1
    },
    "31100302": {
        "name": "",
        "clearRewardId": 1
    },
    "31100401": {
        "name": "",
        "clearRewardId": 1
    },
    "31100402": {
        "name": "",
        "clearRewardId": 1
    },
    "31100501": {
        "name": "",
        "clearRewardId": 1
    },
    "31100502": {
        "name": "",
        "clearRewardId": 1
    },
    "31100601": {
        "name": "",
        "clearRewardId": 1
    },
    "31100602": {
        "name": "",
        "clearRewardId": 1
    },
    "31100801": {
        "name": "",
        "clearRewardId": 1
    },
    "31100802": {
        "name": "",
        "clearRewardId": 1
    },
    "31100901": {
        "name": "",
        "clearRewardId": 1
    },
    "31100902": {
        "name": "",
        "clearRewardId": 1
    },
    "31101001": {
        "name": "",
        "clearRewardId": 1
    },
    "31101002": {
        "name": "",
        "clearRewardId": 1
    },
    "31101101": {
        "name": "",
        "clearRewardId": 1
    },
    "31101102": {
        "name": "",
        "clearRewardId": 1
    },
    "31101201": {
        "name": "",
        "clearRewardId": 1
    },
    "31101202": {
        "name": "",
        "clearRewardId": 1
    },
    "31101301": {
        "name": "",
        "clearRewardId": 1
    },
    "31101302": {
        "name": "",
        "clearRewardId": 1
    },
    "31101901": {
        "name": "",
        "clearRewardId": 1
    },
    "31101902": {
        "name": "",
        "clearRewardId": 1
    },
    "31102501": {
        "name": "",
        "clearRewardId": 1
    },
    "31102502": {
        "name": "",
        "clearRewardId": 1
    },
    "32100101": {
        "name": "",
        "clearRewardId": 1
    },
    "32100102": {
        "name": "",
        "clearRewardId": 1
    },
    "32100201": {
        "name": "",
        "clearRewardId": 1
    },
    "32100202": {
        "name": "",
        "clearRewardId": 1
    },
    "32100301": {
        "name": "",
        "clearRewardId": 1
    },
    "32100302": {
        "name": "",
        "clearRewardId": 1
    },
    "32100401": {
        "name": "",
        "clearRewardId": 1
    },
    "32100402": {
        "name": "",
        "clearRewardId": 1
    },
    "32100501": {
        "name": "",
        "clearRewardId": 1
    },
    "32100502": {
        "name": "",
        "clearRewardId": 1
    },
    "32100601": {
        "name": "",
        "clearRewardId": 1
    },
    "32100602": {
        "name": "",
        "clearRewardId": 1
    },
    "32100701": {
        "name": "",
        "clearRewardId": 1
    },
    "32100702": {
        "name": "",
        "clearRewardId": 1
    },
    "32100801": {
        "name": "",
        "clearRewardId": 1
    },
    "32100802": {
        "name": "",
        "clearRewardId": 1
    },
    "32100901": {
        "name": "",
        "clearRewardId": 1
    },
    "32100902": {
        "name": "",
        "clearRewardId": 1
    },
    "32101101": {
        "name": "",
        "clearRewardId": 1
    },
    "32101102": {
        "name": "",
        "clearRewardId": 1
    },
    "32101201": {
        "name": "",
        "clearRewardId": 1
    },
    "32101202": {
        "name": "",
        "clearRewardId": 1
    },
    "32101301": {
        "name": "",
        "clearRewardId": 1
    },
    "32101302": {
        "name": "",
        "clearRewardId": 1
    },
    "33100101": {
        "name": "",
        "clearRewardId": 1
    },
    "33100102": {
        "name": "",
        "clearRewardId": 1
    },
    "33100201": {
        "name": "",
        "clearRewardId": 1
    },
    "33100202": {
        "name": "",
        "clearRewardId": 1
    },
    "33100301": {
        "name": "",
        "clearRewardId": 1
    },
    "33100302": {
        "name": "",
        "clearRewardId": 1
    },
    "33100401": {
        "name": "",
        "clearRewardId": 1
    },
    "33100402": {
        "name": "",
        "clearRewardId": 1
    },
    "33100501": {
        "name": "",
        "clearRewardId": 1
    },
    "33100502": {
        "name": "",
        "clearRewardId": 1
    },
    "33100601": {
        "name": "",
        "clearRewardId": 1
    },
    "33100602": {
        "name": "",
        "clearRewardId": 1
    },
    "33100701": {
        "name": "",
        "clearRewardId": 1
    },
    "33100702": {
        "name": "",
        "clearRewardId": 1
    },
    "33101001": {
        "name": "",
        "clearRewardId": 1
    },
    "33101002": {
        "name": "",
        "clearRewardId": 1
    },
    "33101101": {
        "name": "",
        "clearRewardId": 1
    },
    "33101102": {
        "name": "",
        "clearRewardId": 1
    },
    "33101301": {
        "name": "",
        "clearRewardId": 1
    },
    "33101302": {
        "name": "",
        "clearRewardId": 1
    },
    "33101401": {
        "name": "",
        "clearRewardId": 1
    },
    "33101402": {
        "name": "",
        "clearRewardId": 1
    },
    "33102001": {
        "name": "",
        "clearRewardId": 1
    },
    "33102002": {
        "name": "",
        "clearRewardId": 1
    },
    "34100101": {
        "name": "",
        "clearRewardId": 1
    },
    "34100102": {
        "name": "",
        "clearRewardId": 1
    },
    "34100201": {
        "name": "",
        "clearRewardId": 1
    },
    "34100202": {
        "name": "",
        "clearRewardId": 1
    },
    "34100301": {
        "name": "",
        "clearRewardId": 1
    },
    "34100302": {
        "name": "",
        "clearRewardId": 1
    },
    "34100401": {
        "name": "",
        "clearRewardId": 1
    },
    "34100402": {
        "name": "",
        "clearRewardId": 1
    },
    "34100501": {
        "name": "",
        "clearRewardId": 1
    },
    "34100502": {
        "name": "",
        "clearRewardId": 1
    },
    "34100601": {
        "name": "",
        "clearRewardId": 1
    },
    "34100602": {
        "name": "",
        "clearRewardId": 1
    },
    "34100701": {
        "name": "",
        "clearRewardId": 1
    },
    "34100702": {
        "name": "",
        "clearRewardId": 1
    },
    "34100801": {
        "name": "",
        "clearRewardId": 1
    },
    "34100802": {
        "name": "",
        "clearRewardId": 1
    },
    "34100901": {
        "name": "",
        "clearRewardId": 1
    },
    "34100902": {
        "name": "",
        "clearRewardId": 1
    },
    "34101101": {
        "name": "",
        "clearRewardId": 1
    },
    "34101102": {
        "name": "",
        "clearRewardId": 1
    },
    "34101701": {
        "name": "",
        "clearRewardId": 1
    },
    "34101702": {
        "name": "",
        "clearRewardId": 1
    },
    "35100101": {
        "name": "",
        "clearRewardId": 1
    },
    "35100102": {
        "name": "",
        "clearRewardId": 1
    },
    "35100201": {
        "name": "",
        "clearRewardId": 1
    },
    "35100202": {
        "name": "",
        "clearRewardId": 1
    },
    "35100301": {
        "name": "",
        "clearRewardId": 1
    },
    "35100302": {
        "name": "",
        "clearRewardId": 1
    },
    "35100401": {
        "name": "",
        "clearRewardId": 1
    },
    "35100402": {
        "name": "",
        "clearRewardId": 1
    },
    "35100501": {
        "name": "",
        "clearRewardId": 1
    },
    "35100502": {
        "name": "",
        "clearRewardId": 1
    },
    "35100601": {
        "name": "",
        "clearRewardId": 1
    },
    "35100602": {
        "name": "",
        "clearRewardId": 1
    },
    "35100701": {
        "name": "",
        "clearRewardId": 1
    },
    "35100702": {
        "name": "",
        "clearRewardId": 1
    },
    "35100901": {
        "name": "",
        "clearRewardId": 1
    },
    "35100902": {
        "name": "",
        "clearRewardId": 1
    },
    "35101501": {
        "name": "",
        "clearRewardId": 1
    },
    "35101502": {
        "name": "",
        "clearRewardId": 1
    },
    "35102101": {
        "name": "",
        "clearRewardId": 1
    },
    "35102102": {
        "name": "",
        "clearRewardId": 1
    },
    "35102701": {
        "name": "",
        "clearRewardId": 1
    },
    "35102702": {
        "name": "",
        "clearRewardId": 1
    },
    "35103301": {
        "name": "",
        "clearRewardId": 1
    },
    "35103302": {
        "name": "",
        "clearRewardId": 1
    },
    "36100101": {
        "name": "",
        "clearRewardId": 1
    },
    "36100102": {
        "name": "",
        "clearRewardId": 1
    },
    "36100201": {
        "name": "",
        "clearRewardId": 1
    },
    "36100202": {
        "name": "",
        "clearRewardId": 1
    },
    "36100301": {
        "name": "",
        "clearRewardId": 1
    },
    "36100302": {
        "name": "",
        "clearRewardId": 1
    },
    "36100401": {
        "name": "",
        "clearRewardId": 1
    },
    "36100402": {
        "name": "",
        "clearRewardId": 1
    },
    "36100501": {
        "name": "",
        "clearRewardId": 1
    },
    "36100502": {
        "name": "",
        "clearRewardId": 1
    },
    "36100601": {
        "name": "",
        "clearRewardId": 1
    },
    "36100602": {
        "name": "",
        "clearRewardId": 1
    },
    "36100701": {
        "name": "",
        "clearRewardId": 1
    },
    "36100702": {
        "name": "",
        "clearRewardId": 1
    },
    "36100801": {
        "name": "",
        "clearRewardId": 1
    },
    "36100802": {
        "name": "",
        "clearRewardId": 1
    },
    "36100901": {
        "name": "",
        "clearRewardId": 1
    },
    "36100902": {
        "name": "",
        "clearRewardId": 1
    },
    "36101501": {
        "name": "",
        "clearRewardId": 1
    },
    "36101502": {
        "name": "",
        "clearRewardId": 1
    },
    "36102101": {
        "name": "",
        "clearRewardId": 1
    },
    "36102102": {
        "name": "",
        "clearRewardId": 1
    },
    "36102701": {
        "name": "",
        "clearRewardId": 1
    },
    "36102702": {
        "name": "",
        "clearRewardId": 1
    },
    "36103301": {
        "name": "",
        "clearRewardId": 1
    },
    "36103302": {
        "name": "",
        "clearRewardId": 1
    }
}