{
    "1001": {
        "name": "",
        "clearRewardId": 1,
        "scoreRewardGroup": 60007,
        "bRankTime": 0,
        "aRankTime": 0,
        "sRankTime": 0,
        "sPlusRankTime": 0,
        "rankPointReward": 2,
        "characterExpReward": 5,
        "manaReward": 5,
        "poolExpReward": 5
    },
    "1002": {
        "name": "",
        "clearRewardId": 1,
        "scoreRewardGroup": 60008,
        "bRankTime": 0,
        "aRankTime": 0,
        "sRankTime": 0,
        "sPlusRankTime": 0,
        "rankPointReward": 4,
        "characterExpReward": 10,
        "manaReward": 10,
        "poolExpReward": 10
    },
    "1003": {
        "name": "",
        "clearRewardId": 1,
        "scoreRewardGroup": 60009,
        "bRankTime": 0,
        "aRankTime": 0,
        "sRankTime": 0,
        "sPlusRankTime": 0,
        "rankPointReward": 10,
        "characterExpReward": 15,
        "manaReward": 15,
        "poolExpReward": 15
    },
    "1004": {
        "name": "",
        "clearRewardId": 1,
        "scoreRewardGroup": 60010,
        "bRankTime": 0,
        "aRankTime": 0,
        "sRankTime": 0,
        "sPlusRankTime": 0,
        "rankPointReward": 13,
        "characterExpReward": 20,
        "manaReward": 20,
        "poolExpReward": 20
    },
    "1005": {
        "name": "",
        "clearRewardId": 1,
        "scoreRewardGroup": 60011,
        "bRankTime": 0,
        "aRankTime": 0,
        "sRankTime": 0,
        "sPlusRankTime": 0,
        "rankPointReward": 83,
        "characterExpReward": 25,
        "manaReward": 25,
        "poolExpReward": 25
    },
    "2001": {
        "name": "",
        "clearRewardId": 1,
        "scoreRewardGroup": 60014,
        "bRankTime": 0,
        "aRankTime": 0,
        "sRankTime": 0,
        "sPlusRankTime": 0,
        "rankPointReward": 2,
        "characterExpReward": 5,
        "manaReward": 5,
        "poolExpReward": 5
    },
    "2002": {
        "name": "",
        "clearRewardId": 1,
        "scoreRewardGroup": 60015,
        "bRankTime": 0,
        "aRankTime": 0,
        "sRankTime": 0,
        "sPlusRankTime": 0,
        "rankPointReward": 4,
        "characterExpReward": 10,
        "manaReward": 10,
        "poolExpReward": 10
    },
    "2003": {
        "name": "",
        "clearRewardId": 1,
        "scoreRewardGroup": 60016,
        "bRankTime": 0,
        "aRankTime": 0,
        "sRankTime": 0,
        "sPlusRankTime": 0,
        "rankPointReward": 10,
        "characterExpReward": 15,
        "manaReward": 15,
        "poolExpReward": 15
    },
    "2004": {
        "name": "",
        "clearRewardId": 1,
        "scoreRewardGroup": 60017,
        "bRankTime": 0,
        "aRankTime": 0,
        "sRankTime": 0,
        "sPlusRankTime": 0,
        "rankPointReward": 13,
        "characterExpReward": 20,
        "manaReward": 20,
        "poolExpReward": 20
    },
    "2005": {
        "name": "",
        "clearRewardId": 1,
        "scoreRewardGroup": 60018,
        "bRankTime": 0,
        "aRankTime": 0,
        "sRankTime": 0,
        "sPlusRankTime": 0,
        "rankPointReward": 83,
        "characterExpReward": 25,
        "manaReward": 25,
        "poolExpReward": 25
    },
    "3001": {
        "name": "",
        "clearRewardId": 1,
        "scoreRewardGroup": 60021,
        "bRankTime": 0,
        "aRankTime": 0,
        "sRankTime": 0,
        "sPlusRankTime": 0,
        "rankPointReward": 2,
        "characterExpReward": 5,
        "manaReward": 5,
        "poolExpReward": 5
    },
    "3002": {
        "name": "",
        "clearRewardId": 1,
        "scoreRewardGroup": 60022,
        "bRankTime": 0,
        "aRankTime": 0,
        "sRankTime": 0,
        "sPlusRankTime": 0,
        "rankPointReward": 4,
        "characterExpReward": 10,
        "manaReward": 10,
        "poolExpReward": 10
    },
    "3003": {
        "name": "",
        "clearRewardId": 1,
        "scoreRewardGroup": 60023,
        "bRankTime": 0,
        "aRankTime": 0,
        "sRankTime": 0,
        "sPlusRankTime": 0,
        "rankPointReward": 10,
        "characterExpReward": 15,
        "manaReward": 15,
        "poolExpReward": 15
    },
    "3004": {
        "name": "",
        "clearRewardId": 1,
        "scoreRewardGroup": 60024,
        "bRankTime": 0,
        "aRankTime": 0,
        "sRankTime": 0,
        "sPlusRankTime": 0,
        "rankPointReward": 13,
        "characterExpReward": 20,
        "manaReward": 20,
        "poolExpReward": 20
    },
    "3005": {
        "name": "",
        "clearRewardId": 1,
        "scoreRewardGroup": 60025,
        "bRankTime": 0,
        "aRankTime": 0,
        "sRankTime": 0,
        "sPlusRankTime": 0,
        "rankPointReward": 83,
        "characterExpReward": 25,
        "manaReward": 25,
        "poolExpReward": 25
    },
    "4001": {
        "name": "",
        "clearRewardId": 1,
        "scoreRewardGroup": 60028,
        "bRankTime": 0,
        "aRankTime": 0,
        "sRankTime": 0,
        "sPlusRankTime": 0,
        "rankPointReward": 2,
        "characterExpReward": 5,
        "manaReward": 5,
        "poolExpReward": 5
    },
    "4002": {
        "name": "",
        "clearRewardId": 1,
        "scoreRewardGroup": 60029,
        "bRankTime": 0,
        "aRankTime": 0,
        "sRankTime": 0,
        "sPlusRankTime": 0,
        "rankPointReward": 4,
        "characterExpReward": 10,
        "manaReward": 10,
        "poolExpReward": 10
    },
    "4003": {
        "name": "",
        "clearRewardId": 1,
        "scoreRewardGroup": 60030,
        "bRankTime": 0,
        "aRankTime": 0,
        "sRankTime": 0,
        "sPlusRankTime": 0,
        "rankPointReward": 10,
        "characterExpReward": 15,
        "manaReward": 15,
        "poolExpReward": 15
    },
    "4004": {
        "name": "",
        "clearRewardId": 1,
        "scoreRewardGroup": 60031,
        "bRankTime": 0,
        "aRankTime": 0,
        "sRankTime": 0,
        "sPlusRankTime": 0,
        "rankPointReward": 13,
        "characterExpReward": 20,
        "manaReward": 20,
        "poolExpReward": 20
    },
    "4005": {
        "name": "",
        "clearRewardId": 1,
        "scoreRewardGroup": 60032,
        "bRankTime": 0,
        "aRankTime": 0,
        "sRankTime": 0,
        "sPlusRankTime": 0,
        "rankPointReward": 83,
        "characterExpReward": 25,
        "manaReward": 25,
        "poolExpReward": 25
    },
    "5001": {
        "name": "",
        "clearRewardId": 1,
        "scoreRewardGroup": 60035,
        "bRankTime": 0,
        "aRankTime": 0,
        "sRankTime": 0,
        "sPlusRankTime": 0,
        "rankPointReward": 2,
        "characterExpReward": 5,
        "manaReward": 5,
        "poolExpReward": 5
    },
    "5002": {
        "name": "",
        "clearRewardId": 1,
        "scoreRewardGroup": 60036,
        "bRankTime": 0,
        "aRankTime": 0,
        "sRankTime": 0,
        "sPlusRankTime": 0,
        "rankPointReward": 4,
        "characterExpReward": 10,
        "manaReward": 10,
        "poolExpReward": 10
    },
    "5003": {
        "name": "",
        "clearRewardId": 1,
        "scoreRewardGroup": 60037,
        "bRankTime": 0,
        "aRankTime": 0,
        "sRankTime": 0,
        "sPlusRankTime": 0,
        "rankPointReward": 10,
        "characterExpReward": 15,
        "manaReward": 15,
        "poolExpReward": 15
    },
    "5004": {
        "name": "",
        "clearRewardId": 1,
        "scoreRewardGroup": 60038,
        "bRankTime": 0,
        "aRankTime": 0,
        "sRankTime": 0,
        "sPlusRankTime": 0,
        "rankPointReward": 13,
        "characterExpReward": 20,
        "manaReward": 20,
        "poolExpReward": 20
    },
    "5005": {
        "name": "",
        "clearRewardId": 1,
        "scoreRewardGroup": 60039,
        "bRankTime": 0,
        "aRankTime": 0,
        "sRankTime": 0,
        "sPlusRankTime": 0,
        "rankPointReward": 83,
        "characterExpReward": 25,
        "manaReward": 25,
        "poolExpReward": 25
    },
    "6001": {
        "name": "",
        "clearRewardId": 1,
        "scoreRewardGroup": 60042,
        "bRankTime": 0,
        "aRankTime": 0,
        "sRankTime": 0,
        "sPlusRankTime": 0,
        "rankPointReward": 2,
        "characterExpReward": 5,
        "manaReward": 5,
        "poolExpReward": 5
    },
    "6002": {
        "name": "",
        "clearRewardId": 1,
        "scoreRewardGroup": 60043,
        "bRankTime": 0,
        "aRankTime": 0,
        "sRankTime": 0,
        "sPlusRankTime": 0,
        "rankPointReward": 4,
        "characterExpReward": 10,
        "manaReward": 10,
        "poolExpReward": 10
    },
    "6003": {
        "name": "",
        "clearRewardId": 1,
        "scoreRewardGroup": 60044,
        "bRankTime": 0,
        "aRankTime": 0,
        "sRankTime": 0,
        "sPlusRankTime": 0,
        "rankPointReward": 10,
        "characterExpReward": 15,
        "manaReward": 15,
        "poolExpReward": 15
    },
    "6004": {
        "name": "",
        "clearRewardId": 1,
        "scoreRewardGroup": 60045,
        "bRankTime": 0,
        "aRankTime": 0,
        "sRankTime": 0,
        "sPlusRankTime": 0,
        "rankPointReward": 13,
        "characterExpReward": 20,
        "manaReward": 20,
        "poolExpReward": 20
    },
    "6005": {
        "name": "",
        "clearRewardId": 1,
        "scoreRewardGroup": 60046,
        "bRankTime": 0,
        "aRankTime": 0,
        "sRankTime": 0,
        "sPlusRankTime": 0,
        "rankPointReward": 83,
        "characterExpReward": 25,
        "manaReward": 25,
        "poolExpReward": 25
    },
    "7001": {
        "name": "",
        "clearRewardId": 1,
        "scoreRewardGroup": 60014,
        "bRankTime": 0,
        "aRankTime": 0,
        "sRankTime": 0,
        "sPlusRankTime": 0,
        "rankPointReward": 2,
        "characterExpReward": 5,
        "manaReward": 5,
        "poolExpReward": 5
    },
    "7002": {
        "name": "",
        "clearRewardId": 1,
        "scoreRewardGroup": 60015,
        "bRankTime": 0,
        "aRankTime": 0,
        "sRankTime": 0,
        "sPlusRankTime": 0,
        "rankPointReward": 4,
        "characterExpReward": 10,
        "manaReward": 10,
        "poolExpReward": 10
    },
    "7003": {
        "name": "",
        "clearRewardId": 1,
        "scoreRewardGroup": 60016,
        "bRankTime": 0,
        "aRankTime": 0,
        "sRankTime": 0,
        "sPlusRankTime": 0,
        "rankPointReward": 10,
        "characterExpReward": 15,
        "manaReward": 15,
        "poolExpReward": 15
    },
    "7004": {
        "name": "",
        "clearRewardId": 1,
        "scoreRewardGroup": 60017,
        "bRankTime": 0,
        "aRankTime": 0,
        "sRankTime": 0,
        "sPlusRankTime": 0,
        "rankPointReward": 13,
        "characterExpReward": 20,
        "manaReward": 20,
        "poolExpReward": 20
    },
    "7005": {
        "name": "",
        "clearRewardId": 1,
        "scoreRewardGroup": 60018,
        "bRankTime": 0,
        "aRankTime": 0,
        "sRankTime": 0,
        "sPlusRankTime": 0,
        "rankPointReward": 83,
        "characterExpReward": 25,
        "manaReward": 25,
        "poolExpReward": 25
    },
    "8001": {
        "name": "",
        "clearRewardId": 1,
        "scoreRewardGroup": 60021,
        "bRankTime": 0,
        "aRankTime": 0,
        "sRankTime": 0,
        "sPlusRankTime": 0,
        "rankPointReward": 2,
        "characterExpReward": 5,
        "manaReward": 5,
        "poolExpReward": 5
    },
    "8002": {
        "name": "",
        "clearRewardId": 1,
        "scoreRewardGroup": 60022,
        "bRankTime": 0,
        "aRankTime": 0,
        "sRankTime": 0,
        "sPlusRankTime": 0,
        "rankPointReward": 4,
        "characterExpReward": 10,
        "manaReward": 10,
        "poolExpReward": 10
    },
    "8003": {
        "name": "",
        "clearRewardId": 1,
        "scoreRewardGroup": 60023,
        "bRankTime": 0,
        "aRankTime": 0,
        "sRankTime": 0,
        "sPlusRankTime": 0,
        "rankPointReward": 10,
        "characterExpReward": 15,
        "manaReward": 15,
        "poolExpReward": 15
    },
    "8004": {
        "name": "",
        "clearRewardId": 1,
        "scoreRewardGroup": 60024,
        "bRankTime": 0,
        "aRankTime": 0,
        "sRankTime": 0,
        "sPlusRankTime": 0,
        "rankPointReward": 13,
        "characterExpReward": 20,
        "manaReward": 20,
        "poolExpReward": 20
    },
    "8005": {
        "name": "",
        "clearRewardId": 1,
        "scoreRewardGroup": 60025,
        "bRankTime": 0,
        "aRankTime": 0,
        "sRankTime": 0,
        "sPlusRankTime": 0,
        "rankPointReward": 83,
        "characterExpReward": 25,
        "manaReward": 25,
        "poolExpReward": 25
    },
    "9001": {
        "name": "",
        "clearRewardId": 1,
        "scoreRewardGroup": 60028,
        "bRankTime": 0,
        "aRankTime": 0,
        "sRankTime": 0,
        "sPlusRankTime": 0,
        "rankPointReward": 2,
        "characterExpReward": 5,
        "manaReward": 5,
        "poolExpReward": 5
    },
    "9002": {
        "name": "",
        "clearRewardId": 1,
        "scoreRewardGroup": 60029,
        "bRankTime": 0,
        "aRankTime": 0,
        "sRankTime": 0,
        "sPlusRankTime": 0,
        "rankPointReward": 4,
        "characterExpReward": 10,
        "manaReward": 10,
        "poolExpReward": 10
    },
    "9003": {
        "name": "",
        "clearRewardId": 1,
        "scoreRewardGroup": 60030,
        "bRankTime": 0,
        "aRankTime": 0,
        "sRankTime": 0,
        "sPlusRankTime": 0,
        "rankPointReward": 10,
        "characterExpReward": 15,
        "manaReward": 15,
        "poolExpReward": 15
    },
    "9004": {
        "name": "",
        "clearRewardId": 1,
        "scoreRewardGroup": 60031,
        "bRankTime": 0,
        "aRankTime": 0,
        "sRankTime": 0,
        "sPlusRankTime": 0,
        "rankPointReward": 13,
        "characterExpReward": 20,
        "manaReward": 20,
        "poolExpReward": 20
    },
    "9005": {
        "name": "",
        "clearRewardId": 1,
        "scoreRewardGroup": 60032,
        "bRankTime": 0,
        "aRankTime": 0,
        "sRankTime": 0,
        "sPlusRankTime": 0,
        "rankPointReward": 83,
        "characterExpReward": 25,
        "manaReward": 25,
        "poolExpReward": 25
    },
    "10001": {
        "name": "",
        "clearRewardId": 1,
        "scoreRewardGroup": 60035,
        "bRankTime": 0,
        "aRankTime": 0,
        "sRankTime": 0,
        "sPlusRankTime": 0,
        "rankPointReward": 2,
        "characterExpReward": 5,
        "manaReward": 5,
        "poolExpReward": 5
    },
    "10002": {
        "name": "",
        "clearRewardId": 1,
        "scoreRewardGroup": 60036,
        "bRankTime": 0,
        "aRankTime": 0,
        "sRankTime": 0,
        "sPlusRankTime": 0,
        "rankPointReward": 4,
        "characterExpReward": 10,
        "manaReward": 10,
        "poolExpReward": 10
    },
    "10003": {
        "name": "",
        "clearRewardId": 1,
        "scoreRewardGroup": 60037,
        "bRankTime": 0,
        "aRankTime": 0,
        "sRankTime": 0,
        "sPlusRankTime": 0,
        "rankPointReward": 10,
        "characterExpReward": 15,
        "manaReward": 15,
        "poolExpReward": 15
    },
    "10004": {
        "name": "",
        "clearRewardId": 1,
        "scoreRewardGroup": 60038,
        "bRankTime": 0,
        "aRankTime": 0,
        "sRankTime": 0,
        "sPlusRankTime": 0,
        "rankPointReward": 13,
        "characterExpReward": 20,
        "manaReward": 20,
        "poolExpReward": 20
    },
    "10005": {
        "name": "",
        "clearRewardId": 1,
        "scoreRewardGroup": 60039,
        "bRankTime": 0,
        "aRankTime": 0,
        "sRankTime": 0,
        "sPlusRankTime": 0,
        "rankPointReward": 83,
        "characterExpReward": 25,
        "manaReward": 25,
        "poolExpReward": 25
    },
    "11001": {
        "name": "",
        "clearRewardId": 1,
        "scoreRewardGroup": 60007,
        "bRankTime": 0,
        "aRankTime": 0,
        "sRankTime": 0,
        "sPlusRankTime": 0,
        "rankPointReward": 2,
        "characterExpReward": 5,
        "manaReward": 5,
        "poolExpReward": 5
    },
    "11002": {
        "name": "",
        "clearRewardId": 1,
        "scoreRewardGroup": 60008,
        "bRankTime": 0,
        "aRankTime": 0,
        "sRankTime": 0,
        "sPlusRankTime": 0,
        "rankPointReward": 4,
        "characterExpReward": 10,
        "manaReward": 10,
        "poolExpReward": 10
    },
    "11003": {
        "name": "",
        "clearRewardId": 1,
        "scoreRewardGroup": 60009,
        "bRankTime": 0,
        "aRankTime": 0,
        "sRankTime": 0,
        "sPlusRankTime": 0,
        "rankPointReward": 10,
        "characterExpReward": 15,
        "manaReward": 15,
        "poolExpReward": 15
    },
    "11004": {
        "name": "",
        "clearRewardId": 1,
        "scoreRewardGroup": 60010,
        "bRankTime": 0,
        "aRankTime": 0,
        "sRankTime": 0,
        "sPlusRankTime": 0,
        "rankPointReward": 13,
        "characterExpReward": 20,
        "manaReward": 20,
        "poolExpReward": 20
    },
    "11005": {
        "name": "",
        "clearRewardId": 1,
        "scoreRewardGroup": 60011,
        "bRankTime": 0,
        "aRankTime": 0,
        "sRankTime": 0,
        "sPlusRankTime": 0,
        "rankPointReward": 83,
        "characterExpReward": 25,
        "manaReward": 25,
        "poolExpReward": 25
    },
    "12001": {
        "name": "",
        "clearRewardId": 1,
        "scoreRewardGroup": 60042,
        "bRankTime": 0,
        "aRankTime": 0,
        "sRankTime": 0,
        "sPlusRankTime": 0,
        "rankPointReward": 2,
        "characterExpReward": 5,
        "manaReward": 5,
        "poolExpReward": 5
    },
    "12002": {
        "name": "",
        "clearRewardId": 1,
        "scoreRewardGroup": 60043,
        "bRankTime": 0,
        "aRankTime": 0,
        "sRankTime": 0,
        "sPlusRankTime": 0,
        "rankPointReward": 4,
        "characterExpReward": 10,
        "manaReward": 10,
        "poolExpReward": 10
    },
    "12003": {
        "name": "",
        "clearRewardId": 1,
        "scoreRewardGroup": 60044,
        "bRankTime": 0,
        "aRankTime": 0,
        "sRankTime": 0,
        "sPlusRankTime": 0,
        "rankPointReward": 10,
        "characterExpReward": 15,
        "manaReward": 15,
        "poolExpReward": 15
    },
    "12004": {
        "name": "",
        "clearRewardId": 1,
        "scoreRewardGroup": 60045,
        "bRankTime": 0,
        "aRankTime": 0,
        "sRankTime": 0,
        "sPlusRankTime": 0,
        "rankPointReward": 13,
        "characterExpReward": 20,
        "manaReward": 20,
        "poolExpReward": 20
    },
    "12005": {
        "name": "",
        "clearRewardId": 1,
        "scoreRewardGroup": 60046,
        "bRankTime": 0,
        "aRankTime": 0,
        "sRankTime": 0,
        "sPlusRankTime": 0,
        "rankPointReward": 83,
        "characterExpReward": 25,
        "manaReward": 25,
        "poolExpReward": 25
    },
    "13001": {
        "name": "",
        "clearRewardId": 1,
        "scoreRewardGroup": 60014,
        "bRankTime": 0,
        "aRankTime": 0,
        "sRankTime": 0,
        "sPlusRankTime": 0,
        "rankPointReward": 2,
        "characterExpReward": 5,
        "manaReward": 5,
        "poolExpReward": 5
    },
    "13002": {
        "name": "",
        "clearRewardId": 1,
        "scoreRewardGroup": 60015,
        "bRankTime": 0,
        "aRankTime": 0,
        "sRankTime": 0,
        "sPlusRankTime": 0,
        "rankPointReward": 4,
        "characterExpReward": 10,
        "manaReward": 10,
        "poolExpReward": 10
    },
    "13003": {
        "name": "",
        "clearRewardId": 1,
        "scoreRewardGroup": 60016,
        "bRankTime": 0,
        "aRankTime": 0,
        "sRankTime": 0,
        "sPlusRankTime": 0,
        "rankPointReward": 10,
        "characterExpReward": 15,
        "manaReward": 15,
        "poolExpReward": 15
    },
    "13004": {
        "name": "",
        "clearRewardId": 1,
        "scoreRewardGroup": 60017,
        "bRankTime": 0,
        "aRankTime": 0,
        "sRankTime": 0,
        "sPlusRankTime": 0,
        "rankPointReward": 13,
        "characterExpReward": 20,
        "manaReward": 20,
        "poolExpReward": 20
    },
    "13005": {
        "name": "",
        "clearRewardId": 1,
        "scoreRewardGroup": 60018,
        "bRankTime": 0,
        "aRankTime": 0,
        "sRankTime": 0,
        "sPlusRankTime": 0,
        "rankPointReward": 83,
        "characterExpReward": 25,
        "manaReward": 25,
        "poolExpReward": 25
    },
    "13006": {
        "name": "",
        "clearRewardId": 1,
        "scoreRewardGroup": 60019,
        "bRankTime": 0,
        "aRankTime": 0,
        "sRankTime": 0,
        "sPlusRankTime": 0,
        "rankPointReward": 100,
        "characterExpReward": 30,
        "manaReward": 30,
        "poolExpReward": 30
    },
    "14001": {
        "name": "",
        "clearRewardId": 1,
        "scoreRewardGroup": 60021,
        "bRankTime": 0,
        "aRankTime": 0,
        "sRankTime": 0,
        "sPlusRankTime": 0,
        "rankPointReward": 2,
        "characterExpReward": 5,
        "manaReward": 5,
        "poolExpReward": 5
    },
    "14002": {
        "name": "",
        "clearRewardId": 1,
        "scoreRewardGroup": 60022,
        "bRankTime": 0,
        "aRankTime": 0,
        "sRankTime": 0,
        "sPlusRankTime": 0,
        "rankPointReward": 4,
        "characterExpReward": 10,
        "manaReward": 10,
        "poolExpReward": 10
    },
    "14003": {
        "name": "",
        "clearRewardId": 1,
        "scoreRewardGroup": 60023,
        "bRankTime": 0,
        "aRankTime": 0,
        "sRankTime": 0,
        "sPlusRankTime": 0,
        "rankPointReward": 10,
        "characterExpReward": 15,
        "manaReward": 15,
        "poolExpReward": 15
    },
    "14004": {
        "name": "",
        "clearRewardId": 1,
        "scoreRewardGroup": 60024,
        "bRankTime": 0,
        "aRankTime": 0,
        "sRankTime": 0,
        "sPlusRankTime": 0,
        "rankPointReward": 13,
        "characterExpReward": 20,
        "manaReward": 20,
        "poolExpReward": 20
    },
    "14005": {
        "name": "",
        "clearRewardId": 1,
        "scoreRewardGroup": 60025,
        "bRankTime": 0,
        "aRankTime": 0,
        "sRankTime": 0,
        "sPlusRankTime": 0,
        "rankPointReward": 83,
        "characterExpReward": 25,
        "manaReward": 25,
        "poolExpReward": 25
    },
    "14006": {
        "name": "",
        "clearRewardId": 1,
        "scoreRewardGroup": 60026,
        "bRankTime": 0,
        "aRankTime": 0,
        "sRankTime": 0,
        "sPlusRankTime": 0,
        "rankPointReward": 100,
        "characterExpReward": 30,
        "manaReward": 30,
        "poolExpReward": 30
    },
    "15001": {
        "name": "",
        "clearRewardId": 1,
        "scoreRewardGroup": 60028,
        "bRankTime": 0,
        "aRankTime": 0,
        "sRankTime": 0,
        "sPlusRankTime": 0,
        "rankPointReward": 2,
        "characterExpReward": 5,
        "manaReward": 5,
        "poolExpReward": 5
    },
    "15002": {
        "name": "",
        "clearRewardId": 1,
        "scoreRewardGroup": 60029,
        "bRankTime": 0,
        "aRankTime": 0,
        "sRankTime": 0,
        "sPlusRankTime": 0,
        "rankPointReward": 4,
        "characterExpReward": 10,
        "manaReward": 10,
        "poolExpReward": 10
    },
    "15003": {
        "name": "",
        "clearRewardId": 1,
        "scoreRewardGroup": 60030,
        "bRankTime": 0,
        "aRankTime": 0,
        "sRankTime": 0,
        "sPlusRankTime": 0,
        "rankPointReward": 10,
        "characterExpReward": 15,
        "manaReward": 15,
        "poolExpReward": 15
    },
    "15004": {
        "name": "",
        "clearRewardId": 1,
        "scoreRewardGroup": 60031,
        "bRankTime": 0,
        "aRankTime": 0,
        "sRankTime": 0,
        "sPlusRankTime": 0,
        "rankPointReward": 13,
        "characterExpReward": 20,
        "manaReward": 20,
        "poolExpReward": 20
    },
    "15005": {
        "name": "",
        "clearRewardId": 1,
        "scoreRewardGroup": 60032,
        "bRankTime": 0,
        "aRankTime": 0,
        "sRankTime": 0,
        "sPlusRankTime": 0,
        "rankPointReward": 83,
        "characterExpReward": 25,
        "manaReward": 25,
        "poolExpReward": 25
    },
    "15006": {
        "name": "",
        "clearRewardId": 1,
        "scoreRewardGroup": 60033,
        "bRankTime": 0,
        "aRankTime": 0,
        "sRankTime": 0,
        "sPlusRankTime": 0,
        "rankPointReward": 100,
        "characterExpReward": 30,
        "manaReward": 30,
        "poolExpReward": 30
    },
    "16001": {
        "name": "",
        "clearRewardId": 1,
        "scoreRewardGroup": 60035,
        "bRankTime": 0,
        "aRankTime": 0,
        "sRankTime": 0,
        "sPlusRankTime": 0,
        "rankPointReward": 2,
        "characterExpReward": 5,
        "manaReward": 5,
        "poolExpReward": 5
    },
    "16002": {
        "name": "",
        "clearRewardId": 1,
        "scoreRewardGroup": 60036,
        "bRankTime": 0,
        "aRankTime": 0,
        "sRankTime": 0,
        "sPlusRankTime": 0,
        "rankPointReward": 4,
        "characterExpReward": 10,
        "manaReward": 10,
        "poolExpReward": 10
    },
    "16003": {
        "name": "",
        "clearRewardId": 1,
        "scoreRewardGroup": 60037,
        "bRankTime": 0,
        "aRankTime": 0,
        "sRankTime": 0,
        "sPlusRankTime": 0,
        "rankPointReward": 10,
        "characterExpReward": 15,
        "manaReward": 15,
        "poolExpReward": 15
    },
    "16004": {
        "name": "",
        "clearRewardId": 1,
        "scoreRewardGroup": 60038,
        "bRankTime": 0,
        "aRankTime": 0,
        "sRankTime": 0,
        "sPlusRankTime": 0,
        "rankPointReward": 13,
        "characterExpReward": 20,
        "manaReward": 20,
        "poolExpReward": 20
    },
    "16005": {
        "name": "",
        "clearRewardId": 1,
        "scoreRewardGroup": 60039,
        "bRankTime": 0,
        "aRankTime": 0,
        "sRankTime": 0,
        "sPlusRankTime": 0,
        "rankPointReward": 83,
        "characterExpReward": 25,
        "manaReward": 25,
        "poolExpReward": 25
    },
    "16006": {
        "name": "",
        "clearRewardId": 1,
        "scoreRewardGroup": 60040,
        "bRankTime": 0,
        "aRankTime": 0,
        "sRankTime": 0,
        "sPlusRankTime": 0,
        "rankPointReward": 100,
        "characterExpReward": 30,
        "manaReward": 30,
        "poolExpReward": 30
    },
    "17001": {
        "name": "",
        "clearRewardId": 1,
        "scoreRewardGroup": 60007,
        "bRankTime": 0,
        "aRankTime": 0,
        "sRankTime": 0,
        "sPlusRankTime": 0,
        "rankPointReward": 2,
        "characterExpReward": 5,
        "manaReward": 5,
        "poolExpReward": 5
    },
    "17002": {
        "name": "",
        "clearRewardId": 1,
        "scoreRewardGroup": 60008,
        "bRankTime": 0,
        "aRankTime": 0,
        "sRankTime": 0,
        "sPlusRankTime": 0,
        "rankPointReward": 4,
        "characterExpReward": 10,
        "manaReward": 10,
        "poolExpReward": 10
    },
    "17003": {
        "name": "",
        "clearRewardId": 1,
        "scoreRewardGroup": 60009,
        "bRankTime": 0,
        "aRankTime": 0,
        "sRankTime": 0,
        "sPlusRankTime": 0,
        "rankPointReward": 10,
        "characterExpReward": 15,
        "manaReward": 15,
        "poolExpReward": 15
    },
    "17004": {
        "name": "",
        "clearRewardId": 1,
        "scoreRewardGroup": 60010,
        "bRankTime": 0,
        "aRankTime": 0,
        "sRankTime": 0,
        "sPlusRankTime": 0,
        "rankPointReward": 13,
        "characterExpReward": 20,
        "manaReward": 20,
        "poolExpReward": 20
    },
    "17005": {
        "name": "",
        "clearRewardId": 1,
        "scoreRewardGroup": 60011,
        "bRankTime": 0,
        "aRankTime": 0,
        "sRankTime": 0,
        "sPlusRankTime": 0,
        "rankPointReward": 83,
        "characterExpReward": 25,
        "manaReward": 25,
        "poolExpReward": 25
    },
    "17006": {
        "name": "",
        "clearRewardId": 1,
        "scoreRewardGroup": 60012,
        "bRankTime": 0,
        "aRankTime": 0,
        "sRankTime": 0,
        "sPlusRankTime": 0,
        "rankPointReward": 100,
        "characterExpReward": 30,
        "manaReward": 30,
        "poolExpReward": 30
    },
    "18001": {
        "name": "",
        "clearRewardId": 1,
        "scoreRewardGroup": 60042,
        "bRankTime": 0,
        "aRankTime": 0,
        "sRankTime": 0,
        "sPlusRankTime": 0,
        "rankPointReward": 2,
        "characterExpReward": 5,
        "manaReward": 5,
        "poolExpReward": 5
    },
    "18002": {
        "name": "",
        "clearRewardId": 1,
        "scoreRewardGroup": 60043,
        "bRankTime": 0,
        "aRankTime": 0,
        "sRankTime": 0,
        "sPlusRankTime": 0,
        "rankPointReward": 4,
        "characterExpReward": 10,
        "manaReward": 10,
        "poolExpReward": 10
    },
    "18003": {
        "name": "",
        "clearRewardId": 1,
        "scoreRewardGroup": 60044,
        "bRankTime": 0,
        "aRankTime": 0,
        "sRankTime": 0,
        "sPlusRankTime": 0,
        "rankPointReward": 10,
        "characterExpReward": 15,
        "manaReward": 15,
        "poolExpReward": 15
    },
    "18004": {
        "name": "",
        "clearRewardId": 1,
        "scoreRewardGroup": 60045,
        "bRankTime": 0,
        "aRankTime": 0,
        "sRankTime": 0,
        "sPlusRankTime": 0,
        "rankPointReward": 13,
        "characterExpReward": 20,
        "manaReward": 20,
        "poolExpReward": 20
    },
    "18005": {
        "name": "",
        "clearRewardId": 1,
        "scoreRewardGroup": 60046,
        "bRankTime": 0,
        "aRankTime": 0,
        "sRankTime": 0,
        "sPlusRankTime": 0,
        "rankPointReward": 83,
        "characterExpReward": 25,
        "manaReward": 25,
        "poolExpReward": 25
    },
    "18006": {
        "name": "",
        "clearRewardId": 1,
        "scoreRewardGroup": 60047,
        "bRankTime": 0,
        "aRankTime": 0,
        "sRankTime": 0,
        "sPlusRankTime": 0,
        "rankPointReward": 100,
        "characterExpReward": 30,
        "manaReward": 30,
        "poolExpReward": 30
    },
    "19001": {
        "name": "",
        "clearRewardId": 63,
        "scoreRewardGroup": 60044,
        "bRankTime": 0,
        "aRankTime": 0,
        "sRankTime": 0,
        "sPlusRankTime": 0,
        "rankPointReward": 10,
        "characterExpReward": 15,
        "manaReward": 15,
        "poolExpReward": 15
    },
    "19002": {
        "name": "",
        "clearRewardId": 63,
        "scoreRewardGroup": 60046,
        "bRankTime": 0,
        "aRankTime": 0,
        "sRankTime": 0,
        "sPlusRankTime": 0,
        "rankPointReward": 83,
        "characterExpReward": 25,
        "manaReward": 25,
        "poolExpReward": 25
    },
    "19003": {
        "name": "",
        "clearRewardId": 63,
        "scoreRewardGroup": 60047,
        "bRankTime": 0,
        "aRankTime": 0,
        "sRankTime": 0,
        "sPlusRankTime": 0,
        "rankPointReward": 100,
        "characterExpReward": 30,
        "manaReward": 30,
        "poolExpReward": 30
    },
    "19004": {
        "name": "",
        "clearRewardId": 63,
        "scoreRewardGroup": 60009,
        "bRankTime": 0,
        "aRankTime": 0,
        "sRankTime": 0,
        "sPlusRankTime": 0,
        "rankPointReward": 10,
        "characterExpReward": 15,
        "manaReward": 15,
        "poolExpReward": 15
    },
    "19005": {
        "name": "",
        "clearRewardId": 63,
        "scoreRewardGroup": 60011,
        "bRankTime": 0,
        "aRankTime": 0,
        "sRankTime": 0,
        "sPlusRankTime": 0,
        "rankPointReward": 83,
        "characterExpReward": 25,
        "manaReward": 25,
        "poolExpReward": 25
    },
    "19006": {
        "name": "",
        "clearRewardId": 63,
        "scoreRewardGroup": 60012,
        "bRankTime": 0,
        "aRankTime": 0,
        "sRankTime": 0,
        "sPlusRankTime": 0,
        "rankPointReward": 100,
        "characterExpReward": 30,
        "manaReward": 30,
        "poolExpReward": 30
    },
    "19007": {
        "name": "",
        "clearRewardId": 63,
        "scoreRewardGroup": 60030,
        "bRankTime": 0,
        "aRankTime": 0,
        "sRankTime": 0,
        "sPlusRankTime": 0,
        "rankPointReward": 10,
        "characterExpReward": 15,
        "manaReward": 15,
        "poolExpReward": 15
    },
    "19008": {
        "name": "",
        "clearRewardId": 63,
        "scoreRewardGroup": 60032,
        "bRankTime": 0,
        "aRankTime": 0,
        "sRankTime": 0,
        "sPlusRankTime": 0,
        "rankPointReward": 83,
        "characterExpReward": 25,
        "manaReward": 25,
        "poolExpReward": 25
    },
    "19009": {
        "name": "",
        "clearRewardId": 63,
        "scoreRewardGroup": 60033,
        "bRankTime": 0,
        "aRankTime": 0,
        "sRankTime": 0,
        "sPlusRankTime": 0,
        "rankPointReward": 100,
        "characterExpReward": 30,
        "manaReward": 30,
        "poolExpReward": 30
    },
    "19010": {
        "name": "",
        "clearRewardId": 63,
        "scoreRewardGroup": 60037,
        "bRankTime": 0,
        "aRankTime": 0,
        "sRankTime": 0,
        "sPlusRankTime": 0,
        "rankPointReward": 10,
        "characterExpReward": 15,
        "manaReward": 15,
        "poolExpReward": 15
    },
    "19011": {
        "name": "",
        "clearRewardId": 63,
        "scoreRewardGroup": 60039,
        "bRankTime": 0,
        "aRankTime": 0,
        "sRankTime": 0,
        "sPlusRankTime": 0,
        "rankPointReward": 83,
        "characterExpReward": 25,
        "manaReward": 25,
        "poolExpReward": 25
    },
    "19012": {
        "name": "",
        "clearRewardId": 63,
        "scoreRewardGroup": 60040,
        "bRankTime": 0,
        "aRankTime": 0,
        "sRankTime": 0,
        "sPlusRankTime": 0,
        "rankPointReward": 100,
        "characterExpReward": 30,
        "manaReward": 30,
        "poolExpReward": 30
    },
    "19013": {
        "name": "",
        "clearRewardId": 63,
        "scoreRewardGroup": 60023,
        "bRankTime": 0,
        "aRankTime": 0,
        "sRankTime": 0,
        "sPlusRankTime": 0,
        "rankPointReward": 10,
        "characterExpReward": 15,
        "manaReward": 15,
        "poolExpReward": 15
    },
    "19014": {
        "name": "",
        "clearRewardId": 63,
        "scoreRewardGroup": 60025,
        "bRankTime": 0,
        "aRankTime": 0,
        "sRankTime": 0,
        "sPlusRankTime": 0,
        "rankPointReward": 83,
        "characterExpReward": 25,
        "manaReward": 25,
        "poolExpReward": 25
    },
    "19015": {
        "name": "",
        "clearRewardId": 63,
        "scoreRewardGroup": 60026,
        "bRankTime": 0,
        "aRankTime": 0,
        "sRankTime": 0,
        "sPlusRankTime": 0,
        "rankPointReward": 100,
        "characterExpReward": 30,
        "manaReward": 30,
        "poolExpReward": 30
    },
    "19016": {
        "name": "",
        "clearRewardId": 63,
        "scoreRewardGroup": 60016,
        "bRankTime": 0,
        "aRankTime": 0,
        "sRankTime": 0,
        "sPlusRankTime": 0,
        "rankPointReward": 10,
        "characterExpReward": 15,
        "manaReward": 15,
        "poolExpReward": 15
    },
    "19017": {
        "name": "",
        "clearRewardId": 63,
        "scoreRewardGroup": 60018,
        "bRankTime": 0,
        "aRankTime": 0,
        "sRankTime": 0,
        "sPlusRankTime": 0,
        "rankPointReward": 83,
        "characterExpReward": 25,
        "manaReward": 25,
        "poolExpReward": 25
    },
    "19018": {
        "name": "",
        "clearRewardId": 63,
        "scoreRewardGroup": 60019,
        "bRankTime": 0,
        "aRankTime": 0,
        "sRankTime": 0,
        "sPlusRankTime": 0,
        "rankPointReward": 100,
        "characterExpReward": 30,
        "manaReward": 30,
        "poolExpReward": 30
    }
}