{
    "1001001": {
        "name": "",
        "clearRewardId": 25,
        "sPlusRewardId": 1,
        "scoreRewardGroup": 50000,
        "bRankTime": 474000,
        "aRankTime": 369000,
        "sRankTime": 264000,
        "sPlusRankTime": 180000,
        "rankPointReward": 11,
        "characterExpReward": 46,
        "manaReward": 40,
        "poolExpReward": 46
    },
    "1002001": {
        "name": "",
        "clearRewardId": 25,
        "sPlusRewardId": 1,
        "scoreRewardGroup": 50001,
        "bRankTime": 474000,
        "aRankTime": 369000,
        "sRankTime": 264000,
        "sPlusRankTime": 180000,
        "rankPointReward": 14,
        "characterExpReward": 63,
        "manaReward": 50,
        "poolExpReward": 63
    },
    "1002002": {
        "name": "",
        "clearRewardId": 25,
        "sPlusRewardId": 1,
        "scoreRewardGroup": 50002,
        "bRankTime": 474000,
        "aRankTime": 369000,
        "sRankTime": 264000,
        "sPlusRankTime": 180000,
        "rankPointReward": 12,
        "characterExpReward": 50,
        "manaReward": 40,
        "poolExpReward": 50
    },
    "1003001": {
        "name": "",
        "clearRewardId": 25,
        "sPlusRewardId": 1,
        "scoreRewardGroup": 50003,
        "bRankTime": 474000,
        "aRankTime": 369000,
        "sRankTime": 264000,
        "sPlusRankTime": 180000,
        "rankPointReward": 15,
        "characterExpReward": 69,
        "manaReward": 60,
        "poolExpReward": 69
    },
    "1004001": {
        "name": "",
        "clearRewardId": 25,
        "sPlusRewardId": 1,
        "scoreRewardGroup": 50004,
        "bRankTime": 492000,
        "aRankTime": 402000,
        "sRankTime": 312000,
        "sPlusRankTime": 240000,
        "rankPointReward": 23,
        "characterExpReward": 119,
        "manaReward": 90,
        "poolExpReward": 119
    },
    "1005001": {
        "name": "",
        "clearRewardId": 25,
        "sPlusRewardId": 1,
        "scoreRewardGroup": 50005,
        "bRankTime": 474000,
        "aRankTime": 369000,
        "sRankTime": 264000,
        "sPlusRankTime": 180000,
        "rankPointReward": 15,
        "characterExpReward": 71,
        "manaReward": 60,
        "poolExpReward": 71
    },
    "1005002": {
        "name": "",
        "clearRewardId": 25,
        "sPlusRewardId": 1,
        "scoreRewardGroup": 50006,
        "bRankTime": 474000,
        "aRankTime": 369000,
        "sRankTime": 264000,
        "sPlusRankTime": 180000,
        "rankPointReward": 18,
        "characterExpReward": 89,
        "manaReward": 70,
        "poolExpReward": 89
    },
    "1006001": {
        "name": "",
        "clearRewardId": 25,
        "sPlusRewardId": 1,
        "scoreRewardGroup": 50007,
        "bRankTime": 474000,
        "aRankTime": 369000,
        "sRankTime": 264000,
        "sPlusRankTime": 180000,
        "rankPointReward": 16,
        "characterExpReward": 74,
        "manaReward": 60,
        "poolExpReward": 74
    },
    "1006002": {
        "name": "",
        "clearRewardId": 25,
        "sPlusRewardId": 1,
        "scoreRewardGroup": 50008,
        "bRankTime": 474000,
        "aRankTime": 369000,
        "sRankTime": 264000,
        "sPlusRankTime": 180000,
        "rankPointReward": 18,
        "characterExpReward": 92,
        "manaReward": 80,
        "poolExpReward": 92
    },
    "1007001": {
        "name": "",
        "clearRewardId": 25,
        "sPlusRewardId": 1,
        "scoreRewardGroup": 50009,
        "bRankTime": 492000,
        "aRankTime": 402000,
        "sRankTime": 312000,
        "sPlusRankTime": 240000,
        "rankPointReward": 25,
        "characterExpReward": 134,
        "manaReward": 100,
        "poolExpReward": 134
    },
    "1008001": {
        "name": "",
        "clearRewardId": 25,
        "sPlusRewardId": 1,
        "scoreRewardGroup": 50010,
        "bRankTime": 492000,
        "aRankTime": 402000,
        "sRankTime": 312000,
        "sPlusRankTime": 240000,
        "rankPointReward": 28,
        "characterExpReward": 153,
        "manaReward": 120,
        "poolExpReward": 153
    },
    "2001001": {
        "name": "",
        "clearRewardId": 25,
        "sPlusRewardId": 1,
        "scoreRewardGroup": 50011,
        "bRankTime": 474000,
        "aRankTime": 369000,
        "sRankTime": 264000,
        "sPlusRankTime": 180000,
        "rankPointReward": 20,
        "characterExpReward": 78,
        "manaReward": 70,
        "poolExpReward": 78
    },
    "2001002": {
        "name": "",
        "clearRewardId": 25,
        "sPlusRewardId": 1,
        "scoreRewardGroup": 50012,
        "bRankTime": 474000,
        "aRankTime": 369000,
        "sRankTime": 264000,
        "sPlusRankTime": 180000,
        "rankPointReward": 20,
        "characterExpReward": 78,
        "manaReward": 70,
        "poolExpReward": 78
    },
    "2002001": {
        "name": "",
        "clearRewardId": 25,
        "sPlusRewardId": 1,
        "scoreRewardGroup": 50013,
        "bRankTime": 492000,
        "aRankTime": 402000,
        "sRankTime": 312000,
        "sPlusRankTime": 240000,
        "rankPointReward": 33,
        "characterExpReward": 115,
        "manaReward": 100,
        "poolExpReward": 115
    },
    "2003001": {
        "name": "",
        "clearRewardId": 25,
        "sPlusRewardId": 1,
        "scoreRewardGroup": 50014,
        "bRankTime": 474000,
        "aRankTime": 369000,
        "sRankTime": 264000,
        "sPlusRankTime": 180000,
        "rankPointReward": 20,
        "characterExpReward": 78,
        "manaReward": 70,
        "poolExpReward": 78
    },
    "2003002": {
        "name": "",
        "clearRewardId": 25,
        "sPlusRewardId": 1,
        "scoreRewardGroup": 50015,
        "bRankTime": 474000,
        "aRankTime": 369000,
        "sRankTime": 264000,
        "sPlusRankTime": 180000,
        "rankPointReward": 20,
        "characterExpReward": 81,
        "manaReward": 80,
        "poolExpReward": 81
    },
    "2004001": {
        "name": "",
        "clearRewardId": 25,
        "sPlusRewardId": 1,
        "scoreRewardGroup": 50016,
        "bRankTime": 474000,
        "aRankTime": 369000,
        "sRankTime": 264000,
        "sPlusRankTime": 180000,
        "rankPointReward": 28,
        "characterExpReward": 92,
        "manaReward": 80,
        "poolExpReward": 92
    },
    "2004002": {
        "name": "",
        "clearRewardId": 25,
        "sPlusRewardId": 1,
        "scoreRewardGroup": 50017,
        "bRankTime": 474000,
        "aRankTime": 369000,
        "sRankTime": 264000,
        "sPlusRankTime": 180000,
        "rankPointReward": 33,
        "characterExpReward": 115,
        "manaReward": 100,
        "poolExpReward": 115
    },
    "2005001": {
        "name": "",
        "clearRewardId": 25,
        "sPlusRewardId": 1,
        "scoreRewardGroup": 50018,
        "bRankTime": 474000,
        "aRankTime": 369000,
        "sRankTime": 264000,
        "sPlusRankTime": 180000,
        "rankPointReward": 24,
        "characterExpReward": 72,
        "manaReward": 70,
        "poolExpReward": 72
    },
    "2005002": {
        "name": "",
        "clearRewardId": 25,
        "sPlusRewardId": 1,
        "scoreRewardGroup": 50019,
        "bRankTime": 474000,
        "aRankTime": 369000,
        "sRankTime": 264000,
        "sPlusRankTime": 180000,
        "rankPointReward": 35,
        "characterExpReward": 122,
        "manaReward": 100,
        "poolExpReward": 122
    },
    "2006001": {
        "name": "",
        "clearRewardId": 25,
        "sPlusRewardId": 1,
        "scoreRewardGroup": 50020,
        "bRankTime": 474000,
        "aRankTime": 369000,
        "sRankTime": 264000,
        "sPlusRankTime": 180000,
        "rankPointReward": 30,
        "characterExpReward": 101,
        "manaReward": 90,
        "poolExpReward": 101
    },
    "2006002": {
        "name": "",
        "clearRewardId": 25,
        "sPlusRewardId": 1,
        "scoreRewardGroup": 50021,
        "bRankTime": 492000,
        "aRankTime": 402000,
        "sRankTime": 312000,
        "sPlusRankTime": 240000,
        "rankPointReward": 51,
        "characterExpReward": 197,
        "manaReward": 150,
        "poolExpReward": 197
    },
    "2007001": {
        "name": "",
        "clearRewardId": 25,
        "sPlusRewardId": 1,
        "scoreRewardGroup": 50022,
        "bRankTime": 474000,
        "aRankTime": 369000,
        "sRankTime": 264000,
        "sPlusRankTime": 180000,
        "rankPointReward": 31,
        "characterExpReward": 107,
        "manaReward": 90,
        "poolExpReward": 107
    },
    "2007002": {
        "name": "",
        "clearRewardId": 25,
        "sPlusRewardId": 1,
        "scoreRewardGroup": 50023,
        "bRankTime": 474000,
        "aRankTime": 369000,
        "sRankTime": 264000,
        "sPlusRankTime": 180000,
        "rankPointReward": 31,
        "characterExpReward": 107,
        "manaReward": 90,
        "poolExpReward": 107
    },
    "2008001": {
        "name": "",
        "clearRewardId": 25,
        "sPlusRewardId": 1,
        "scoreRewardGroup": 50024,
        "bRankTime": 474000,
        "aRankTime": 369000,
        "sRankTime": 264000,
        "sPlusRankTime": 180000,
        "rankPointReward": 32,
        "characterExpReward": 110,
        "manaReward": 90,
        "poolExpReward": 110
    },
    "2008002": {
        "name": "",
        "clearRewardId": 25,
        "sPlusRewardId": 1,
        "scoreRewardGroup": 50025,
        "bRankTime": 474000,
        "aRankTime": 369000,
        "sRankTime": 264000,
        "sPlusRankTime": 180000,
        "rankPointReward": 38,
        "characterExpReward": 137,
        "manaReward": 110,
        "poolExpReward": 137
    },
    "2009001": {
        "name": "",
        "clearRewardId": 25,
        "sPlusRewardId": 1,
        "scoreRewardGroup": 50026,
        "bRankTime": 474000,
        "aRankTime": 369000,
        "sRankTime": 264000,
        "sPlusRankTime": 180000,
        "rankPointReward": 35,
        "characterExpReward": 130,
        "manaReward": 100,
        "poolExpReward": 130
    },
    "2009002": {
        "name": "",
        "clearRewardId": 25,
        "sPlusRewardId": 1,
        "scoreRewardGroup": 50027,
        "bRankTime": 474000,
        "aRankTime": 369000,
        "sRankTime": 264000,
        "sPlusRankTime": 180000,
        "rankPointReward": 35,
        "characterExpReward": 130,
        "manaReward": 100,
        "poolExpReward": 130
    },
    "2009003": {
        "name": "",
        "clearRewardId": 25,
        "sPlusRewardId": 1,
        "scoreRewardGroup": 50028,
        "bRankTime": 492000,
        "aRankTime": 402000,
        "sRankTime": 312000,
        "sPlusRankTime": 240000,
        "rankPointReward": 61,
        "characterExpReward": 258,
        "manaReward": 180,
        "poolExpReward": 258
    },
    "3001001": {
        "name": "",
        "clearRewardId": 25,
        "sPlusRewardId": 1,
        "scoreRewardGroup": 50029,
        "bRankTime": 474000,
        "aRankTime": 369000,
        "sRankTime": 264000,
        "sPlusRankTime": 180000,
        "rankPointReward": 35,
        "characterExpReward": 105,
        "manaReward": 100,
        "poolExpReward": 105
    },
    "3001002": {
        "name": "",
        "clearRewardId": 25,
        "sPlusRewardId": 1,
        "scoreRewardGroup": 50030,
        "bRankTime": 474000,
        "aRankTime": 369000,
        "sRankTime": 264000,
        "sPlusRankTime": 180000,
        "rankPointReward": 30,
        "characterExpReward": 84,
        "manaReward": 80,
        "poolExpReward": 84
    },
    "3002001": {
        "name": "",
        "clearRewardId": 25,
        "sPlusRewardId": 1,
        "scoreRewardGroup": 50031,
        "bRankTime": 474000,
        "aRankTime": 369000,
        "sRankTime": 264000,
        "sPlusRankTime": 180000,
        "rankPointReward": 44,
        "characterExpReward": 146,
        "manaReward": 130,
        "poolExpReward": 146
    },
    "3003001": {
        "name": "",
        "clearRewardId": 25,
        "sPlusRewardId": 1,
        "scoreRewardGroup": 50032,
        "bRankTime": 474000,
        "aRankTime": 369000,
        "sRankTime": 264000,
        "sPlusRankTime": 180000,
        "rankPointReward": 39,
        "characterExpReward": 131,
        "manaReward": 110,
        "poolExpReward": 131
    },
    "3004001": {
        "name": "",
        "clearRewardId": 25,
        "sPlusRewardId": 1,
        "scoreRewardGroup": 50033,
        "bRankTime": 474000,
        "aRankTime": 369000,
        "sRankTime": 264000,
        "sPlusRankTime": 180000,
        "rankPointReward": 37,
        "characterExpReward": 117,
        "manaReward": 110,
        "poolExpReward": 117
    },
    "3004002": {
        "name": "",
        "clearRewardId": 25,
        "sPlusRewardId": 1,
        "scoreRewardGroup": 50034,
        "bRankTime": 474000,
        "aRankTime": 369000,
        "sRankTime": 264000,
        "sPlusRankTime": 180000,
        "rankPointReward": 46,
        "characterExpReward": 167,
        "manaReward": 130,
        "poolExpReward": 167
    },
    "3005001": {
        "name": "",
        "clearRewardId": 25,
        "sPlusRewardId": 1,
        "scoreRewardGroup": 50035,
        "bRankTime": 474000,
        "aRankTime": 369000,
        "sRankTime": 264000,
        "sPlusRankTime": 180000,
        "rankPointReward": 30,
        "characterExpReward": 84,
        "manaReward": 80,
        "poolExpReward": 84
    },
    "3005002": {
        "name": "",
        "clearRewardId": 25,
        "sPlusRewardId": 1,
        "scoreRewardGroup": 50036,
        "bRankTime": 474000,
        "aRankTime": 369000,
        "sRankTime": 264000,
        "sPlusRankTime": 180000,
        "rankPointReward": 40,
        "characterExpReward": 138,
        "manaReward": 110,
        "poolExpReward": 138
    },
    "3006001": {
        "name": "",
        "clearRewardId": 25,
        "sPlusRewardId": 1,
        "scoreRewardGroup": 50037,
        "bRankTime": 492000,
        "aRankTime": 402000,
        "sRankTime": 312000,
        "sPlusRankTime": 240000,
        "rankPointReward": 59,
        "characterExpReward": 227,
        "manaReward": 170,
        "poolExpReward": 227
    },
    "3007001": {
        "name": "",
        "clearRewardId": 25,
        "sPlusRewardId": 1,
        "scoreRewardGroup": 50038,
        "bRankTime": 474000,
        "aRankTime": 369000,
        "sRankTime": 264000,
        "sPlusRankTime": 180000,
        "rankPointReward": 31,
        "characterExpReward": 87,
        "manaReward": 90,
        "poolExpReward": 87
    },
    "3007002": {
        "name": "",
        "clearRewardId": 25,
        "sPlusRewardId": 1,
        "scoreRewardGroup": 50039,
        "bRankTime": 474000,
        "aRankTime": 369000,
        "sRankTime": 264000,
        "sPlusRankTime": 180000,
        "rankPointReward": 31,
        "characterExpReward": 89,
        "manaReward": 90,
        "poolExpReward": 89
    },
    "3007003": {
        "name": "",
        "clearRewardId": 25,
        "sPlusRewardId": 1,
        "scoreRewardGroup": 50040,
        "bRankTime": 474000,
        "aRankTime": 369000,
        "sRankTime": 264000,
        "sPlusRankTime": 180000,
        "rankPointReward": 47,
        "characterExpReward": 171,
        "manaReward": 140,
        "poolExpReward": 171
    },
    "3008001": {
        "name": "",
        "clearRewardId": 25,
        "sPlusRewardId": 1,
        "scoreRewardGroup": 50041,
        "bRankTime": 474000,
        "aRankTime": 369000,
        "sRankTime": 264000,
        "sPlusRankTime": 180000,
        "rankPointReward": 39,
        "characterExpReward": 131,
        "manaReward": 110,
        "poolExpReward": 131
    },
    "3008002": {
        "name": "",
        "clearRewardId": 25,
        "sPlusRewardId": 1,
        "scoreRewardGroup": 50042,
        "bRankTime": 474000,
        "aRankTime": 369000,
        "sRankTime": 264000,
        "sPlusRankTime": 180000,
        "rankPointReward": 47,
        "characterExpReward": 171,
        "manaReward": 140,
        "poolExpReward": 171
    },
    "3009001": {
        "name": "",
        "clearRewardId": 25,
        "sPlusRewardId": 1,
        "scoreRewardGroup": 50043,
        "bRankTime": 492000,
        "aRankTime": 402000,
        "sRankTime": 312000,
        "sPlusRankTime": 240000,
        "rankPointReward": 41,
        "characterExpReward": 141,
        "manaReward": 120,
        "poolExpReward": 141
    },
    "3009002": {
        "name": "",
        "clearRewardId": 25,
        "sPlusRewardId": 1,
        "scoreRewardGroup": 50044,
        "bRankTime": 474000,
        "aRankTime": 369000,
        "sRankTime": 264000,
        "sPlusRankTime": 180000,
        "rankPointReward": 41,
        "characterExpReward": 144,
        "manaReward": 120,
        "poolExpReward": 144
    },
    "3010001": {
        "name": "",
        "clearRewardId": 25,
        "sPlusRewardId": 1,
        "scoreRewardGroup": 50045,
        "bRankTime": 474000,
        "aRankTime": 369000,
        "sRankTime": 264000,
        "sPlusRankTime": 180000,
        "rankPointReward": 35,
        "characterExpReward": 111,
        "manaReward": 100,
        "poolExpReward": 111
    },
    "3010002": {
        "name": "",
        "clearRewardId": 25,
        "sPlusRewardId": 1,
        "scoreRewardGroup": 50046,
        "bRankTime": 474000,
        "aRankTime": 369000,
        "sRankTime": 264000,
        "sPlusRankTime": 180000,
        "rankPointReward": 45,
        "characterExpReward": 160,
        "manaReward": 130,
        "poolExpReward": 160
    },
    "3011001": {
        "name": "",
        "clearRewardId": 25,
        "sPlusRewardId": 1,
        "scoreRewardGroup": 50047,
        "bRankTime": 492000,
        "aRankTime": 402000,
        "sRankTime": 312000,
        "sPlusRankTime": 240000,
        "rankPointReward": 71,
        "characterExpReward": 285,
        "manaReward": 210,
        "poolExpReward": 285
    },
    "3012001": {
        "name": "",
        "clearRewardId": 25,
        "sPlusRewardId": 1,
        "scoreRewardGroup": 50048,
        "bRankTime": 474000,
        "aRankTime": 369000,
        "sRankTime": 264000,
        "sPlusRankTime": 180000,
        "rankPointReward": 42,
        "characterExpReward": 147,
        "manaReward": 120,
        "poolExpReward": 147
    },
    "3012002": {
        "name": "",
        "clearRewardId": 25,
        "sPlusRewardId": 1,
        "scoreRewardGroup": 50049,
        "bRankTime": 474000,
        "aRankTime": 369000,
        "sRankTime": 264000,
        "sPlusRankTime": 180000,
        "rankPointReward": 43,
        "characterExpReward": 151,
        "manaReward": 120,
        "poolExpReward": 151
    },
    "3013001": {
        "name": "",
        "clearRewardId": 25,
        "sPlusRewardId": 1,
        "scoreRewardGroup": 50050,
        "bRankTime": 492000,
        "aRankTime": 402000,
        "sRankTime": 312000,
        "sPlusRankTime": 240000,
        "rankPointReward": 179,
        "characterExpReward": 403,
        "manaReward": 230,
        "poolExpReward": 403
    },
    "4001001": {
        "name": "",
        "clearRewardId": 25,
        "sPlusRewardId": 1,
        "scoreRewardGroup": 50051,
        "bRankTime": 474000,
        "aRankTime": 369000,
        "sRankTime": 264000,
        "sPlusRankTime": 180000,
        "rankPointReward": 46,
        "characterExpReward": 148,
        "manaReward": 130,
        "poolExpReward": 148
    },
    "4001002": {
        "name": "",
        "clearRewardId": 25,
        "sPlusRewardId": 1,
        "scoreRewardGroup": 50052,
        "bRankTime": 474000,
        "aRankTime": 369000,
        "sRankTime": 264000,
        "sPlusRankTime": 180000,
        "rankPointReward": 46,
        "characterExpReward": 148,
        "manaReward": 130,
        "poolExpReward": 148
    },
    "4002001": {
        "name": "",
        "clearRewardId": 25,
        "sPlusRewardId": 1,
        "scoreRewardGroup": 50053,
        "bRankTime": 474000,
        "aRankTime": 369000,
        "sRankTime": 264000,
        "sPlusRankTime": 180000,
        "rankPointReward": 46,
        "characterExpReward": 148,
        "manaReward": 130,
        "poolExpReward": 148
    },
    "4002002": {
        "name": "",
        "clearRewardId": 25,
        "sPlusRewardId": 1,
        "scoreRewardGroup": 50054,
        "bRankTime": 474000,
        "aRankTime": 369000,
        "sRankTime": 264000,
        "sPlusRankTime": 180000,
        "rankPointReward": 47,
        "characterExpReward": 155,
        "manaReward": 130,
        "poolExpReward": 155
    },
    "4002003": {
        "name": "",
        "clearRewardId": 25,
        "sPlusRewardId": 1,
        "scoreRewardGroup": 50055,
        "bRankTime": 474000,
        "aRankTime": 369000,
        "sRankTime": 264000,
        "sPlusRankTime": 180000,
        "rankPointReward": 56,
        "characterExpReward": 196,
        "manaReward": 160,
        "poolExpReward": 196
    },
    "4003001": {
        "name": "",
        "clearRewardId": 25,
        "sPlusRewardId": 1,
        "scoreRewardGroup": 50056,
        "bRankTime": 474000,
        "aRankTime": 369000,
        "sRankTime": 264000,
        "sPlusRankTime": 180000,
        "rankPointReward": 79,
        "characterExpReward": 154,
        "manaReward": 120,
        "poolExpReward": 154
    },
    "4003002": {
        "name": "",
        "clearRewardId": 25,
        "sPlusRewardId": 1,
        "scoreRewardGroup": 50057,
        "bRankTime": 474000,
        "aRankTime": 369000,
        "sRankTime": 264000,
        "sPlusRankTime": 180000,
        "rankPointReward": 101,
        "characterExpReward": 208,
        "manaReward": 140,
        "poolExpReward": 208
    },
    "4003003": {
        "name": "",
        "clearRewardId": 25,
        "sPlusRewardId": 1,
        "scoreRewardGroup": 50058,
        "bRankTime": 492000,
        "aRankTime": 402000,
        "sRankTime": 312000,
        "sPlusRankTime": 240000,
        "rankPointReward": 176,
        "characterExpReward": 389,
        "manaReward": 230,
        "poolExpReward": 389
    },
    "4004001": {
        "name": "",
        "clearRewardId": 25,
        "sPlusRewardId": 1,
        "scoreRewardGroup": 50059,
        "bRankTime": 474000,
        "aRankTime": 369000,
        "sRankTime": 264000,
        "sPlusRankTime": 180000,
        "rankPointReward": 40,
        "characterExpReward": 117,
        "manaReward": 110,
        "poolExpReward": 117
    },
    "4004002": {
        "name": "",
        "clearRewardId": 25,
        "sPlusRewardId": 1,
        "scoreRewardGroup": 50060,
        "bRankTime": 474000,
        "aRankTime": 369000,
        "sRankTime": 264000,
        "sPlusRankTime": 180000,
        "rankPointReward": 47,
        "characterExpReward": 155,
        "manaReward": 130,
        "poolExpReward": 155
    },
    "4004003": {
        "name": "",
        "clearRewardId": 25,
        "sPlusRewardId": 1,
        "scoreRewardGroup": 50061,
        "bRankTime": 474000,
        "aRankTime": 369000,
        "sRankTime": 264000,
        "sPlusRankTime": 180000,
        "rankPointReward": 48,
        "characterExpReward": 158,
        "manaReward": 140,
        "poolExpReward": 158
    },
    "4004004": {
        "name": "",
        "clearRewardId": 25,
        "sPlusRewardId": 1,
        "scoreRewardGroup": 50062,
        "bRankTime": 474000,
        "aRankTime": 369000,
        "sRankTime": 264000,
        "sPlusRankTime": 180000,
        "rankPointReward": 48,
        "characterExpReward": 158,
        "manaReward": 140,
        "poolExpReward": 158
    },
    "4005001": {
        "name": "",
        "clearRewardId": 25,
        "sPlusRewardId": 1,
        "scoreRewardGroup": 50063,
        "bRankTime": 474000,
        "aRankTime": 369000,
        "sRankTime": 264000,
        "sPlusRankTime": 180000,
        "rankPointReward": 57,
        "characterExpReward": 200,
        "manaReward": 160,
        "poolExpReward": 200
    },
    "4005002": {
        "name": "",
        "clearRewardId": 25,
        "sPlusRewardId": 1,
        "scoreRewardGroup": 50064,
        "bRankTime": 474000,
        "aRankTime": 369000,
        "sRankTime": 264000,
        "sPlusRankTime": 180000,
        "rankPointReward": 49,
        "characterExpReward": 161,
        "manaReward": 140,
        "poolExpReward": 161
    },
    "4006001": {
        "name": "",
        "clearRewardId": 25,
        "sPlusRewardId": 1,
        "scoreRewardGroup": 50065,
        "bRankTime": 474000,
        "aRankTime": 369000,
        "sRankTime": 264000,
        "sPlusRankTime": 180000,
        "rankPointReward": 99,
        "characterExpReward": 204,
        "manaReward": 140,
        "poolExpReward": 204
    },
    "4006002": {
        "name": "",
        "clearRewardId": 25,
        "sPlusRewardId": 1,
        "scoreRewardGroup": 50066,
        "bRankTime": 474000,
        "aRankTime": 369000,
        "sRankTime": 264000,
        "sPlusRankTime": 180000,
        "rankPointReward": 99,
        "characterExpReward": 204,
        "manaReward": 140,
        "poolExpReward": 204
    },
    "4006003": {
        "name": "",
        "clearRewardId": 25,
        "sPlusRewardId": 1,
        "scoreRewardGroup": 50067,
        "bRankTime": 474000,
        "aRankTime": 369000,
        "sRankTime": 264000,
        "sPlusRankTime": 180000,
        "rankPointReward": 99,
        "characterExpReward": 204,
        "manaReward": 140,
        "poolExpReward": 204
    },
    "4006004": {
        "name": "",
        "clearRewardId": 25,
        "sPlusRewardId": 1,
        "scoreRewardGroup": 50068,
        "bRankTime": 474000,
        "aRankTime": 369000,
        "sRankTime": 264000,
        "sPlusRankTime": 180000,
        "rankPointReward": 120,
        "characterExpReward": 254,
        "manaReward": 170,
        "poolExpReward": 254
    },
    "4007001": {
        "name": "",
        "clearRewardId": 25,
        "sPlusRewardId": 1,
        "scoreRewardGroup": 50069,
        "bRankTime": 492000,
        "aRankTime": 402000,
        "sRankTime": 312000,
        "sPlusRankTime": 240000,
        "rankPointReward": 120,
        "characterExpReward": 254,
        "manaReward": 170,
        "poolExpReward": 254
    },
    "4008001": {
        "name": "",
        "clearRewardId": 25,
        "sPlusRewardId": 1,
        "scoreRewardGroup": 50070,
        "bRankTime": 474000,
        "aRankTime": 369000,
        "sRankTime": 264000,
        "sPlusRankTime": 180000,
        "rankPointReward": 101,
        "characterExpReward": 208,
        "manaReward": 140,
        "poolExpReward": 208
    },
    "4008002": {
        "name": "",
        "clearRewardId": 25,
        "sPlusRewardId": 1,
        "scoreRewardGroup": 50071,
        "bRankTime": 474000,
        "aRankTime": 369000,
        "sRankTime": 264000,
        "sPlusRankTime": 180000,
        "rankPointReward": 101,
        "characterExpReward": 208,
        "manaReward": 140,
        "poolExpReward": 208
    },
    "4009001": {
        "name": "",
        "clearRewardId": 25,
        "sPlusRewardId": 1,
        "scoreRewardGroup": 50072,
        "bRankTime": 474000,
        "aRankTime": 369000,
        "sRankTime": 264000,
        "sPlusRankTime": 180000,
        "rankPointReward": 81,
        "characterExpReward": 160,
        "manaReward": 120,
        "poolExpReward": 160
    },
    "4010001": {
        "name": "",
        "clearRewardId": 25,
        "sPlusRewardId": 1,
        "scoreRewardGroup": 50073,
        "bRankTime": 474000,
        "aRankTime": 369000,
        "sRankTime": 264000,
        "sPlusRankTime": 180000,
        "rankPointReward": 124,
        "characterExpReward": 264,
        "manaReward": 170,
        "poolExpReward": 264
    },
    "4011001": {
        "name": "",
        "clearRewardId": 25,
        "sPlusRewardId": 1,
        "scoreRewardGroup": 50074,
        "bRankTime": 474000,
        "aRankTime": 369000,
        "sRankTime": 264000,
        "sPlusRankTime": 180000,
        "rankPointReward": 104,
        "characterExpReward": 216,
        "manaReward": 150,
        "poolExpReward": 216
    },
    "4011002": {
        "name": "",
        "clearRewardId": 25,
        "sPlusRewardId": 1,
        "scoreRewardGroup": 50075,
        "bRankTime": 474000,
        "aRankTime": 369000,
        "sRankTime": 264000,
        "sPlusRankTime": 180000,
        "rankPointReward": 104,
        "characterExpReward": 216,
        "manaReward": 150,
        "poolExpReward": 216
    },
    "4011003": {
        "name": "",
        "clearRewardId": 25,
        "sPlusRewardId": 1,
        "scoreRewardGroup": 50076,
        "bRankTime": 492000,
        "aRankTime": 402000,
        "sRankTime": 312000,
        "sPlusRankTime": 240000,
        "rankPointReward": 216,
        "characterExpReward": 844,
        "manaReward": 280,
        "poolExpReward": 844
    },
    "5001001": {
        "name": "",
        "clearRewardId": 25,
        "sPlusRewardId": 1,
        "scoreRewardGroup": 50077,
        "bRankTime": 474000,
        "aRankTime": 369000,
        "sRankTime": 264000,
        "sPlusRankTime": 180000,
        "rankPointReward": 86,
        "characterExpReward": 164,
        "manaReward": 130,
        "poolExpReward": 164
    },
    "5002001": {
        "name": "",
        "clearRewardId": 25,
        "sPlusRewardId": 1,
        "scoreRewardGroup": 50078,
        "bRankTime": 474000,
        "aRankTime": 369000,
        "sRankTime": 264000,
        "sPlusRankTime": 180000,
        "rankPointReward": 86,
        "characterExpReward": 164,
        "manaReward": 130,
        "poolExpReward": 164
    },
    "5002002": {
        "name": "",
        "clearRewardId": 25,
        "sPlusRewardId": 1,
        "scoreRewardGroup": 50079,
        "bRankTime": 492000,
        "aRankTime": 402000,
        "sRankTime": 312000,
        "sPlusRankTime": 240000,
        "rankPointReward": 108,
        "characterExpReward": 217,
        "manaReward": 160,
        "poolExpReward": 217
    },
    "5003001": {
        "name": "",
        "clearRewardId": 25,
        "sPlusRewardId": 1,
        "scoreRewardGroup": 50080,
        "bRankTime": 474000,
        "aRankTime": 369000,
        "sRankTime": 264000,
        "sPlusRankTime": 180000,
        "rankPointReward": 88,
        "characterExpReward": 167,
        "manaReward": 130,
        "poolExpReward": 167
    },
    "5003002": {
        "name": "",
        "clearRewardId": 25,
        "sPlusRewardId": 1,
        "scoreRewardGroup": 50081,
        "bRankTime": 474000,
        "aRankTime": 369000,
        "sRankTime": 264000,
        "sPlusRankTime": 180000,
        "rankPointReward": 110,
        "characterExpReward": 221,
        "manaReward": 160,
        "poolExpReward": 221
    },
    "5004001": {
        "name": "",
        "clearRewardId": 25,
        "sPlusRewardId": 1,
        "scoreRewardGroup": 50082,
        "bRankTime": 492000,
        "aRankTime": 402000,
        "sRankTime": 312000,
        "sPlusRankTime": 240000,
        "rankPointReward": 180,
        "characterExpReward": 390,
        "manaReward": 240,
        "poolExpReward": 390
    },
    "5005001": {
        "name": "",
        "clearRewardId": 25,
        "sPlusRewardId": 1,
        "scoreRewardGroup": 50083,
        "bRankTime": 474000,
        "aRankTime": 369000,
        "sRankTime": 264000,
        "sPlusRankTime": 180000,
        "rankPointReward": 84,
        "characterExpReward": 158,
        "manaReward": 130,
        "poolExpReward": 158
    },
    "5005002": {
        "name": "",
        "clearRewardId": 25,
        "sPlusRewardId": 1,
        "scoreRewardGroup": 50084,
        "bRankTime": 474000,
        "aRankTime": 369000,
        "sRankTime": 264000,
        "sPlusRankTime": 180000,
        "rankPointReward": 105,
        "characterExpReward": 209,
        "manaReward": 150,
        "poolExpReward": 209
    },
    "5006001": {
        "name": "",
        "clearRewardId": 25,
        "sPlusRewardId": 1,
        "scoreRewardGroup": 50085,
        "bRankTime": 474000,
        "aRankTime": 369000,
        "sRankTime": 264000,
        "sPlusRankTime": 180000,
        "rankPointReward": 85,
        "characterExpReward": 161,
        "manaReward": 130,
        "poolExpReward": 161
    },
    "5006002": {
        "name": "",
        "clearRewardId": 25,
        "sPlusRewardId": 1,
        "scoreRewardGroup": 50086,
        "bRankTime": 474000,
        "aRankTime": 369000,
        "sRankTime": 264000,
        "sPlusRankTime": 180000,
        "rankPointReward": 107,
        "characterExpReward": 213,
        "manaReward": 150,
        "poolExpReward": 213
    },
    "5007001": {
        "name": "",
        "clearRewardId": 25,
        "sPlusRewardId": 1,
        "scoreRewardGroup": 50087,
        "bRankTime": 474000,
        "aRankTime": 369000,
        "sRankTime": 264000,
        "sPlusRankTime": 180000,
        "rankPointReward": 108,
        "characterExpReward": 217,
        "manaReward": 160,
        "poolExpReward": 217
    },
    "5008001": {
        "name": "",
        "clearRewardId": 25,
        "sPlusRewardId": 1,
        "scoreRewardGroup": 50088,
        "bRankTime": 492000,
        "aRankTime": 402000,
        "sRankTime": 312000,
        "sPlusRankTime": 240000,
        "rankPointReward": 135,
        "characterExpReward": 280,
        "manaReward": 190,
        "poolExpReward": 280
    },
    "5009001": {
        "name": "",
        "clearRewardId": 25,
        "sPlusRewardId": 1,
        "scoreRewardGroup": 50089,
        "bRankTime": 474000,
        "aRankTime": 369000,
        "sRankTime": 264000,
        "sPlusRankTime": 180000,
        "rankPointReward": 113,
        "characterExpReward": 229,
        "manaReward": 160,
        "poolExpReward": 229
    },
    "5009002": {
        "name": "",
        "clearRewardId": 25,
        "sPlusRewardId": 1,
        "scoreRewardGroup": 50090,
        "bRankTime": 474000,
        "aRankTime": 369000,
        "sRankTime": 264000,
        "sPlusRankTime": 180000,
        "rankPointReward": 137,
        "characterExpReward": 285,
        "manaReward": 190,
        "poolExpReward": 285
    },
    "5010001": {
        "name": "",
        "clearRewardId": 25,
        "sPlusRewardId": 1,
        "scoreRewardGroup": 50091,
        "bRankTime": 474000,
        "aRankTime": 369000,
        "sRankTime": 264000,
        "sPlusRankTime": 180000,
        "rankPointReward": 91,
        "characterExpReward": 176,
        "manaReward": 140,
        "poolExpReward": 176
    },
    "5010002": {
        "name": "",
        "clearRewardId": 25,
        "sPlusRewardId": 1,
        "scoreRewardGroup": 50092,
        "bRankTime": 474000,
        "aRankTime": 369000,
        "sRankTime": 264000,
        "sPlusRankTime": 180000,
        "rankPointReward": 115,
        "characterExpReward": 233,
        "manaReward": 160,
        "poolExpReward": 233
    },
    "5011001": {
        "name": "",
        "clearRewardId": 25,
        "sPlusRewardId": 1,
        "scoreRewardGroup": 50093,
        "bRankTime": 492000,
        "aRankTime": 402000,
        "sRankTime": 312000,
        "sPlusRankTime": 240000,
        "rankPointReward": 141,
        "characterExpReward": 295,
        "manaReward": 200,
        "poolExpReward": 295
    },
    "5012001": {
        "name": "",
        "clearRewardId": 25,
        "sPlusRewardId": 1,
        "scoreRewardGroup": 50094,
        "bRankTime": 474000,
        "aRankTime": 369000,
        "sRankTime": 264000,
        "sPlusRankTime": 180000,
        "rankPointReward": 117,
        "characterExpReward": 237,
        "manaReward": 170,
        "poolExpReward": 237
    },
    "5012002": {
        "name": "",
        "clearRewardId": 25,
        "sPlusRewardId": 1,
        "scoreRewardGroup": 50095,
        "bRankTime": 474000,
        "aRankTime": 369000,
        "sRankTime": 264000,
        "sPlusRankTime": 180000,
        "rankPointReward": 141,
        "characterExpReward": 295,
        "manaReward": 200,
        "poolExpReward": 295
    },
    "5013001": {
        "name": "",
        "clearRewardId": 25,
        "sPlusRewardId": 1,
        "scoreRewardGroup": 50096,
        "bRankTime": 492000,
        "aRankTime": 402000,
        "sRankTime": 312000,
        "sPlusRankTime": 240000,
        "rankPointReward": 220,
        "characterExpReward": 845,
        "manaReward": 290,
        "poolExpReward": 845
    },
    "6001001": {
        "name": "",
        "clearRewardId": 25,
        "sPlusRewardId": 1,
        "scoreRewardGroup": 50097,
        "bRankTime": 474000,
        "aRankTime": 369000,
        "sRankTime": 264000,
        "sPlusRankTime": 180000,
        "rankPointReward": 94,
        "characterExpReward": 174,
        "manaReward": 140,
        "poolExpReward": 174
    },
    "6001002": {
        "name": "",
        "clearRewardId": 25,
        "sPlusRewardId": 1,
        "scoreRewardGroup": 50098,
        "bRankTime": 474000,
        "aRankTime": 369000,
        "sRankTime": 264000,
        "sPlusRankTime": 180000,
        "rankPointReward": 117,
        "characterExpReward": 230,
        "manaReward": 170,
        "poolExpReward": 230
    },
    "6002001": {
        "name": "",
        "clearRewardId": 25,
        "sPlusRewardId": 1,
        "scoreRewardGroup": 50099,
        "bRankTime": 474000,
        "aRankTime": 369000,
        "sRankTime": 264000,
        "sPlusRankTime": 180000,
        "rankPointReward": 141,
        "characterExpReward": 286,
        "manaReward": 200,
        "poolExpReward": 286
    },
    "6002002": {
        "name": "",
        "clearRewardId": 25,
        "sPlusRewardId": 1,
        "scoreRewardGroup": 50100,
        "bRankTime": 474000,
        "aRankTime": 369000,
        "sRankTime": 264000,
        "sPlusRankTime": 180000,
        "rankPointReward": 94,
        "characterExpReward": 174,
        "manaReward": 140,
        "poolExpReward": 174
    },
    "6002003": {
        "name": "",
        "clearRewardId": 25,
        "sPlusRewardId": 1,
        "scoreRewardGroup": 50101,
        "bRankTime": 474000,
        "aRankTime": 369000,
        "sRankTime": 264000,
        "sPlusRankTime": 180000,
        "rankPointReward": 119,
        "characterExpReward": 234,
        "manaReward": 170,
        "poolExpReward": 234
    },
    "6003001": {
        "name": "",
        "clearRewardId": 25,
        "sPlusRewardId": 1,
        "scoreRewardGroup": 50102,
        "bRankTime": 474000,
        "aRankTime": 369000,
        "sRankTime": 264000,
        "sPlusRankTime": 180000,
        "rankPointReward": 95,
        "characterExpReward": 177,
        "manaReward": 150,
        "poolExpReward": 177
    },
    "6003002": {
        "name": "",
        "clearRewardId": 25,
        "sPlusRewardId": 1,
        "scoreRewardGroup": 50103,
        "bRankTime": 474000,
        "aRankTime": 369000,
        "sRankTime": 264000,
        "sPlusRankTime": 180000,
        "rankPointReward": 119,
        "characterExpReward": 234,
        "manaReward": 170,
        "poolExpReward": 234
    },
    "6004001": {
        "name": "",
        "clearRewardId": 25,
        "sPlusRewardId": 1,
        "scoreRewardGroup": 50104,
        "bRankTime": 492000,
        "aRankTime": 402000,
        "sRankTime": 312000,
        "sPlusRankTime": 240000,
        "rankPointReward": 143,
        "characterExpReward": 291,
        "manaReward": 200,
        "poolExpReward": 291
    },
    "6004002": {
        "name": "",
        "clearRewardId": 25,
        "sPlusRewardId": 1,
        "scoreRewardGroup": 50105,
        "bRankTime": 492000,
        "aRankTime": 402000,
        "sRankTime": 312000,
        "sPlusRankTime": 240000,
        "rankPointReward": 143,
        "characterExpReward": 291,
        "manaReward": 200,
        "poolExpReward": 291
    },
    "6005001": {
        "name": "",
        "clearRewardId": 25,
        "sPlusRewardId": 1,
        "scoreRewardGroup": 50106,
        "bRankTime": 474000,
        "aRankTime": 369000,
        "sRankTime": 264000,
        "sPlusRankTime": 180000,
        "rankPointReward": 119,
        "characterExpReward": 234,
        "manaReward": 170,
        "poolExpReward": 234
    },
    "6005002": {
        "name": "",
        "clearRewardId": 25,
        "sPlusRewardId": 1,
        "scoreRewardGroup": 50107,
        "bRankTime": 474000,
        "aRankTime": 369000,
        "sRankTime": 264000,
        "sPlusRankTime": 180000,
        "rankPointReward": 143,
        "characterExpReward": 291,
        "manaReward": 200,
        "poolExpReward": 291
    },
    "6006001": {
        "name": "",
        "clearRewardId": 25,
        "sPlusRewardId": 1,
        "scoreRewardGroup": 50108,
        "bRankTime": 492000,
        "aRankTime": 402000,
        "sRankTime": 312000,
        "sPlusRankTime": 240000,
        "rankPointReward": 149,
        "characterExpReward": 531,
        "manaReward": 210,
        "poolExpReward": 531
    },
    "6007001": {
        "name": "",
        "clearRewardId": 25,
        "sPlusRewardId": 1,
        "scoreRewardGroup": 50109,
        "bRankTime": 474000,
        "aRankTime": 369000,
        "sRankTime": 264000,
        "sPlusRankTime": 180000,
        "rankPointReward": 97,
        "characterExpReward": 180,
        "manaReward": 150,
        "poolExpReward": 180
    },
    "6007002": {
        "name": "",
        "clearRewardId": 25,
        "sPlusRewardId": 1,
        "scoreRewardGroup": 50110,
        "bRankTime": 474000,
        "aRankTime": 369000,
        "sRankTime": 264000,
        "sPlusRankTime": 180000,
        "rankPointReward": 97,
        "characterExpReward": 180,
        "manaReward": 150,
        "poolExpReward": 180
    },
    "6008001": {
        "name": "",
        "clearRewardId": 25,
        "sPlusRewardId": 1,
        "scoreRewardGroup": 50111,
        "bRankTime": 492000,
        "aRankTime": 402000,
        "sRankTime": 312000,
        "sPlusRankTime": 240000,
        "rankPointReward": 145,
        "characterExpReward": 296,
        "manaReward": 210,
        "poolExpReward": 296
    },
    "6008002": {
        "name": "",
        "clearRewardId": 25,
        "sPlusRewardId": 1,
        "scoreRewardGroup": 50112,
        "bRankTime": 474000,
        "aRankTime": 369000,
        "sRankTime": 264000,
        "sPlusRankTime": 180000,
        "rankPointReward": 121,
        "characterExpReward": 238,
        "manaReward": 180,
        "poolExpReward": 238
    },
    "6008003": {
        "name": "",
        "clearRewardId": 25,
        "sPlusRewardId": 1,
        "scoreRewardGroup": 50113,
        "bRankTime": 474000,
        "aRankTime": 369000,
        "sRankTime": 264000,
        "sPlusRankTime": 180000,
        "rankPointReward": 122,
        "characterExpReward": 242,
        "manaReward": 180,
        "poolExpReward": 242
    },
    "6009001": {
        "name": "",
        "clearRewardId": 25,
        "sPlusRewardId": 1,
        "scoreRewardGroup": 50114,
        "bRankTime": 474000,
        "aRankTime": 369000,
        "sRankTime": 264000,
        "sPlusRankTime": 180000,
        "rankPointReward": 122,
        "characterExpReward": 242,
        "manaReward": 180,
        "poolExpReward": 242
    },
    "6009002": {
        "name": "",
        "clearRewardId": 25,
        "sPlusRewardId": 1,
        "scoreRewardGroup": 50115,
        "bRankTime": 474000,
        "aRankTime": 369000,
        "sRankTime": 264000,
        "sPlusRankTime": 180000,
        "rankPointReward": 147,
        "characterExpReward": 301,
        "manaReward": 210,
        "poolExpReward": 301
    },
    "6009003": {
        "name": "",
        "clearRewardId": 25,
        "sPlusRewardId": 1,
        "scoreRewardGroup": 50116,
        "bRankTime": 474000,
        "aRankTime": 369000,
        "sRankTime": 264000,
        "sPlusRankTime": 180000,
        "rankPointReward": 98,
        "characterExpReward": 183,
        "manaReward": 150,
        "poolExpReward": 183
    },
    "6009004": {
        "name": "",
        "clearRewardId": 25,
        "sPlusRewardId": 1,
        "scoreRewardGroup": 50117,
        "bRankTime": 474000,
        "aRankTime": 369000,
        "sRankTime": 264000,
        "sPlusRankTime": 180000,
        "rankPointReward": 122,
        "characterExpReward": 242,
        "manaReward": 180,
        "poolExpReward": 242
    },
    "6010001": {
        "name": "",
        "clearRewardId": 25,
        "sPlusRewardId": 1,
        "scoreRewardGroup": 50118,
        "bRankTime": 492000,
        "aRankTime": 402000,
        "sRankTime": 312000,
        "sPlusRankTime": 240000,
        "rankPointReward": 199,
        "characterExpReward": 741,
        "manaReward": 270,
        "poolExpReward": 741
    },
    "6010002": {
        "name": "",
        "clearRewardId": 25,
        "sPlusRewardId": 1,
        "scoreRewardGroup": 50119,
        "bRankTime": 492000,
        "aRankTime": 402000,
        "sRankTime": 312000,
        "sPlusRankTime": 240000,
        "rankPointReward": 224,
        "characterExpReward": 846,
        "manaReward": 300,
        "poolExpReward": 846
    },
    "7001001": {
        "name": "",
        "clearRewardId": 25,
        "sPlusRewardId": 1,
        "scoreRewardGroup": 50120,
        "bRankTime": 474000,
        "aRankTime": 369000,
        "sRankTime": 264000,
        "sPlusRankTime": 180000,
        "rankPointReward": 102,
        "characterExpReward": 184,
        "manaReward": 160,
        "poolExpReward": 184
    },
    "7001002": {
        "name": "",
        "clearRewardId": 25,
        "sPlusRewardId": 1,
        "scoreRewardGroup": 50121,
        "bRankTime": 474000,
        "aRankTime": 369000,
        "sRankTime": 264000,
        "sPlusRankTime": 180000,
        "rankPointReward": 102,
        "characterExpReward": 184,
        "manaReward": 160,
        "poolExpReward": 184
    },
    "7002001": {
        "name": "",
        "clearRewardId": 25,
        "sPlusRewardId": 1,
        "scoreRewardGroup": 50122,
        "bRankTime": 474000,
        "aRankTime": 369000,
        "sRankTime": 264000,
        "sPlusRankTime": 180000,
        "rankPointReward": 126,
        "characterExpReward": 243,
        "manaReward": 190,
        "poolExpReward": 243
    },
    "7002002": {
        "name": "",
        "clearRewardId": 25,
        "sPlusRewardId": 1,
        "scoreRewardGroup": 50123,
        "bRankTime": 492000,
        "aRankTime": 402000,
        "sRankTime": 312000,
        "sPlusRankTime": 240000,
        "rankPointReward": 157,
        "characterExpReward": 550,
        "manaReward": 230,
        "poolExpReward": 550
    },
    "7003001": {
        "name": "",
        "clearRewardId": 25,
        "sPlusRewardId": 1,
        "scoreRewardGroup": 50124,
        "bRankTime": 474000,
        "aRankTime": 369000,
        "sRankTime": 264000,
        "sPlusRankTime": 180000,
        "rankPointReward": 102,
        "characterExpReward": 184,
        "manaReward": 160,
        "poolExpReward": 184
    },
    "7003002": {
        "name": "",
        "clearRewardId": 25,
        "sPlusRewardId": 1,
        "scoreRewardGroup": 50125,
        "bRankTime": 474000,
        "aRankTime": 369000,
        "sRankTime": 264000,
        "sPlusRankTime": 180000,
        "rankPointReward": 102,
        "characterExpReward": 184,
        "manaReward": 160,
        "poolExpReward": 184
    },
    "7004001": {
        "name": "",
        "clearRewardId": 25,
        "sPlusRewardId": 1,
        "scoreRewardGroup": 50126,
        "bRankTime": 474000,
        "aRankTime": 369000,
        "sRankTime": 264000,
        "sPlusRankTime": 180000,
        "rankPointReward": 126,
        "characterExpReward": 243,
        "manaReward": 190,
        "poolExpReward": 243
    },
    "7004002": {
        "name": "",
        "clearRewardId": 25,
        "sPlusRewardId": 1,
        "scoreRewardGroup": 50127,
        "bRankTime": 474000,
        "aRankTime": 369000,
        "sRankTime": 264000,
        "sPlusRankTime": 180000,
        "rankPointReward": 159,
        "characterExpReward": 559,
        "manaReward": 230,
        "poolExpReward": 559
    },
    "7005001": {
        "name": "",
        "clearRewardId": 25,
        "sPlusRewardId": 1,
        "scoreRewardGroup": 50128,
        "bRankTime": 474000,
        "aRankTime": 369000,
        "sRankTime": 264000,
        "sPlusRankTime": 180000,
        "rankPointReward": 126,
        "characterExpReward": 243,
        "manaReward": 190,
        "poolExpReward": 243
    },
    "7005002": {
        "name": "",
        "clearRewardId": 25,
        "sPlusRewardId": 1,
        "scoreRewardGroup": 50129,
        "bRankTime": 474000,
        "aRankTime": 369000,
        "sRankTime": 264000,
        "sPlusRankTime": 180000,
        "rankPointReward": 126,
        "characterExpReward": 243,
        "manaReward": 190,
        "poolExpReward": 243
    },
    "7006001": {
        "name": "",
        "clearRewardId": 25,
        "sPlusRewardId": 1,
        "scoreRewardGroup": 50130,
        "bRankTime": 474000,
        "aRankTime": 369000,
        "sRankTime": 264000,
        "sPlusRankTime": 180000,
        "rankPointReward": 102,
        "characterExpReward": 184,
        "manaReward": 160,
        "poolExpReward": 184
    },
    "7006002": {
        "name": "",
        "clearRewardId": 25,
        "sPlusRewardId": 1,
        "scoreRewardGroup": 50131,
        "bRankTime": 474000,
        "aRankTime": 369000,
        "sRankTime": 264000,
        "sPlusRankTime": 180000,
        "rankPointReward": 103,
        "characterExpReward": 322,
        "manaReward": 160,
        "poolExpReward": 322
    },
    "7007001": {
        "name": "",
        "clearRewardId": 25,
        "sPlusRewardId": 1,
        "scoreRewardGroup": 50132,
        "bRankTime": 474000,
        "aRankTime": 369000,
        "sRankTime": 264000,
        "sPlusRankTime": 180000,
        "rankPointReward": 103,
        "characterExpReward": 322,
        "manaReward": 160,
        "poolExpReward": 322
    },
    "7007002": {
        "name": "",
        "clearRewardId": 25,
        "sPlusRewardId": 1,
        "scoreRewardGroup": 50133,
        "bRankTime": 474000,
        "aRankTime": 369000,
        "sRankTime": 264000,
        "sPlusRankTime": 180000,
        "rankPointReward": 128,
        "characterExpReward": 427,
        "manaReward": 190,
        "poolExpReward": 427
    },
    "7008001": {
        "name": "",
        "clearRewardId": 25,
        "sPlusRewardId": 1,
        "scoreRewardGroup": 50134,
        "bRankTime": 474000,
        "aRankTime": 369000,
        "sRankTime": 264000,
        "sPlusRankTime": 180000,
        "rankPointReward": 128,
        "characterExpReward": 427,
        "manaReward": 190,
        "poolExpReward": 427
    },
    "7008002": {
        "name": "",
        "clearRewardId": 25,
        "sPlusRewardId": 1,
        "scoreRewardGroup": 50135,
        "bRankTime": 474000,
        "aRankTime": 369000,
        "sRankTime": 264000,
        "sPlusRankTime": 180000,
        "rankPointReward": 128,
        "characterExpReward": 427,
        "manaReward": 190,
        "poolExpReward": 427
    },
    "7009001": {
        "name": "",
        "clearRewardId": 25,
        "sPlusRewardId": 1,
        "scoreRewardGroup": 50136,
        "bRankTime": 474000,
        "aRankTime": 369000,
        "sRankTime": 264000,
        "sPlusRankTime": 180000,
        "rankPointReward": 103,
        "characterExpReward": 322,
        "manaReward": 160,
        "poolExpReward": 322
    },
    "7009002": {
        "name": "",
        "clearRewardId": 25,
        "sPlusRewardId": 1,
        "scoreRewardGroup": 50137,
        "bRankTime": 492000,
        "aRankTime": 402000,
        "sRankTime": 312000,
        "sPlusRankTime": 240000,
        "rankPointReward": 215,
        "characterExpReward": 791,
        "manaReward": 290,
        "poolExpReward": 791
    },
    "7010001": {
        "name": "",
        "clearRewardId": 25,
        "sPlusRewardId": 1,
        "scoreRewardGroup": 50138,
        "bRankTime": 492000,
        "aRankTime": 402000,
        "sRankTime": 312000,
        "sPlusRankTime": 240000,
        "rankPointReward": 159,
        "characterExpReward": 559,
        "manaReward": 230,
        "poolExpReward": 559
    },
    "7011001": {
        "name": "",
        "clearRewardId": 25,
        "sPlusRewardId": 1,
        "scoreRewardGroup": 50139,
        "bRankTime": 474000,
        "aRankTime": 369000,
        "sRankTime": 264000,
        "sPlusRankTime": 180000,
        "rankPointReward": 130,
        "characterExpReward": 434,
        "manaReward": 190,
        "poolExpReward": 434
    },
    "7011002": {
        "name": "",
        "clearRewardId": 25,
        "sPlusRewardId": 1,
        "scoreRewardGroup": 50140,
        "bRankTime": 474000,
        "aRankTime": 369000,
        "sRankTime": 264000,
        "sPlusRankTime": 180000,
        "rankPointReward": 130,
        "characterExpReward": 434,
        "manaReward": 190,
        "poolExpReward": 434
    },
    "7012001": {
        "name": "",
        "clearRewardId": 25,
        "sPlusRewardId": 1,
        "scoreRewardGroup": 50141,
        "bRankTime": 474000,
        "aRankTime": 369000,
        "sRankTime": 264000,
        "sPlusRankTime": 180000,
        "rankPointReward": 106,
        "characterExpReward": 333,
        "manaReward": 160,
        "poolExpReward": 333
    },
    "7012002": {
        "name": "",
        "clearRewardId": 25,
        "sPlusRewardId": 1,
        "scoreRewardGroup": 50142,
        "bRankTime": 474000,
        "aRankTime": 369000,
        "sRankTime": 264000,
        "sPlusRankTime": 180000,
        "rankPointReward": 157,
        "characterExpReward": 550,
        "manaReward": 230,
        "poolExpReward": 550
    },
    "7012003": {
        "name": "",
        "clearRewardId": 25,
        "sPlusRewardId": 1,
        "scoreRewardGroup": 50143,
        "bRankTime": 492000,
        "aRankTime": 402000,
        "sRankTime": 312000,
        "sPlusRankTime": 240000,
        "rankPointReward": 241,
        "characterExpReward": 903,
        "manaReward": 330,
        "poolExpReward": 903
    },
    "8001001": {
        "name": "",
        "clearRewardId": 25,
        "sPlusRewardId": 1,
        "scoreRewardGroup": 50144,
        "bRankTime": 474000,
        "aRankTime": 369000,
        "sRankTime": 264000,
        "sPlusRankTime": 180000,
        "rankPointReward": 110,
        "characterExpReward": 334,
        "manaReward": 170,
        "poolExpReward": 334
    },
    "8001002": {
        "name": "",
        "clearRewardId": 25,
        "sPlusRewardId": 1,
        "scoreRewardGroup": 50145,
        "bRankTime": 474000,
        "aRankTime": 369000,
        "sRankTime": 264000,
        "sPlusRankTime": 180000,
        "rankPointReward": 161,
        "characterExpReward": 551,
        "manaReward": 240,
        "poolExpReward": 551
    },
    "8002001": {
        "name": "",
        "clearRewardId": 25,
        "sPlusRewardId": 1,
        "scoreRewardGroup": 50146,
        "bRankTime": 474000,
        "aRankTime": 369000,
        "sRankTime": 264000,
        "sPlusRankTime": 180000,
        "rankPointReward": 135,
        "characterExpReward": 442,
        "manaReward": 200,
        "poolExpReward": 442
    },
    "8002002": {
        "name": "",
        "clearRewardId": 25,
        "sPlusRewardId": 1,
        "scoreRewardGroup": 50147,
        "bRankTime": 474000,
        "aRankTime": 369000,
        "sRankTime": 264000,
        "sPlusRankTime": 180000,
        "rankPointReward": 161,
        "characterExpReward": 551,
        "manaReward": 240,
        "poolExpReward": 551
    },
    "8003001": {
        "name": "",
        "clearRewardId": 25,
        "sPlusRewardId": 1,
        "scoreRewardGroup": 50148,
        "bRankTime": 474000,
        "aRankTime": 369000,
        "sRankTime": 264000,
        "sPlusRankTime": 180000,
        "rankPointReward": 137,
        "characterExpReward": 449,
        "manaReward": 210,
        "poolExpReward": 449
    },
    "8003002": {
        "name": "",
        "clearRewardId": 25,
        "sPlusRewardId": 1,
        "scoreRewardGroup": 50149,
        "bRankTime": 474000,
        "aRankTime": 369000,
        "sRankTime": 264000,
        "sPlusRankTime": 180000,
        "rankPointReward": 137,
        "characterExpReward": 449,
        "manaReward": 210,
        "poolExpReward": 449
    },
    "8003003": {
        "name": "",
        "clearRewardId": 25,
        "sPlusRewardId": 1,
        "scoreRewardGroup": 50150,
        "bRankTime": 474000,
        "aRankTime": 369000,
        "sRankTime": 264000,
        "sPlusRankTime": 180000,
        "rankPointReward": 137,
        "characterExpReward": 449,
        "manaReward": 210,
        "poolExpReward": 449
    },
    "8004001": {
        "name": "",
        "clearRewardId": 25,
        "sPlusRewardId": 1,
        "scoreRewardGroup": 50151,
        "bRankTime": 474000,
        "aRankTime": 369000,
        "sRankTime": 264000,
        "sPlusRankTime": 180000,
        "rankPointReward": 137,
        "characterExpReward": 449,
        "manaReward": 210,
        "poolExpReward": 449
    },
    "8004002": {
        "name": "",
        "clearRewardId": 25,
        "sPlusRewardId": 1,
        "scoreRewardGroup": 50152,
        "bRankTime": 474000,
        "aRankTime": 369000,
        "sRankTime": 264000,
        "sPlusRankTime": 180000,
        "rankPointReward": 137,
        "characterExpReward": 449,
        "manaReward": 210,
        "poolExpReward": 449
    },
    "8005001": {
        "name": "",
        "clearRewardId": 25,
        "sPlusRewardId": 1,
        "scoreRewardGroup": 50153,
        "bRankTime": 474000,
        "aRankTime": 369000,
        "sRankTime": 264000,
        "sPlusRankTime": 180000,
        "rankPointReward": 121,
        "characterExpReward": 449,
        "manaReward": 210,
        "poolExpReward": 449
    },
    "8005002": {
        "name": "",
        "clearRewardId": 25,
        "sPlusRewardId": 1,
        "scoreRewardGroup": 50154,
        "bRankTime": 474000,
        "aRankTime": 369000,
        "sRankTime": 264000,
        "sPlusRankTime": 180000,
        "rankPointReward": 174,
        "characterExpReward": 670,
        "manaReward": 270,
        "poolExpReward": 670
    },
    "8006001": {
        "name": "",
        "clearRewardId": 25,
        "sPlusRewardId": 1,
        "scoreRewardGroup": 50155,
        "bRankTime": 474000,
        "aRankTime": 369000,
        "sRankTime": 264000,
        "sPlusRankTime": 180000,
        "rankPointReward": 123,
        "characterExpReward": 456,
        "manaReward": 210,
        "poolExpReward": 456
    },
    "8006002": {
        "name": "",
        "clearRewardId": 25,
        "sPlusRewardId": 1,
        "scoreRewardGroup": 50156,
        "bRankTime": 474000,
        "aRankTime": 369000,
        "sRankTime": 264000,
        "sPlusRankTime": 180000,
        "rankPointReward": 123,
        "characterExpReward": 456,
        "manaReward": 210,
        "poolExpReward": 456
    },
    "8007001": {
        "name": "",
        "clearRewardId": 25,
        "sPlusRewardId": 1,
        "scoreRewardGroup": 50157,
        "bRankTime": 492000,
        "aRankTime": 402000,
        "sRankTime": 312000,
        "sPlusRankTime": 240000,
        "rankPointReward": 296,
        "characterExpReward": 817,
        "manaReward": 310,
        "poolExpReward": 817
    },
    "8007002": {
        "name": "",
        "clearRewardId": 25,
        "sPlusRewardId": 1,
        "scoreRewardGroup": 50158,
        "bRankTime": 474000,
        "aRankTime": 369000,
        "sRankTime": 264000,
        "sPlusRankTime": 180000,
        "rankPointReward": 123,
        "characterExpReward": 456,
        "manaReward": 210,
        "poolExpReward": 456
    },
    "8007003": {
        "name": "",
        "clearRewardId": 25,
        "sPlusRewardId": 1,
        "scoreRewardGroup": 50159,
        "bRankTime": 474000,
        "aRankTime": 369000,
        "sRankTime": 264000,
        "sPlusRankTime": 180000,
        "rankPointReward": 123,
        "characterExpReward": 456,
        "manaReward": 210,
        "poolExpReward": 456
    },
    "8008001": {
        "name": "",
        "clearRewardId": 25,
        "sPlusRewardId": 1,
        "scoreRewardGroup": 50160,
        "bRankTime": 492000,
        "aRankTime": 402000,
        "sRankTime": 312000,
        "sPlusRankTime": 240000,
        "rankPointReward": 296,
        "characterExpReward": 817,
        "manaReward": 310,
        "poolExpReward": 817
    },
    "8009001": {
        "name": "",
        "clearRewardId": 25,
        "sPlusRewardId": 1,
        "scoreRewardGroup": 50161,
        "bRankTime": 474000,
        "aRankTime": 369000,
        "sRankTime": 264000,
        "sPlusRankTime": 180000,
        "rankPointReward": 134,
        "characterExpReward": 350,
        "manaReward": 180,
        "poolExpReward": 350
    },
    "8009002": {
        "name": "",
        "clearRewardId": 25,
        "sPlusRewardId": 1,
        "scoreRewardGroup": 50162,
        "bRankTime": 474000,
        "aRankTime": 369000,
        "sRankTime": 264000,
        "sPlusRankTime": 180000,
        "rankPointReward": 134,
        "characterExpReward": 350,
        "manaReward": 180,
        "poolExpReward": 350
    },
    "8009003": {
        "name": "",
        "clearRewardId": 25,
        "sPlusRewardId": 1,
        "scoreRewardGroup": 50163,
        "bRankTime": 474000,
        "aRankTime": 369000,
        "sRankTime": 264000,
        "sPlusRankTime": 180000,
        "rankPointReward": 134,
        "characterExpReward": 350,
        "manaReward": 180,
        "poolExpReward": 350
    },
    "8010001": {
        "name": "",
        "clearRewardId": 25,
        "sPlusRewardId": 1,
        "scoreRewardGroup": 50164,
        "bRankTime": 492000,
        "aRankTime": 402000,
        "sRankTime": 312000,
        "sPlusRankTime": 240000,
        "rankPointReward": 304,
        "characterExpReward": 841,
        "manaReward": 320,
        "poolExpReward": 841
    },
    "8011001": {
        "name": "",
        "clearRewardId": 25,
        "sPlusRewardId": 1,
        "scoreRewardGroup": 50165,
        "bRankTime": 474000,
        "aRankTime": 369000,
        "sRankTime": 264000,
        "sPlusRankTime": 180000,
        "rankPointReward": 136,
        "characterExpReward": 355,
        "manaReward": 180,
        "poolExpReward": 355
    },
    "8012001": {
        "name": "",
        "clearRewardId": 25,
        "sPlusRewardId": 1,
        "scoreRewardGroup": 50166,
        "bRankTime": 474000,
        "aRankTime": 369000,
        "sRankTime": 264000,
        "sPlusRankTime": 180000,
        "rankPointReward": 138,
        "characterExpReward": 360,
        "manaReward": 180,
        "poolExpReward": 360
    },
    "8012002": {
        "name": "",
        "clearRewardId": 25,
        "sPlusRewardId": 1,
        "scoreRewardGroup": 50167,
        "bRankTime": 474000,
        "aRankTime": 369000,
        "sRankTime": 264000,
        "sPlusRankTime": 180000,
        "rankPointReward": 138,
        "characterExpReward": 360,
        "manaReward": 180,
        "poolExpReward": 360
    },
    "8013001": {
        "name": "",
        "clearRewardId": 25,
        "sPlusRewardId": 1,
        "scoreRewardGroup": 50168,
        "bRankTime": 1587000,
        "aRankTime": 1159500,
        "sRankTime": 732000,
        "sPlusRankTime": 390000,
        "rankPointReward": 355,
        "characterExpReward": 1408,
        "manaReward": 360,
        "poolExpReward": 1408
    },
    "9001001": {
        "name": "",
        "clearRewardId": 25,
        "sPlusRewardId": 1,
        "scoreRewardGroup": 50169,
        "bRankTime": 474000,
        "aRankTime": 369000,
        "sRankTime": 264000,
        "sPlusRankTime": 180000,
        "rankPointReward": 93,
        "characterExpReward": 324,
        "manaReward": 180,
        "poolExpReward": 324
    },
    "9001002": {
        "name": "",
        "clearRewardId": 25,
        "sPlusRewardId": 1,
        "scoreRewardGroup": 50170,
        "bRankTime": 474000,
        "aRankTime": 369000,
        "sRankTime": 264000,
        "sPlusRankTime": 180000,
        "rankPointReward": 93,
        "characterExpReward": 324,
        "manaReward": 180,
        "poolExpReward": 324
    },
    "9002001": {
        "name": "",
        "clearRewardId": 25,
        "sPlusRewardId": 1,
        "scoreRewardGroup": 50171,
        "bRankTime": 474000,
        "aRankTime": 369000,
        "sRankTime": 264000,
        "sPlusRankTime": 180000,
        "rankPointReward": 94,
        "characterExpReward": 330,
        "manaReward": 180,
        "poolExpReward": 330
    },
    "9002002": {
        "name": "",
        "clearRewardId": 25,
        "sPlusRewardId": 1,
        "scoreRewardGroup": 50172,
        "bRankTime": 474000,
        "aRankTime": 369000,
        "sRankTime": 264000,
        "sPlusRankTime": 180000,
        "rankPointReward": 94,
        "characterExpReward": 330,
        "manaReward": 180,
        "poolExpReward": 330
    },
    "9003001": {
        "name": "",
        "clearRewardId": 25,
        "sPlusRewardId": 1,
        "scoreRewardGroup": 50173,
        "bRankTime": 474000,
        "aRankTime": 369000,
        "sRankTime": 264000,
        "sPlusRankTime": 180000,
        "rankPointReward": 96,
        "characterExpReward": 335,
        "manaReward": 180,
        "poolExpReward": 335
    },
    "9003002": {
        "name": "",
        "clearRewardId": 25,
        "sPlusRewardId": 1,
        "scoreRewardGroup": 50174,
        "bRankTime": 474000,
        "aRankTime": 369000,
        "sRankTime": 264000,
        "sPlusRankTime": 180000,
        "rankPointReward": 96,
        "characterExpReward": 335,
        "manaReward": 180,
        "poolExpReward": 335
    },
    "9004001": {
        "name": "",
        "clearRewardId": 25,
        "sPlusRewardId": 1,
        "scoreRewardGroup": 50175,
        "bRankTime": 474000,
        "aRankTime": 369000,
        "sRankTime": 264000,
        "sPlusRankTime": 180000,
        "rankPointReward": 97,
        "characterExpReward": 340,
        "manaReward": 180,
        "poolExpReward": 340
    },
    "9004002": {
        "name": "",
        "clearRewardId": 25,
        "sPlusRewardId": 1,
        "scoreRewardGroup": 50176,
        "bRankTime": 474000,
        "aRankTime": 369000,
        "sRankTime": 264000,
        "sPlusRankTime": 180000,
        "rankPointReward": 97,
        "characterExpReward": 340,
        "manaReward": 180,
        "poolExpReward": 340
    },
    "9005001": {
        "name": "",
        "clearRewardId": 25,
        "sPlusRewardId": 1,
        "scoreRewardGroup": 50177,
        "bRankTime": 492000,
        "aRankTime": 402000,
        "sRankTime": 312000,
        "sPlusRankTime": 240000,
        "rankPointReward": 262,
        "characterExpReward": 713,
        "manaReward": 290,
        "poolExpReward": 713
    },
    "9006001": {
        "name": "",
        "clearRewardId": 25,
        "sPlusRewardId": 1,
        "scoreRewardGroup": 50178,
        "bRankTime": 474000,
        "aRankTime": 369000,
        "sRankTime": 264000,
        "sPlusRankTime": 180000,
        "rankPointReward": 98,
        "characterExpReward": 345,
        "manaReward": 190,
        "poolExpReward": 345
    },
    "9006002": {
        "name": "",
        "clearRewardId": 25,
        "sPlusRewardId": 1,
        "scoreRewardGroup": 50179,
        "bRankTime": 474000,
        "aRankTime": 369000,
        "sRankTime": 264000,
        "sPlusRankTime": 180000,
        "rankPointReward": 98,
        "characterExpReward": 345,
        "manaReward": 190,
        "poolExpReward": 345
    },
    "9007001": {
        "name": "",
        "clearRewardId": 25,
        "sPlusRewardId": 1,
        "scoreRewardGroup": 50180,
        "bRankTime": 474000,
        "aRankTime": 369000,
        "sRankTime": 264000,
        "sPlusRankTime": 180000,
        "rankPointReward": 136,
        "characterExpReward": 351,
        "manaReward": 190,
        "poolExpReward": 351
    },
    "9007002": {
        "name": "",
        "clearRewardId": 25,
        "sPlusRewardId": 1,
        "scoreRewardGroup": 50181,
        "bRankTime": 474000,
        "aRankTime": 369000,
        "sRankTime": 264000,
        "sPlusRankTime": 180000,
        "rankPointReward": 136,
        "characterExpReward": 351,
        "manaReward": 190,
        "poolExpReward": 351
    },
    "9008001": {
        "name": "",
        "clearRewardId": 25,
        "sPlusRewardId": 1,
        "scoreRewardGroup": 50182,
        "bRankTime": 492000,
        "aRankTime": 402000,
        "sRankTime": 312000,
        "sPlusRankTime": 240000,
        "rankPointReward": 265,
        "characterExpReward": 723,
        "manaReward": 290,
        "poolExpReward": 723
    },
    "9009001": {
        "name": "",
        "clearRewardId": 25,
        "sPlusRewardId": 1,
        "scoreRewardGroup": 50183,
        "bRankTime": 492000,
        "aRankTime": 402000,
        "sRankTime": 312000,
        "sPlusRankTime": 240000,
        "rankPointReward": 357,
        "characterExpReward": 1409,
        "manaReward": 370,
        "poolExpReward": 1409
    },
    "10001001": {
        "name": "",
        "clearRewardId": 25,
        "sPlusRewardId": 1,
        "scoreRewardGroup": 50184,
        "bRankTime": 474000,
        "aRankTime": 369000,
        "sRankTime": 264000,
        "sPlusRankTime": 180000,
        "rankPointReward": 120,
        "characterExpReward": 430,
        "manaReward": 220,
        "poolExpReward": 430
    },
    "10002001": {
        "name": "",
        "clearRewardId": 25,
        "sPlusRewardId": 1,
        "scoreRewardGroup": 50184,
        "bRankTime": 474000,
        "aRankTime": 369000,
        "sRankTime": 264000,
        "sPlusRankTime": 180000,
        "rankPointReward": 122,
        "characterExpReward": 437,
        "manaReward": 220,
        "poolExpReward": 437
    },
    "10002002": {
        "name": "",
        "clearRewardId": 25,
        "sPlusRewardId": 1,
        "scoreRewardGroup": 50184,
        "bRankTime": 474000,
        "aRankTime": 369000,
        "sRankTime": 264000,
        "sPlusRankTime": 180000,
        "rankPointReward": 122,
        "characterExpReward": 437,
        "manaReward": 220,
        "poolExpReward": 437
    },
    "10003003": {
        "name": "",
        "clearRewardId": 25,
        "sPlusRewardId": 1,
        "scoreRewardGroup": 50184,
        "bRankTime": 474000,
        "aRankTime": 369000,
        "sRankTime": 264000,
        "sPlusRankTime": 180000,
        "rankPointReward": 123,
        "characterExpReward": 444,
        "manaReward": 220,
        "poolExpReward": 444
    },
    "10004001": {
        "name": "",
        "clearRewardId": 25,
        "sPlusRewardId": 1,
        "scoreRewardGroup": 50184,
        "bRankTime": 474000,
        "aRankTime": 369000,
        "sRankTime": 264000,
        "sPlusRankTime": 180000,
        "rankPointReward": 125,
        "characterExpReward": 451,
        "manaReward": 230,
        "poolExpReward": 451
    },
    "10004002": {
        "name": "",
        "clearRewardId": 25,
        "sPlusRewardId": 1,
        "scoreRewardGroup": 50184,
        "bRankTime": 474000,
        "aRankTime": 369000,
        "sRankTime": 264000,
        "sPlusRankTime": 180000,
        "rankPointReward": 125,
        "characterExpReward": 451,
        "manaReward": 230,
        "poolExpReward": 451
    },
    "10005001": {
        "name": "",
        "clearRewardId": 25,
        "sPlusRewardId": 1,
        "scoreRewardGroup": 50185,
        "bRankTime": 483000,
        "aRankTime": 385500,
        "sRankTime": 288000,
        "sPlusRankTime": 210000,
        "rankPointReward": 304,
        "characterExpReward": 831,
        "manaReward": 330,
        "poolExpReward": 831
    },
    "10006001": {
        "name": "",
        "clearRewardId": 25,
        "sPlusRewardId": 1,
        "scoreRewardGroup": 50184,
        "bRankTime": 474000,
        "aRankTime": 369000,
        "sRankTime": 264000,
        "sPlusRankTime": 180000,
        "rankPointReward": 127,
        "characterExpReward": 458,
        "manaReward": 230,
        "poolExpReward": 458
    },
    "10006002": {
        "name": "",
        "clearRewardId": 25,
        "sPlusRewardId": 1,
        "scoreRewardGroup": 50184,
        "bRankTime": 474000,
        "aRankTime": 369000,
        "sRankTime": 264000,
        "sPlusRankTime": 180000,
        "rankPointReward": 127,
        "characterExpReward": 458,
        "manaReward": 230,
        "poolExpReward": 458
    },
    "10007001": {
        "name": "",
        "clearRewardId": 25,
        "sPlusRewardId": 1,
        "scoreRewardGroup": 50186,
        "bRankTime": 474000,
        "aRankTime": 369000,
        "sRankTime": 264000,
        "sPlusRankTime": 180000,
        "rankPointReward": 304,
        "characterExpReward": 831,
        "manaReward": 330,
        "poolExpReward": 831
    },
    "10007002": {
        "name": "",
        "clearRewardId": 25,
        "sPlusRewardId": 1,
        "scoreRewardGroup": 50184,
        "bRankTime": 474000,
        "aRankTime": 369000,
        "sRankTime": 264000,
        "sPlusRankTime": 180000,
        "rankPointReward": 178,
        "characterExpReward": 465,
        "manaReward": 230,
        "poolExpReward": 465
    },
    "10008001": {
        "name": "",
        "clearRewardId": 25,
        "sPlusRewardId": 1,
        "scoreRewardGroup": 50185,
        "bRankTime": 474000,
        "aRankTime": 369000,
        "sRankTime": 264000,
        "sPlusRankTime": 180000,
        "rankPointReward": 304,
        "characterExpReward": 831,
        "manaReward": 330,
        "poolExpReward": 831
    },
    "10009001": {
        "name": "",
        "clearRewardId": 25,
        "sPlusRewardId": 1,
        "scoreRewardGroup": 50187,
        "bRankTime": 474000,
        "aRankTime": 369000,
        "sRankTime": 264000,
        "sPlusRankTime": 180000,
        "rankPointReward": 180,
        "characterExpReward": 472,
        "manaReward": 230,
        "poolExpReward": 472
    },
    "10010001": {
        "name": "",
        "clearRewardId": 25,
        "sPlusRewardId": 1,
        "scoreRewardGroup": 50187,
        "bRankTime": 474000,
        "aRankTime": 369000,
        "sRankTime": 264000,
        "sPlusRankTime": 180000,
        "rankPointReward": 182,
        "characterExpReward": 479,
        "manaReward": 230,
        "poolExpReward": 479
    },
    "10010002": {
        "name": "",
        "clearRewardId": 25,
        "sPlusRewardId": 1,
        "scoreRewardGroup": 50187,
        "bRankTime": 474000,
        "aRankTime": 369000,
        "sRankTime": 264000,
        "sPlusRankTime": 180000,
        "rankPointReward": 185,
        "characterExpReward": 486,
        "manaReward": 240,
        "poolExpReward": 486
    },
    "10010003": {
        "name": "",
        "clearRewardId": 25,
        "sPlusRewardId": 1,
        "scoreRewardGroup": 50187,
        "bRankTime": 474000,
        "aRankTime": 369000,
        "sRankTime": 264000,
        "sPlusRankTime": 180000,
        "rankPointReward": 185,
        "characterExpReward": 486,
        "manaReward": 240,
        "poolExpReward": 486
    },
    "10011001": {
        "name": "",
        "clearRewardId": 25,
        "sPlusRewardId": 1,
        "scoreRewardGroup": 50188,
        "bRankTime": 474000,
        "aRankTime": 369000,
        "sRankTime": 264000,
        "sPlusRankTime": 180000,
        "rankPointReward": 317,
        "characterExpReward": 1235,
        "manaReward": 350,
        "poolExpReward": 1235
    },
    "10012002": {
        "name": "",
        "clearRewardId": 25,
        "sPlusRewardId": 1,
        "scoreRewardGroup": 50187,
        "bRankTime": 474000,
        "aRankTime": 369000,
        "sRankTime": 264000,
        "sPlusRankTime": 180000,
        "rankPointReward": 187,
        "characterExpReward": 493,
        "manaReward": 240,
        "poolExpReward": 493
    },
    "10012003": {
        "name": "",
        "clearRewardId": 25,
        "sPlusRewardId": 1,
        "scoreRewardGroup": 50187,
        "bRankTime": 474000,
        "aRankTime": 369000,
        "sRankTime": 264000,
        "sPlusRankTime": 180000,
        "rankPointReward": 187,
        "characterExpReward": 493,
        "manaReward": 240,
        "poolExpReward": 493
    },
    "10013001": {
        "name": "",
        "clearRewardId": 25,
        "sPlusRewardId": 1,
        "scoreRewardGroup": 50189,
        "bRankTime": 474000,
        "aRankTime": 369000,
        "sRankTime": 264000,
        "sPlusRankTime": 180000,
        "rankPointReward": 317,
        "characterExpReward": 1235,
        "manaReward": 350,
        "poolExpReward": 1235
    },
    "10013002": {
        "name": "",
        "clearRewardId": 25,
        "sPlusRewardId": 1,
        "scoreRewardGroup": 50190,
        "bRankTime": 474000,
        "aRankTime": 369000,
        "sRankTime": 264000,
        "sPlusRankTime": 180000,
        "rankPointReward": 384,
        "characterExpReward": 1510,
        "manaReward": 400,
        "poolExpReward": 1510
    },
    "11001001": {
        "name": "",
        "clearRewardId": 25,
        "sPlusRewardId": 1,
        "scoreRewardGroup": 40200,
        "bRankTime": 474000,
        "aRankTime": 369000,
        "sRankTime": 264000,
        "sPlusRankTime": 180000,
        "rankPointReward": 145,
        "characterExpReward": 535,
        "manaReward": 250,
        "poolExpReward": 535
    },
    "11001002": {
        "name": "",
        "clearRewardId": 25,
        "sPlusRewardId": 1,
        "scoreRewardGroup": 40200,
        "bRankTime": 474000,
        "aRankTime": 369000,
        "sRankTime": 264000,
        "sPlusRankTime": 180000,
        "rankPointReward": 145,
        "characterExpReward": 535,
        "manaReward": 250,
        "poolExpReward": 535
    },
    "11002001": {
        "name": "",
        "clearRewardId": 25,
        "sPlusRewardId": 1,
        "scoreRewardGroup": 40201,
        "bRankTime": 474000,
        "aRankTime": 369000,
        "sRankTime": 264000,
        "sPlusRankTime": 180000,
        "rankPointReward": 145,
        "characterExpReward": 535,
        "manaReward": 250,
        "poolExpReward": 535
    },
    "11002002": {
        "name": "",
        "clearRewardId": 25,
        "sPlusRewardId": 1,
        "scoreRewardGroup": 40201,
        "bRankTime": 474000,
        "aRankTime": 369000,
        "sRankTime": 264000,
        "sPlusRankTime": 180000,
        "rankPointReward": 145,
        "characterExpReward": 535,
        "manaReward": 250,
        "poolExpReward": 535
    },
    "11003001": {
        "name": "",
        "clearRewardId": 25,
        "sPlusRewardId": 1,
        "scoreRewardGroup": 40202,
        "bRankTime": 474000,
        "aRankTime": 369000,
        "sRankTime": 264000,
        "sPlusRankTime": 180000,
        "rankPointReward": 317,
        "characterExpReward": 1235,
        "manaReward": 350,
        "poolExpReward": 1235
    },
    "11004001": {
        "name": "",
        "clearRewardId": 25,
        "sPlusRewardId": 1,
        "scoreRewardGroup": 40203,
        "bRankTime": 474000,
        "aRankTime": 369000,
        "sRankTime": 264000,
        "sPlusRankTime": 180000,
        "rankPointReward": 178,
        "characterExpReward": 465,
        "manaReward": 230,
        "poolExpReward": 465
    },
    "11005001": {
        "name": "",
        "clearRewardId": 25,
        "sPlusRewardId": 1,
        "scoreRewardGroup": 40204,
        "bRankTime": 483000,
        "aRankTime": 385500,
        "sRankTime": 288000,
        "sPlusRankTime": 210000,
        "rankPointReward": 408,
        "characterExpReward": 1610,
        "manaReward": 420,
        "poolExpReward": 1610
    },
    "11006001": {
        "name": "",
        "clearRewardId": 25,
        "sPlusRewardId": 1,
        "scoreRewardGroup": 40202,
        "bRankTime": 474000,
        "aRankTime": 369000,
        "sRankTime": 264000,
        "sPlusRankTime": 180000,
        "rankPointReward": 317,
        "characterExpReward": 1235,
        "manaReward": 350,
        "poolExpReward": 1235
    },
    "11007001": {
        "name": "",
        "clearRewardId": 25,
        "sPlusRewardId": 1,
        "scoreRewardGroup": 40202,
        "bRankTime": 474000,
        "aRankTime": 369000,
        "sRankTime": 264000,
        "sPlusRankTime": 180000,
        "rankPointReward": 317,
        "characterExpReward": 1235,
        "manaReward": 350,
        "poolExpReward": 1235
    },
    "11008001": {
        "name": "",
        "clearRewardId": 25,
        "sPlusRewardId": 1,
        "scoreRewardGroup": 40202,
        "bRankTime": 474000,
        "aRankTime": 369000,
        "sRankTime": 264000,
        "sPlusRankTime": 180000,
        "rankPointReward": 317,
        "characterExpReward": 1235,
        "manaReward": 350,
        "poolExpReward": 1235
    },
    "11009001": {
        "name": "",
        "clearRewardId": 25,
        "sPlusRewardId": 1,
        "scoreRewardGroup": 40205,
        "bRankTime": 474000,
        "aRankTime": 369000,
        "sRankTime": 264000,
        "sPlusRankTime": 180000,
        "rankPointReward": 408,
        "characterExpReward": 1610,
        "manaReward": 420,
        "poolExpReward": 1610
    },
    "12001001": {
        "name": "",
        "clearRewardId": 25,
        "sPlusRewardId": 1,
        "scoreRewardGroup": 40202,
        "bRankTime": 474000,
        "aRankTime": 369000,
        "sRankTime": 264000,
        "sPlusRankTime": 180000,
        "rankPointReward": 317,
        "characterExpReward": 1235,
        "manaReward": 350,
        "poolExpReward": 1235
    },
    "12002001": {
        "name": "",
        "clearRewardId": 25,
        "sPlusRewardId": 1,
        "scoreRewardGroup": 40204,
        "bRankTime": 474000,
        "aRankTime": 369000,
        "sRankTime": 264000,
        "sPlusRankTime": 180000,
        "rankPointReward": 408,
        "characterExpReward": 1610,
        "manaReward": 420,
        "poolExpReward": 1610
    },
    "12003001": {
        "name": "",
        "clearRewardId": 25,
        "sPlusRewardId": 1,
        "scoreRewardGroup": 40191,
        "bRankTime": 474000,
        "aRankTime": 369000,
        "sRankTime": 264000,
        "sPlusRankTime": 180000,
        "rankPointReward": 317,
        "characterExpReward": 1235,
        "manaReward": 350,
        "poolExpReward": 1235
    },
    "12003002": {
        "name": "",
        "clearRewardId": 25,
        "sPlusRewardId": 1,
        "scoreRewardGroup": 40191,
        "bRankTime": 474000,
        "aRankTime": 369000,
        "sRankTime": 264000,
        "sPlusRankTime": 180000,
        "rankPointReward": 317,
        "characterExpReward": 1235,
        "manaReward": 350,
        "poolExpReward": 1235
    },
    "12004001": {
        "name": "",
        "clearRewardId": 25,
        "sPlusRewardId": 1,
        "scoreRewardGroup": 40205,
        "bRankTime": 528000,
        "aRankTime": 468000,
        "sRankTime": 408000,
        "sPlusRankTime": 360000,
        "rankPointReward": 408,
        "characterExpReward": 1610,
        "manaReward": 420,
        "poolExpReward": 1610
    }
}