{
    "1001": {
        "name": "",
        "clearRewardId": 34,
        "scoreRewardGroup": 5001,
        "sPlusRewardId": 1,
        "bRankTime": 1377000,
        "aRankTime": 1024500,
        "sRankTime": 672000,
        "sPlusRankTime": 390000,
        "rankPointReward": 702,
        "characterExpReward": 2430,
        "manaReward": 2340,
        "poolExpReward": 2430
    },
    "1002": {
        "name": "",
        "clearRewardId": 34,
        "scoreRewardGroup": 5002,
        "sPlusRewardId": 1,
        "bRankTime": 1386000,
        "aRankTime": 1041000,
        "sRankTime": 696000,
        "sPlusRankTime": 420000,
        "rankPointReward": 847,
        "characterExpReward": 3030,
        "manaReward": 2700,
        "poolExpReward": 3030
    },
    "1003": {
        "name": "",
        "clearRewardId": 34,
        "scoreRewardGroup": 5003,
        "sPlusRewardId": 1,
        "bRankTime": 1377000,
        "aRankTime": 1024500,
        "sRankTime": 672000,
        "sPlusRankTime": 390000,
        "rankPointReward": 702,
        "characterExpReward": 2430,
        "manaReward": 2340,
        "poolExpReward": 2430
    },
    "1004": {
        "name": "",
        "clearRewardId": 34,
        "scoreRewardGroup": 5004,
        "sPlusRewardId": 1,
        "bRankTime": 1386000,
        "aRankTime": 1041000,
        "sRankTime": 696000,
        "sPlusRankTime": 420000,
        "rankPointReward": 847,
        "characterExpReward": 3030,
        "manaReward": 2700,
        "poolExpReward": 3030
    },
    "1005": {
        "name": "",
        "clearRewardId": 34,
        "scoreRewardGroup": 5005,
        "sPlusRewardId": 1,
        "bRankTime": 1395000,
        "aRankTime": 1057500,
        "sRankTime": 720000,
        "sPlusRankTime": 450000,
        "rankPointReward": 702,
        "characterExpReward": 2430,
        "manaReward": 2340,
        "poolExpReward": 2430
    },
    "1006": {
        "name": "",
        "clearRewardId": 34,
        "scoreRewardGroup": 5006,
        "sPlusRewardId": 1,
        "bRankTime": 1404000,
        "aRankTime": 1074000,
        "sRankTime": 744000,
        "sPlusRankTime": 480000,
        "rankPointReward": 847,
        "characterExpReward": 3030,
        "manaReward": 2700,
        "poolExpReward": 3030
    },
    "1007": {
        "name": "",
        "clearRewardId": 34,
        "scoreRewardGroup": 5009,
        "sPlusRewardId": 1,
        "bRankTime": 1386000,
        "aRankTime": 1041000,
        "sRankTime": 696000,
        "sPlusRankTime": 420000,
        "rankPointReward": 702,
        "characterExpReward": 2430,
        "manaReward": 2340,
        "poolExpReward": 2430
    },
    "1008": {
        "name": "",
        "clearRewardId": 34,
        "scoreRewardGroup": 5010,
        "sPlusRewardId": 1,
        "bRankTime": 1404000,
        "aRankTime": 1074000,
        "sRankTime": 744000,
        "sPlusRankTime": 480000,
        "rankPointReward": 847,
        "characterExpReward": 3030,
        "manaReward": 2700,
        "poolExpReward": 3030
    },
    "1009": {
        "name": "",
        "clearRewardId": 34,
        "scoreRewardGroup": 5007,
        "sPlusRewardId": 1,
        "bRankTime": 1368000,
        "aRankTime": 1008000,
        "sRankTime": 648000,
        "sPlusRankTime": 360000,
        "rankPointReward": 702,
        "characterExpReward": 2430,
        "manaReward": 2340,
        "poolExpReward": 2430
    },
    "1010": {
        "name": "",
        "clearRewardId": 34,
        "scoreRewardGroup": 5008,
        "sPlusRewardId": 1,
        "bRankTime": 1422000,
        "aRankTime": 1107000,
        "sRankTime": 792000,
        "sPlusRankTime": 540000,
        "rankPointReward": 847,
        "characterExpReward": 3030,
        "manaReward": 2700,
        "poolExpReward": 3030
    },
    "1011": {
        "name": "",
        "clearRewardId": 34,
        "scoreRewardGroup": 5011,
        "sPlusRewardId": 1,
        "bRankTime": 1413000,
        "aRankTime": 1090500,
        "sRankTime": 768000,
        "sPlusRankTime": 510000,
        "rankPointReward": 702,
        "characterExpReward": 2430,
        "manaReward": 2340,
        "poolExpReward": 2430
    },
    "1012": {
        "name": "",
        "clearRewardId": 34,
        "scoreRewardGroup": 5012,
        "sPlusRewardId": 1,
        "bRankTime": 1422000,
        "aRankTime": 1107000,
        "sRankTime": 792000,
        "sPlusRankTime": 540000,
        "rankPointReward": 847,
        "characterExpReward": 3030,
        "manaReward": 2700,
        "poolExpReward": 3030
    },
    "2001": {
        "name": "",
        "clearRewardId": 64,
        "scoreRewardGroup": 5013,
        "sPlusRewardId": 1,
        "bRankTime": 810000,
        "aRankTime": 735000,
        "sRankTime": 660000,
        "sPlusRankTime": 600000,
        "rankPointReward": 847,
        "characterExpReward": 3030,
        "manaReward": 2700,
        "poolExpReward": 3030
    },
    "2002": {
        "name": "",
        "clearRewardId": 64,
        "scoreRewardGroup": 5013,
        "sPlusRewardId": 1,
        "bRankTime": 810000,
        "aRankTime": 735000,
        "sRankTime": 660000,
        "sPlusRankTime": 600000,
        "rankPointReward": 847,
        "characterExpReward": 3030,
        "manaReward": 2700,
        "poolExpReward": 3030
    },
    "2003": {
        "name": "",
        "clearRewardId": 64,
        "scoreRewardGroup": 5013,
        "sPlusRewardId": 1,
        "bRankTime": 810000,
        "aRankTime": 735000,
        "sRankTime": 660000,
        "sPlusRankTime": 600000,
        "rankPointReward": 847,
        "characterExpReward": 3030,
        "manaReward": 2700,
        "poolExpReward": 3030
    },
    "2004": {
        "name": "",
        "clearRewardId": 65,
        "scoreRewardGroup": 5014,
        "sPlusRewardId": 1,
        "bRankTime": 810000,
        "aRankTime": 735000,
        "sRankTime": 660000,
        "sPlusRankTime": 600000,
        "rankPointReward": 847,
        "characterExpReward": 3030,
        "manaReward": 2700,
        "poolExpReward": 3030
    },
    "2005": {
        "name": "",
        "clearRewardId": 66,
        "scoreRewardGroup": 5015,
        "sPlusRewardId": 1,
        "bRankTime": 810000,
        "aRankTime": 735000,
        "sRankTime": 660000,
        "sPlusRankTime": 600000,
        "rankPointReward": 847,
        "characterExpReward": 3030,
        "manaReward": 2700,
        "poolExpReward": 3030
    },
    "2006": {
        "name": "",
        "clearRewardId": 66,
        "scoreRewardGroup": 5015,
        "sPlusRewardId": 1,
        "bRankTime": 810000,
        "aRankTime": 735000,
        "sRankTime": 660000,
        "sPlusRankTime": 600000,
        "rankPointReward": 847,
        "characterExpReward": 3030,
        "manaReward": 2700,
        "poolExpReward": 3030
    },
    "2007": {
        "name": "",
        "clearRewardId": 67,
        "scoreRewardGroup": 5016,
        "sPlusRewardId": 1,
        "bRankTime": 810000,
        "aRankTime": 735000,
        "sRankTime": 660000,
        "sPlusRankTime": 600000,
        "rankPointReward": 847,
        "characterExpReward": 3030,
        "manaReward": 2700,
        "poolExpReward": 3030
    },
    "2008": {
        "name": "",
        "clearRewardId": 69,
        "scoreRewardGroup": 5017,
        "sPlusRewardId": 1,
        "bRankTime": 810000,
        "aRankTime": 735000,
        "sRankTime": 660000,
        "sPlusRankTime": 600000,
        "rankPointReward": 847,
        "characterExpReward": 3030,
        "manaReward": 2700,
        "poolExpReward": 3030
    },
    "2009": {
        "name": "",
        "clearRewardId": 69,
        "scoreRewardGroup": 5017,
        "sPlusRewardId": 1,
        "bRankTime": 810000,
        "aRankTime": 735000,
        "sRankTime": 660000,
        "sPlusRankTime": 600000,
        "rankPointReward": 847,
        "characterExpReward": 3030,
        "manaReward": 2700,
        "poolExpReward": 3030
    },
    "2010": {
        "name": "",
        "clearRewardId": 64,
        "scoreRewardGroup": 5013,
        "sPlusRewardId": 1,
        "bRankTime": 810000,
        "aRankTime": 735000,
        "sRankTime": 660000,
        "sPlusRankTime": 600000,
        "rankPointReward": 847,
        "characterExpReward": 3030,
        "manaReward": 2700,
        "poolExpReward": 3030
    },
    "2011": {
        "name": "",
        "clearRewardId": 68,
        "scoreRewardGroup": 5018,
        "sPlusRewardId": 1,
        "bRankTime": 810000,
        "aRankTime": 735000,
        "sRankTime": 660000,
        "sPlusRankTime": 600000,
        "rankPointReward": 847,
        "characterExpReward": 3030,
        "manaReward": 2700,
        "poolExpReward": 3030
    }
}