{
    "28": 1,
    "29": 1,
    "30": 1,
    "46": 2,
    "47": 2,
    "48": 2,
    "49": 3,
    "50": 3,
    "51": 3,
    "52": 3,
    "53": 3,
    "54": 3,
    "55": 4,
    "56": 4,
    "58": 4,
    "72": 5,
    "73": 6,
    "74": 6,
    "75": 7,
    "76": 7,
    "77": 7,
    "81": 8,
    "82": 8,
    "83": 8,
    "84": 8,
    "98": 10,
    "99": 11,
    "100": 11,
    "101": 12,
    "700000": 12,
    "103": 12,
    "104": 12,
    "106": 13,
    "116": 14,
    "118": 15,
    "119": 15,
    "123": 16,
    "124": 16,
    "129": 17,
    "130": 17,
    "131": 17,
    "132": 17,
    "147": 18,
    "148": 18,
    "149": 18,
    "157": 19,
    "700004": 20,
    "155": 19,
    "179": 20,
    "180": 20
}