{
    "1001": {
        "name": "",
        "clearRewardId": 1,
        "scoreRewardGroup": 20030101,
        "bRankTime": 0,
        "aRankTime": 0,
        "sRankTime": 0,
        "sPlusRankTime": 0,
        "rankPointReward": 4,
        "characterExpReward": 28,
        "manaReward": 94,
        "poolExpReward": 100
    },
    "1002": {
        "name": "",
        "clearRewardId": 1,
        "scoreRewardGroup": 20030102,
        "bRankTime": 0,
        "aRankTime": 0,
        "sRankTime": 0,
        "sPlusRankTime": 0,
        "rankPointReward": 6,
        "characterExpReward": 223,
        "manaReward": 450,
        "poolExpReward": 960
    },
    "1003": {
        "name": "",
        "clearRewardId": 1,
        "scoreRewardGroup": 20030103,
        "bRankTime": 0,
        "aRankTime": 0,
        "sRankTime": 0,
        "sPlusRankTime": 0,
        "rankPointReward": 6,
        "characterExpReward": 468,
        "manaReward": 1620,
        "poolExpReward": 1560
    },
    "1004": {
        "name": "",
        "clearRewardId": 1,
        "scoreRewardGroup": 20030104,
        "bRankTime": 0,
        "aRankTime": 0,
        "sRankTime": 0,
        "sPlusRankTime": 0,
        "rankPointReward": 8,
        "characterExpReward": 556,
        "manaReward": 1830,
        "poolExpReward": 1980
    },
    "2001": {
        "name": "",
        "clearRewardId": 1,
        "scoreRewardGroup": 20030105,
        "bRankTime": 0,
        "aRankTime": 0,
        "sRankTime": 0,
        "sPlusRankTime": 0,
        "rankPointReward": 4,
        "characterExpReward": 28,
        "manaReward": 94,
        "poolExpReward": 100
    },
    "2002": {
        "name": "",
        "clearRewardId": 1,
        "scoreRewardGroup": 20030106,
        "bRankTime": 0,
        "aRankTime": 0,
        "sRankTime": 0,
        "sPlusRankTime": 0,
        "rankPointReward": 6,
        "characterExpReward": 223,
        "manaReward": 450,
        "poolExpReward": 960
    },
    "2003": {
        "name": "",
        "clearRewardId": 1,
        "scoreRewardGroup": 20030107,
        "bRankTime": 0,
        "aRankTime": 0,
        "sRankTime": 0,
        "sPlusRankTime": 0,
        "rankPointReward": 6,
        "characterExpReward": 468,
        "manaReward": 1620,
        "poolExpReward": 1560
    },
    "2004": {
        "name": "",
        "clearRewardId": 1,
        "scoreRewardGroup": 20030108,
        "bRankTime": 0,
        "aRankTime": 0,
        "sRankTime": 0,
        "sPlusRankTime": 0,
        "rankPointReward": 8,
        "characterExpReward": 556,
        "manaReward": 1830,
        "poolExpReward": 1980
    },
    "3001": {
        "name": "",
        "clearRewardId": 1,
        "scoreRewardGroup": 20030109,
        "bRankTime": 0,
        "aRankTime": 0,
        "sRankTime": 0,
        "sPlusRankTime": 0,
        "rankPointReward": 4,
        "characterExpReward": 28,
        "manaReward": 94,
        "poolExpReward": 100
    },
    "3002": {
        "name": "",
        "clearRewardId": 1,
        "scoreRewardGroup": 20030110,
        "bRankTime": 0,
        "aRankTime": 0,
        "sRankTime": 0,
        "sPlusRankTime": 0,
        "rankPointReward": 6,
        "characterExpReward": 223,
        "manaReward": 450,
        "poolExpReward": 960
    },
    "3003": {
        "name": "",
        "clearRewardId": 1,
        "scoreRewardGroup": 20030111,
        "bRankTime": 0,
        "aRankTime": 0,
        "sRankTime": 0,
        "sPlusRankTime": 0,
        "rankPointReward": 6,
        "characterExpReward": 468,
        "manaReward": 1620,
        "poolExpReward": 1560
    },
    "3004": {
        "name": "",
        "clearRewardId": 1,
        "scoreRewardGroup": 20030112,
        "bRankTime": 0,
        "aRankTime": 0,
        "sRankTime": 0,
        "sPlusRankTime": 0,
        "rankPointReward": 8,
        "characterExpReward": 556,
        "manaReward": 1830,
        "poolExpReward": 1980
    },
    "4001": {
        "name": "",
        "clearRewardId": 1,
        "scoreRewardGroup": 20030113,
        "bRankTime": 0,
        "aRankTime": 0,
        "sRankTime": 0,
        "sPlusRankTime": 0,
        "rankPointReward": 4,
        "characterExpReward": 28,
        "manaReward": 94,
        "poolExpReward": 100
    },
    "4002": {
        "name": "",
        "clearRewardId": 1,
        "scoreRewardGroup": 20030114,
        "bRankTime": 0,
        "aRankTime": 0,
        "sRankTime": 0,
        "sPlusRankTime": 0,
        "rankPointReward": 6,
        "characterExpReward": 223,
        "manaReward": 450,
        "poolExpReward": 960
    },
    "4003": {
        "name": "",
        "clearRewardId": 1,
        "scoreRewardGroup": 20030115,
        "bRankTime": 0,
        "aRankTime": 0,
        "sRankTime": 0,
        "sPlusRankTime": 0,
        "rankPointReward": 6,
        "characterExpReward": 468,
        "manaReward": 1620,
        "poolExpReward": 1560
    },
    "4004": {
        "name": "",
        "clearRewardId": 1,
        "scoreRewardGroup": 20030116,
        "bRankTime": 0,
        "aRankTime": 0,
        "sRankTime": 0,
        "sPlusRankTime": 0,
        "rankPointReward": 8,
        "characterExpReward": 556,
        "manaReward": 1830,
        "poolExpReward": 1980
    },
    "5001": {
        "name": "",
        "clearRewardId": 1,
        "scoreRewardGroup": 20030117,
        "bRankTime": 0,
        "aRankTime": 0,
        "sRankTime": 0,
        "sPlusRankTime": 0,
        "rankPointReward": 4,
        "characterExpReward": 28,
        "manaReward": 94,
        "poolExpReward": 100
    },
    "5002": {
        "name": "",
        "clearRewardId": 1,
        "scoreRewardGroup": 20030118,
        "bRankTime": 0,
        "aRankTime": 0,
        "sRankTime": 0,
        "sPlusRankTime": 0,
        "rankPointReward": 6,
        "characterExpReward": 223,
        "manaReward": 450,
        "poolExpReward": 960
    },
    "5003": {
        "name": "",
        "clearRewardId": 1,
        "scoreRewardGroup": 20030119,
        "bRankTime": 0,
        "aRankTime": 0,
        "sRankTime": 0,
        "sPlusRankTime": 0,
        "rankPointReward": 6,
        "characterExpReward": 468,
        "manaReward": 1620,
        "poolExpReward": 1560
    },
    "5004": {
        "name": "",
        "clearRewardId": 1,
        "scoreRewardGroup": 20030120,
        "bRankTime": 0,
        "aRankTime": 0,
        "sRankTime": 0,
        "sPlusRankTime": 0,
        "rankPointReward": 8,
        "characterExpReward": 556,
        "manaReward": 1830,
        "poolExpReward": 1980
    }
}