{
    "1001": {
        "name": "",
        "bRankTime": 0,
        "aRankTime": 0,
        "sRankTime": 0,
        "sPlusRankTime": 0,
        "rankPointReward": 0,
        "characterExpReward": 0,
        "manaReward": 0,
        "poolExpReward": 0
    },
    "2001": {
        "name": "",
        "bRankTime": 0,
        "aRankTime": 0,
        "sRankTime": 0,
        "sPlusRankTime": 0,
        "rankPointReward": 0,
        "characterExpReward": 0,
        "manaReward": 0,
        "poolExpReward": 0
    },
    "3001": {
        "name": "",
        "bRankTime": 0,
        "aRankTime": 0,
        "sRankTime": 0,
        "sPlusRankTime": 0,
        "rankPointReward": 0,
        "characterExpReward": 0,
        "manaReward": 0,
        "poolExpReward": 0
    },
    "4001": {
        "name": "",
        "bRankTime": 0,
        "aRankTime": 0,
        "sRankTime": 0,
        "sPlusRankTime": 0,
        "rankPointReward": 0,
        "characterExpReward": 0,
        "manaReward": 0,
        "poolExpReward": 0
    },
    "5001": {
        "name": "",
        "bRankTime": 0,
        "aRankTime": 0,
        "sRankTime": 0,
        "sPlusRankTime": 0,
        "rankPointReward": 0,
        "characterExpReward": 0,
        "manaReward": 0,
        "poolExpReward": 0
    }
}