{
    "100100001": {
        "name": "",
        "clearRewardId": 1,
        "sPlusRewardId": 1,
        "bRankTime": 325000,
        "aRankTime": 262500,
        "sRankTime": 200000,
        "sPlusRankTime": 150000,
        "rankPointReward": 207,
        "characterExpReward": 410,
        "manaReward": 900,
        "poolExpReward": 1,
        "scoreRewardGroup": 10010006
    },
    "100100002": {
        "name": "",
        "clearRewardId": 1,
        "sPlusRewardId": 1,
        "bRankTime": 623000,
        "aRankTime": 475500,
        "sRankTime": 328000,
        "sPlusRankTime": 210000,
        "rankPointReward": 379,
        "characterExpReward": 1410,
        "manaReward": 1140,
        "poolExpReward": 1,
        "scoreRewardGroup": 10010007
    },
    "100100003": {
        "name": "",
        "clearRewardId": 1,
        "sPlusRewardId": 1,
        "bRankTime": 465000,
        "aRankTime": 352500,
        "sRankTime": 240000,
        "sPlusRankTime": 150000,
        "rankPointReward": 223,
        "characterExpReward": 450,
        "manaReward": 960,
        "poolExpReward": 1,
        "scoreRewardGroup": 10010008
    },
    "100100004": {
        "name": "",
        "clearRewardId": 1,
        "sPlusRewardId": 1,
        "bRankTime": 1544000,
        "aRankTime": 1164000,
        "sRankTime": 784000,
        "sPlusRankTime": 480000,
        "rankPointReward": 468,
        "characterExpReward": 1620,
        "manaReward": 1560,
        "poolExpReward": 1,
        "scoreRewardGroup": 10010009
    },
    "100200001": {
        "name": "",
        "clearRewardId": 1,
        "sPlusRewardId": 1,
        "bRankTime": 465000,
        "aRankTime": 352500,
        "sRankTime": 240000,
        "sPlusRankTime": 150000,
        "rankPointReward": 207,
        "characterExpReward": 410,
        "manaReward": 900,
        "poolExpReward": 1,
        "scoreRewardGroup": 10020005
    },
    "100200002": {
        "name": "",
        "clearRewardId": 1,
        "sPlusRewardId": 1,
        "bRankTime": 588000,
        "aRankTime": 453000,
        "sRankTime": 318000,
        "sPlusRankTime": 210000,
        "rankPointReward": 379,
        "characterExpReward": 1410,
        "manaReward": 1140,
        "poolExpReward": 1,
        "scoreRewardGroup": 10020006
    },
    "100200003": {
        "name": "",
        "clearRewardId": 1,
        "sPlusRewardId": 1,
        "bRankTime": 465000,
        "aRankTime": 352500,
        "sRankTime": 240000,
        "sPlusRankTime": 150000,
        "rankPointReward": 223,
        "characterExpReward": 450,
        "manaReward": 960,
        "poolExpReward": 1,
        "scoreRewardGroup": 10020007
    },
    "100200004": {
        "name": "",
        "clearRewardId": 1,
        "sPlusRewardId": 1,
        "bRankTime": 1526000,
        "aRankTime": 1131000,
        "sRankTime": 736000,
        "sPlusRankTime": 420000,
        "rankPointReward": 468,
        "characterExpReward": 1620,
        "manaReward": 1560,
        "poolExpReward": 1,
        "scoreRewardGroup": 10020008
    },
    "100300001": {
        "name": "",
        "clearRewardId": 1,
        "sPlusRewardId": 1,
        "bRankTime": 684000,
        "aRankTime": 504000,
        "sRankTime": 324000,
        "sPlusRankTime": 180000,
        "rankPointReward": 186,
        "characterExpReward": 360,
        "manaReward": 840,
        "poolExpReward": 1,
        "scoreRewardGroup": 10030003
    },
    "100300002": {
        "name": "",
        "clearRewardId": 1,
        "sPlusRewardId": 1,
        "bRankTime": 1140000,
        "aRankTime": 840000,
        "sRankTime": 540000,
        "sPlusRankTime": 300000,
        "rankPointReward": 357,
        "characterExpReward": 1240,
        "manaReward": 1200,
        "poolExpReward": 1,
        "scoreRewardGroup": 10030004
    },
    "100300003": {
        "name": "",
        "clearRewardId": 1,
        "sPlusRewardId": 1,
        "bRankTime": 474000,
        "aRankTime": 369000,
        "sRankTime": 264000,
        "sPlusRankTime": 180000,
        "rankPointReward": 223,
        "characterExpReward": 450,
        "manaReward": 960,
        "poolExpReward": 1,
        "scoreRewardGroup": 10030007
    },
    "100300004": {
        "name": "",
        "clearRewardId": 1,
        "sPlusRewardId": 1,
        "bRankTime": 1368000,
        "aRankTime": 1008000,
        "sRankTime": 648000,
        "sPlusRankTime": 360000,
        "rankPointReward": 468,
        "characterExpReward": 1620,
        "manaReward": 1560,
        "poolExpReward": 1,
        "scoreRewardGroup": 10030008
    },
    "100400001": {
        "name": "",
        "clearRewardId": 1,
        "sPlusRewardId": 1,
        "bRankTime": 465000,
        "aRankTime": 352500,
        "sRankTime": 240000,
        "sPlusRankTime": 150000,
        "rankPointReward": 186,
        "characterExpReward": 360,
        "manaReward": 840,
        "poolExpReward": 1,
        "scoreRewardGroup": 10040003
    },
    "100400002": {
        "name": "",
        "clearRewardId": 1,
        "sPlusRewardId": 1,
        "bRankTime": 588000,
        "aRankTime": 453000,
        "sRankTime": 318000,
        "sPlusRankTime": 210000,
        "rankPointReward": 357,
        "characterExpReward": 1240,
        "manaReward": 1200,
        "poolExpReward": 1,
        "scoreRewardGroup": 10040004
    },
    "100400003": {
        "name": "",
        "clearRewardId": 1,
        "sPlusRewardId": 1,
        "bRankTime": 519000,
        "aRankTime": 451500,
        "sRankTime": 384000,
        "sPlusRankTime": 330000,
        "rankPointReward": 223,
        "characterExpReward": 450,
        "manaReward": 960,
        "poolExpReward": 1,
        "scoreRewardGroup": 10040009
    },
    "100400004": {
        "name": "",
        "clearRewardId": 1,
        "sPlusRewardId": 1,
        "bRankTime": 642000,
        "aRankTime": 552000,
        "sRankTime": 462000,
        "sPlusRankTime": 390000,
        "rankPointReward": 468,
        "characterExpReward": 1620,
        "manaReward": 1560,
        "poolExpReward": 1,
        "scoreRewardGroup": 10040010
    },
    "100401001": {
        "name": "",
        "clearRewardId": 1,
        "sPlusRewardId": 1,
        "bRankTime": 325000,
        "aRankTime": 262500,
        "sRankTime": 200000,
        "sPlusRankTime": 150000,
        "rankPointReward": 186,
        "characterExpReward": 360,
        "manaReward": 840,
        "poolExpReward": 1,
        "scoreRewardGroup": 10040106
    },
    "100401002": {
        "name": "",
        "clearRewardId": 1,
        "sPlusRewardId": 1,
        "bRankTime": 623000,
        "aRankTime": 475500,
        "sRankTime": 328000,
        "sPlusRankTime": 210000,
        "rankPointReward": 357,
        "characterExpReward": 1240,
        "manaReward": 1200,
        "poolExpReward": 1,
        "scoreRewardGroup": 10040107
    },
    "100401003": {
        "name": "",
        "clearRewardId": 1,
        "sPlusRewardId": 1,
        "bRankTime": 465000,
        "aRankTime": 352500,
        "sRankTime": 240000,
        "sPlusRankTime": 150000,
        "rankPointReward": 223,
        "characterExpReward": 450,
        "manaReward": 960,
        "poolExpReward": 1,
        "scoreRewardGroup": 10040108
    },
    "100401004": {
        "name": "",
        "clearRewardId": 1,
        "sPlusRewardId": 1,
        "bRankTime": 1544000,
        "aRankTime": 1164000,
        "sRankTime": 784000,
        "sPlusRankTime": 480000,
        "rankPointReward": 468,
        "characterExpReward": 1620,
        "manaReward": 1560,
        "poolExpReward": 1,
        "scoreRewardGroup": 10040109
    },
    "100402001": {
        "name": "",
        "clearRewardId": 1,
        "sPlusRewardId": 1,
        "bRankTime": 465000,
        "aRankTime": 352500,
        "sRankTime": 240000,
        "sPlusRankTime": 150000,
        "rankPointReward": 186,
        "characterExpReward": 360,
        "manaReward": 840,
        "poolExpReward": 1,
        "scoreRewardGroup": 10040015
    },
    "100402002": {
        "name": "",
        "clearRewardId": 1,
        "sPlusRewardId": 1,
        "bRankTime": 588000,
        "aRankTime": 453000,
        "sRankTime": 318000,
        "sPlusRankTime": 210000,
        "rankPointReward": 357,
        "characterExpReward": 1240,
        "manaReward": 1200,
        "poolExpReward": 1,
        "scoreRewardGroup": 10040016
    },
    "100402003": {
        "name": "",
        "clearRewardId": 1,
        "sPlusRewardId": 1,
        "bRankTime": 1377000,
        "aRankTime": 1024500,
        "sRankTime": 672000,
        "sPlusRankTime": 390000,
        "rankPointReward": 223,
        "characterExpReward": 450,
        "manaReward": 960,
        "poolExpReward": 1,
        "scoreRewardGroup": 10040020
    },
    "100402004": {
        "name": "",
        "clearRewardId": 1,
        "sPlusRewardId": 1,
        "bRankTime": 1404000,
        "aRankTime": 1074000,
        "sRankTime": 744000,
        "sPlusRankTime": 480000,
        "rankPointReward": 468,
        "characterExpReward": 1620,
        "manaReward": 1560,
        "poolExpReward": 1,
        "scoreRewardGroup": 10040021
    },
    "100403001": {
        "name": "",
        "clearRewardId": 1,
        "sPlusRewardId": 1,
        "bRankTime": 465000,
        "aRankTime": 352500,
        "sRankTime": 240000,
        "sPlusRankTime": 150000,
        "rankPointReward": 186,
        "characterExpReward": 360,
        "manaReward": 840,
        "poolExpReward": 1,
        "scoreRewardGroup": 10040305
    },
    "100403002": {
        "name": "",
        "clearRewardId": 1,
        "sPlusRewardId": 1,
        "bRankTime": 588000,
        "aRankTime": 453000,
        "sRankTime": 318000,
        "sPlusRankTime": 210000,
        "rankPointReward": 357,
        "characterExpReward": 1240,
        "manaReward": 1200,
        "poolExpReward": 1,
        "scoreRewardGroup": 10040306
    },
    "100403003": {
        "name": "",
        "clearRewardId": 1,
        "sPlusRewardId": 1,
        "bRankTime": 465000,
        "aRankTime": 352500,
        "sRankTime": 240000,
        "sPlusRankTime": 150000,
        "rankPointReward": 223,
        "characterExpReward": 450,
        "manaReward": 960,
        "poolExpReward": 1,
        "scoreRewardGroup": 10040307
    },
    "100403004": {
        "name": "",
        "clearRewardId": 1,
        "sPlusRewardId": 1,
        "bRankTime": 1526000,
        "aRankTime": 1131000,
        "sRankTime": 736000,
        "sPlusRankTime": 420000,
        "rankPointReward": 468,
        "characterExpReward": 1620,
        "manaReward": 1560,
        "poolExpReward": 1,
        "scoreRewardGroup": 10040308
    },
    "100404001": {
        "name": "",
        "clearRewardId": 1,
        "sPlusRewardId": 1,
        "bRankTime": 474000,
        "aRankTime": 369000,
        "sRankTime": 264000,
        "sPlusRankTime": 180000,
        "rankPointReward": 186,
        "characterExpReward": 360,
        "manaReward": 840,
        "poolExpReward": 1,
        "scoreRewardGroup": 10040316
    },
    "100404002": {
        "name": "",
        "clearRewardId": 1,
        "sPlusRewardId": 1,
        "bRankTime": 579000,
        "aRankTime": 436500,
        "sRankTime": 294000,
        "sPlusRankTime": 180000,
        "rankPointReward": 357,
        "characterExpReward": 1240,
        "manaReward": 1200,
        "poolExpReward": 1,
        "scoreRewardGroup": 10040317
    },
    "100404003": {
        "name": "",
        "clearRewardId": 1,
        "sPlusRewardId": 1,
        "bRankTime": 1314000,
        "aRankTime": 909000,
        "sRankTime": 504000,
        "sPlusRankTime": 180000,
        "rankPointReward": 223,
        "characterExpReward": 450,
        "manaReward": 960,
        "poolExpReward": 1,
        "scoreRewardGroup": 10040321
    },
    "100404004": {
        "name": "",
        "clearRewardId": 1,
        "sPlusRewardId": 1,
        "bRankTime": 1314000,
        "aRankTime": 909000,
        "sRankTime": 504000,
        "sPlusRankTime": 180000,
        "rankPointReward": 468,
        "characterExpReward": 1620,
        "manaReward": 1560,
        "poolExpReward": 1,
        "scoreRewardGroup": 10040322
    },
    "100405001": {
        "name": "",
        "clearRewardId": 1,
        "sPlusRewardId": 1,
        "bRankTime": 684000,
        "aRankTime": 504000,
        "sRankTime": 324000,
        "sPlusRankTime": 180000,
        "rankPointReward": 186,
        "characterExpReward": 360,
        "manaReward": 840,
        "poolExpReward": 1,
        "scoreRewardGroup": 10040330
    },
    "100405002": {
        "name": "",
        "clearRewardId": 1,
        "sPlusRewardId": 1,
        "bRankTime": 1140000,
        "aRankTime": 840000,
        "sRankTime": 540000,
        "sPlusRankTime": 300000,
        "rankPointReward": 357,
        "characterExpReward": 1240,
        "manaReward": 1200,
        "poolExpReward": 1,
        "scoreRewardGroup": 10040331
    },
    "100405003": {
        "name": "",
        "clearRewardId": 1,
        "sPlusRewardId": 1,
        "bRankTime": 474000,
        "aRankTime": 369000,
        "sRankTime": 264000,
        "sPlusRankTime": 180000,
        "rankPointReward": 223,
        "characterExpReward": 450,
        "manaReward": 960,
        "poolExpReward": 1,
        "scoreRewardGroup": 10040332
    },
    "100405004": {
        "name": "",
        "clearRewardId": 1,
        "sPlusRewardId": 1,
        "bRankTime": 1368000,
        "aRankTime": 1008000,
        "sRankTime": 648000,
        "sPlusRankTime": 360000,
        "rankPointReward": 468,
        "characterExpReward": 1620,
        "manaReward": 1560,
        "poolExpReward": 1,
        "scoreRewardGroup": 10040333
    },
    "100406001": {
        "name": "",
        "clearRewardId": 1,
        "sPlusRewardId": 1,
        "bRankTime": 474000,
        "aRankTime": 369000,
        "sRankTime": 264000,
        "sPlusRankTime": 180000,
        "rankPointReward": 186,
        "characterExpReward": 360,
        "manaReward": 840,
        "poolExpReward": 1,
        "scoreRewardGroup": 10040603
    },
    "100406002": {
        "name": "",
        "clearRewardId": 1,
        "sPlusRewardId": 1,
        "bRankTime": 579000,
        "aRankTime": 436500,
        "sRankTime": 294000,
        "sPlusRankTime": 180000,
        "rankPointReward": 357,
        "characterExpReward": 1240,
        "manaReward": 1200,
        "poolExpReward": 1,
        "scoreRewardGroup": 10040604
    },
    "100406003": {
        "name": "",
        "clearRewardId": 1,
        "sPlusRewardId": 1,
        "bRankTime": 1314000,
        "aRankTime": 909000,
        "sRankTime": 504000,
        "sPlusRankTime": 180000,
        "rankPointReward": 223,
        "characterExpReward": 450,
        "manaReward": 960,
        "poolExpReward": 1,
        "scoreRewardGroup": 10040608
    },
    "100406004": {
        "name": "",
        "clearRewardId": 1,
        "sPlusRewardId": 1,
        "bRankTime": 1314000,
        "aRankTime": 909000,
        "sRankTime": 504000,
        "sPlusRankTime": 180000,
        "rankPointReward": 468,
        "characterExpReward": 1620,
        "manaReward": 1560,
        "poolExpReward": 1,
        "scoreRewardGroup": 10040609
    },
    "100407001": {
        "name": "",
        "clearRewardId": 1,
        "sPlusRewardId": 1,
        "bRankTime": 465000,
        "aRankTime": 352500,
        "sRankTime": 240000,
        "sPlusRankTime": 150000,
        "rankPointReward": 186,
        "characterExpReward": 360,
        "manaReward": 840,
        "poolExpReward": 1,
        "scoreRewardGroup": 10040338
    },
    "100407002": {
        "name": "",
        "clearRewardId": 1,
        "sPlusRewardId": 1,
        "bRankTime": 588000,
        "aRankTime": 453000,
        "sRankTime": 318000,
        "sPlusRankTime": 210000,
        "rankPointReward": 357,
        "characterExpReward": 1240,
        "manaReward": 1200,
        "poolExpReward": 1,
        "scoreRewardGroup": 10040339
    },
    "100407003": {
        "name": "",
        "clearRewardId": 1,
        "sPlusRewardId": 1,
        "bRankTime": 519000,
        "aRankTime": 451500,
        "sRankTime": 384000,
        "sPlusRankTime": 330000,
        "rankPointReward": 223,
        "characterExpReward": 450,
        "manaReward": 960,
        "poolExpReward": 1,
        "scoreRewardGroup": 10040343
    },
    "100407004": {
        "name": "",
        "clearRewardId": 1,
        "sPlusRewardId": 1,
        "bRankTime": 642000,
        "aRankTime": 552000,
        "sRankTime": 462000,
        "sPlusRankTime": 390000,
        "rankPointReward": 468,
        "characterExpReward": 1620,
        "manaReward": 1560,
        "poolExpReward": 1,
        "scoreRewardGroup": 10040344
    },
    "100408001": {
        "name": "",
        "clearRewardId": 1,
        "sPlusRewardId": 1,
        "bRankTime": 474000,
        "aRankTime": 369000,
        "sRankTime": 264000,
        "sPlusRankTime": 180000,
        "rankPointReward": 186,
        "characterExpReward": 360,
        "manaReward": 840,
        "poolExpReward": 1,
        "scoreRewardGroup": 10040802
    },
    "100408002": {
        "name": "",
        "clearRewardId": 1,
        "sPlusRewardId": 1,
        "bRankTime": 615000,
        "aRankTime": 502500,
        "sRankTime": 390000,
        "sPlusRankTime": 300000,
        "rankPointReward": 357,
        "characterExpReward": 1240,
        "manaReward": 1200,
        "poolExpReward": 1,
        "scoreRewardGroup": 10040803
    },
    "100408003": {
        "name": "",
        "clearRewardId": 1,
        "sPlusRewardId": 1,
        "bRankTime": 1314000,
        "aRankTime": 909000,
        "sRankTime": 504000,
        "sPlusRankTime": 180000,
        "rankPointReward": 223,
        "characterExpReward": 450,
        "manaReward": 960,
        "poolExpReward": 1,
        "scoreRewardGroup": 10040807
    },
    "100408004": {
        "name": "",
        "clearRewardId": 1,
        "sPlusRewardId": 1,
        "bRankTime": 1341000,
        "aRankTime": 958500,
        "sRankTime": 576000,
        "sPlusRankTime": 270000,
        "rankPointReward": 468,
        "characterExpReward": 1620,
        "manaReward": 1560,
        "poolExpReward": 1,
        "scoreRewardGroup": 10040808
    },
    "100409001": {
        "name": "",
        "clearRewardId": 1,
        "sPlusRewardId": 1,
        "bRankTime": 1314000,
        "aRankTime": 909000,
        "sRankTime": 504000,
        "sPlusRankTime": 180000,
        "rankPointReward": 223,
        "characterExpReward": 450,
        "manaReward": 960,
        "poolExpReward": 1,
        "scoreRewardGroup": 10040902
    },
    "100409002": {
        "name": "",
        "clearRewardId": 1,
        "sPlusRewardId": 1,
        "bRankTime": 1341000,
        "aRankTime": 958500,
        "sRankTime": 576000,
        "sPlusRankTime": 270000,
        "rankPointReward": 468,
        "characterExpReward": 1620,
        "manaReward": 1560,
        "poolExpReward": 1,
        "scoreRewardGroup": 10040903
    },
    "100410001": {
        "name": "",
        "clearRewardId": 1,
        "sPlusRewardId": 1,
        "bRankTime": 465000,
        "aRankTime": 352500,
        "sRankTime": 240000,
        "sPlusRankTime": 150000,
        "rankPointReward": 186,
        "characterExpReward": 360,
        "manaReward": 840,
        "poolExpReward": 1,
        "scoreRewardGroup": 10041003
    },
    "100410002": {
        "name": "",
        "clearRewardId": 1,
        "sPlusRewardId": 1,
        "bRankTime": 588000,
        "aRankTime": 453000,
        "sRankTime": 318000,
        "sPlusRankTime": 210000,
        "rankPointReward": 357,
        "characterExpReward": 1240,
        "manaReward": 1200,
        "poolExpReward": 1,
        "scoreRewardGroup": 10041004
    },
    "100410003": {
        "name": "",
        "clearRewardId": 1,
        "sPlusRewardId": 1,
        "bRankTime": 1377000,
        "aRankTime": 1024500,
        "sRankTime": 672000,
        "sPlusRankTime": 390000,
        "rankPointReward": 223,
        "characterExpReward": 450,
        "manaReward": 960,
        "poolExpReward": 1,
        "scoreRewardGroup": 10041007
    },
    "100410004": {
        "name": "",
        "clearRewardId": 1,
        "sPlusRewardId": 1,
        "bRankTime": 1404000,
        "aRankTime": 1074000,
        "sRankTime": 744000,
        "sPlusRankTime": 480000,
        "rankPointReward": 468,
        "characterExpReward": 1620,
        "manaReward": 1560,
        "poolExpReward": 1,
        "scoreRewardGroup": 10041008
    },
    "100411001": {
        "name": "",
        "clearRewardId": 1,
        "sPlusRewardId": 1,
        "bRankTime": 702000,
        "aRankTime": 537000,
        "sRankTime": 372000,
        "sPlusRankTime": 240000,
        "rankPointReward": 223,
        "characterExpReward": 450,
        "manaReward": 960,
        "poolExpReward": 1,
        "scoreRewardGroup": 10041102
    },
    "100411002": {
        "name": "",
        "clearRewardId": 1,
        "sPlusRewardId": 1,
        "bRankTime": 684000,
        "aRankTime": 504000,
        "sRankTime": 324000,
        "sPlusRankTime": 180000,
        "rankPointReward": 468,
        "characterExpReward": 1620,
        "manaReward": 1560,
        "poolExpReward": 1,
        "scoreRewardGroup": 10041103
    },
    "100412001": {
        "name": "",
        "clearRewardId": 1,
        "sPlusRewardId": 1,
        "bRankTime": 474000,
        "aRankTime": 369000,
        "sRankTime": 264000,
        "sPlusRankTime": 180000,
        "rankPointReward": 186,
        "characterExpReward": 360,
        "manaReward": 840,
        "poolExpReward": 1,
        "scoreRewardGroup": 10041203
    },
    "100412002": {
        "name": "",
        "clearRewardId": 1,
        "sPlusRewardId": 1,
        "bRankTime": 579000,
        "aRankTime": 436500,
        "sRankTime": 294000,
        "sPlusRankTime": 180000,
        "rankPointReward": 357,
        "characterExpReward": 1240,
        "manaReward": 1200,
        "poolExpReward": 1,
        "scoreRewardGroup": 10041204
    },
    "100412003": {
        "name": "",
        "clearRewardId": 1,
        "sPlusRewardId": 1,
        "bRankTime": 1314000,
        "aRankTime": 909000,
        "sRankTime": 504000,
        "sPlusRankTime": 180000,
        "rankPointReward": 223,
        "characterExpReward": 450,
        "manaReward": 960,
        "poolExpReward": 1,
        "scoreRewardGroup": 10041208
    },
    "100412004": {
        "name": "",
        "clearRewardId": 1,
        "sPlusRewardId": 1,
        "bRankTime": 1314000,
        "aRankTime": 909000,
        "sRankTime": 504000,
        "sPlusRankTime": 180000,
        "rankPointReward": 468,
        "characterExpReward": 1620,
        "manaReward": 1560,
        "poolExpReward": 1,
        "scoreRewardGroup": 10041209
    },
    "100420001": {
        "name": "",
        "clearRewardId": 1,
        "sPlusRewardId": 1,
        "bRankTime": 684000,
        "aRankTime": 504000,
        "sRankTime": 324000,
        "sPlusRankTime": 180000,
        "rankPointReward": 223,
        "characterExpReward": 450,
        "manaReward": 960,
        "poolExpReward": 1,
        "scoreRewardGroup": 10042002
    },
    "100420002": {
        "name": "",
        "clearRewardId": 1,
        "sPlusRewardId": 1,
        "bRankTime": 684000,
        "aRankTime": 504000,
        "sRankTime": 324000,
        "sPlusRankTime": 180000,
        "rankPointReward": 468,
        "characterExpReward": 1620,
        "manaReward": 1560,
        "poolExpReward": 1,
        "scoreRewardGroup": 10042003
    },
    "100421001": {
        "name": "",
        "clearRewardId": 1,
        "sPlusRewardId": 1,
        "bRankTime": 474000,
        "aRankTime": 369000,
        "sRankTime": 264000,
        "sPlusRankTime": 180000,
        "rankPointReward": 186,
        "characterExpReward": 360,
        "manaReward": 840,
        "poolExpReward": 1,
        "scoreRewardGroup": 10040702
    },
    "100421002": {
        "name": "",
        "clearRewardId": 1,
        "sPlusRewardId": 1,
        "bRankTime": 579000,
        "aRankTime": 436500,
        "sRankTime": 294000,
        "sPlusRankTime": 180000,
        "rankPointReward": 357,
        "characterExpReward": 1240,
        "manaReward": 1200,
        "poolExpReward": 1,
        "scoreRewardGroup": 10040703
    },
    "100421003": {
        "name": "",
        "clearRewardId": 1,
        "sPlusRewardId": 1,
        "bRankTime": 1314000,
        "aRankTime": 909000,
        "sRankTime": 504000,
        "sPlusRankTime": 180000,
        "rankPointReward": 223,
        "characterExpReward": 450,
        "manaReward": 960,
        "poolExpReward": 1,
        "scoreRewardGroup": 10040707
    },
    "100421004": {
        "name": "",
        "clearRewardId": 1,
        "sPlusRewardId": 1,
        "bRankTime": 1314000,
        "aRankTime": 909000,
        "sRankTime": 504000,
        "sPlusRankTime": 180000,
        "rankPointReward": 468,
        "characterExpReward": 1620,
        "manaReward": 1560,
        "poolExpReward": 1,
        "scoreRewardGroup": 10040708
    },
    "100422001": {
        "name": "",
        "clearRewardId": 1,
        "sPlusRewardId": 1,
        "bRankTime": 474000,
        "aRankTime": 369000,
        "sRankTime": 264000,
        "sPlusRankTime": 180000,
        "rankPointReward": 186,
        "characterExpReward": 360,
        "manaReward": 840,
        "poolExpReward": 1,
        "scoreRewardGroup": 10042202
    },
    "100422002": {
        "name": "",
        "clearRewardId": 1,
        "sPlusRewardId": 1,
        "bRankTime": 615000,
        "aRankTime": 502500,
        "sRankTime": 390000,
        "sPlusRankTime": 300000,
        "rankPointReward": 357,
        "characterExpReward": 1240,
        "manaReward": 1200,
        "poolExpReward": 1,
        "scoreRewardGroup": 10042203
    },
    "100422003": {
        "name": "",
        "clearRewardId": 1,
        "sPlusRewardId": 1,
        "bRankTime": 1314000,
        "aRankTime": 909000,
        "sRankTime": 504000,
        "sPlusRankTime": 180000,
        "rankPointReward": 223,
        "characterExpReward": 450,
        "manaReward": 960,
        "poolExpReward": 1,
        "scoreRewardGroup": 10042207
    },
    "100422004": {
        "name": "",
        "clearRewardId": 1,
        "sPlusRewardId": 1,
        "bRankTime": 1341000,
        "aRankTime": 958500,
        "sRankTime": 576000,
        "sPlusRankTime": 270000,
        "rankPointReward": 468,
        "characterExpReward": 1620,
        "manaReward": 1560,
        "poolExpReward": 1,
        "scoreRewardGroup": 10042208
    },
    "100423001": {
        "name": "",
        "clearRewardId": 1,
        "sPlusRewardId": 1,
        "bRankTime": 684000,
        "aRankTime": 504000,
        "sRankTime": 324000,
        "sPlusRankTime": 180000,
        "rankPointReward": 223,
        "characterExpReward": 450,
        "manaReward": 960,
        "poolExpReward": 1,
        "scoreRewardGroup": 10042302
    },
    "100423002": {
        "name": "",
        "clearRewardId": 1,
        "sPlusRewardId": 1,
        "bRankTime": 684000,
        "aRankTime": 504000,
        "sRankTime": 324000,
        "sPlusRankTime": 180000,
        "rankPointReward": 468,
        "characterExpReward": 1620,
        "manaReward": 1560,
        "poolExpReward": 1,
        "scoreRewardGroup": 10042303
    },
    "100424001": {
        "name": "",
        "clearRewardId": 1,
        "sPlusRewardId": 1,
        "bRankTime": 1314000,
        "aRankTime": 909000,
        "sRankTime": 504000,
        "sPlusRankTime": 180000,
        "rankPointReward": 223,
        "characterExpReward": 450,
        "manaReward": 960,
        "poolExpReward": 1,
        "scoreRewardGroup": 10042407
    },
    "100424002": {
        "name": "",
        "clearRewardId": 1,
        "sPlusRewardId": 1,
        "bRankTime": 1341000,
        "aRankTime": 958500,
        "sRankTime": 576000,
        "sPlusRankTime": 270000,
        "rankPointReward": 468,
        "characterExpReward": 1620,
        "manaReward": 1560,
        "poolExpReward": 1,
        "scoreRewardGroup": 10042408
    },
    "500002001": {
        "name": "",
        "clearRewardId": 1,
        "sPlusRewardId": 1,
        "bRankTime": 1314000,
        "aRankTime": 909000,
        "sRankTime": 504000,
        "sPlusRankTime": 180000,
        "rankPointReward": 223,
        "characterExpReward": 450,
        "manaReward": 960,
        "poolExpReward": 1,
        "scoreRewardGroup": 11000044
    },
    "500002002": {
        "name": "",
        "clearRewardId": 1,
        "sPlusRewardId": 1,
        "bRankTime": 1341000,
        "aRankTime": 958500,
        "sRankTime": 576000,
        "sPlusRankTime": 270000,
        "rankPointReward": 468,
        "characterExpReward": 1620,
        "manaReward": 1560,
        "poolExpReward": 1,
        "scoreRewardGroup": 11000045
    },
    "500005001": {
        "name": "",
        "clearRewardId": 1,
        "sPlusRewardId": 1,
        "bRankTime": 1314000,
        "aRankTime": 909000,
        "sRankTime": 504000,
        "sPlusRankTime": 180000,
        "rankPointReward": 223,
        "characterExpReward": 450,
        "manaReward": 960,
        "poolExpReward": 1,
        "scoreRewardGroup": 11000070
    },
    "500005002": {
        "name": "",
        "clearRewardId": 1,
        "sPlusRewardId": 1,
        "bRankTime": 1341000,
        "aRankTime": 958500,
        "sRankTime": 576000,
        "sPlusRankTime": 270000,
        "rankPointReward": 468,
        "characterExpReward": 1620,
        "manaReward": 1560,
        "poolExpReward": 1,
        "scoreRewardGroup": 11000071
    },
    "500006001": {
        "name": "",
        "clearRewardId": 1,
        "sPlusRewardId": 1,
        "bRankTime": 702000,
        "aRankTime": 537000,
        "sRankTime": 372000,
        "sPlusRankTime": 240000,
        "rankPointReward": 223,
        "characterExpReward": 450,
        "manaReward": 960,
        "poolExpReward": 1,
        "scoreRewardGroup": 11000076
    },
    "500006002": {
        "name": "",
        "clearRewardId": 1,
        "sPlusRewardId": 1,
        "bRankTime": 684000,
        "aRankTime": 504000,
        "sRankTime": 324000,
        "sPlusRankTime": 180000,
        "rankPointReward": 468,
        "characterExpReward": 1620,
        "manaReward": 1560,
        "poolExpReward": 1,
        "scoreRewardGroup": 11000077
    },
    "500008001": {
        "name": "",
        "clearRewardId": 1,
        "sPlusRewardId": 1,
        "bRankTime": 684000,
        "aRankTime": 504000,
        "sRankTime": 324000,
        "sPlusRankTime": 180000,
        "rankPointReward": 223,
        "characterExpReward": 450,
        "manaReward": 960,
        "poolExpReward": 1,
        "scoreRewardGroup": 11000166
    },
    "500008002": {
        "name": "",
        "clearRewardId": 1,
        "sPlusRewardId": 1,
        "bRankTime": 684000,
        "aRankTime": 504000,
        "sRankTime": 324000,
        "sPlusRankTime": 180000,
        "rankPointReward": 468,
        "characterExpReward": 1620,
        "manaReward": 1560,
        "poolExpReward": 1,
        "scoreRewardGroup": 11000167
    },
    "500009001": {
        "name": "",
        "clearRewardId": 1,
        "sPlusRewardId": 1,
        "bRankTime": 702000,
        "aRankTime": 537000,
        "sRankTime": 372000,
        "sPlusRankTime": 240000,
        "rankPointReward": 223,
        "characterExpReward": 450,
        "manaReward": 960,
        "poolExpReward": 1,
        "scoreRewardGroup": 11000208
    },
    "500009002": {
        "name": "",
        "clearRewardId": 1,
        "sPlusRewardId": 1,
        "bRankTime": 702000,
        "aRankTime": 537000,
        "sRankTime": 372000,
        "sPlusRankTime": 240000,
        "rankPointReward": 468,
        "characterExpReward": 1620,
        "manaReward": 1560,
        "poolExpReward": 1,
        "scoreRewardGroup": 11000209
    },
    "500010001": {
        "name": "",
        "clearRewardId": 1,
        "sPlusRewardId": 1,
        "bRankTime": 684000,
        "aRankTime": 504000,
        "sRankTime": 324000,
        "sPlusRankTime": 180000,
        "rankPointReward": 223,
        "characterExpReward": 450,
        "manaReward": 960,
        "poolExpReward": 1,
        "scoreRewardGroup": 11000294
    },
    "500010002": {
        "name": "",
        "clearRewardId": 1,
        "sPlusRewardId": 1,
        "bRankTime": 684000,
        "aRankTime": 504000,
        "sRankTime": 324000,
        "sPlusRankTime": 180000,
        "rankPointReward": 468,
        "characterExpReward": 1620,
        "manaReward": 1560,
        "poolExpReward": 1,
        "scoreRewardGroup": 11000295
    }
}